# This file uses centimeters as units for non-parametric coordinates.

v 1.725676 24.580154 5.272303
v 1.457357 25.218622 4.586373
v 1.578024 25.123384 4.868178
v 1.758476 24.896963 5.237617
v 1.538698 25.781689 4.522313
v 1.647248 25.600157 4.756900
v 1.872483 25.198486 5.202942
v 1.734715 26.191441 4.407555
v 1.872234 25.978144 4.701444
v 2.137083 25.505829 5.225933
v 2.052517 26.485302 4.237843
v 2.238783 26.248398 4.643472
v 2.533067 25.723589 5.226253
v 2.421975 26.671007 4.047423
v 2.650985 26.419567 4.552389
v 2.963394 25.862434 5.171066
v 4.015330 26.549646 3.266891
v 4.245820 26.336632 3.769663
v 4.510668 25.864317 4.294152
v 4.989598 24.569618 2.873706
v 4.932256 25.107412 2.878263
v 5.106003 25.066690 3.101581
v 5.208186 24.965410 3.304617
v 5.261691 24.569563 3.250525
v 1.475975 24.630793 4.602680
v 1.737997 24.949146 5.175663
v 1.849767 25.251492 5.162436
v 2.114073 25.560305 5.185185
v 2.509774 25.779297 5.185203
v 2.939888 25.918982 5.129758
v 4.487659 25.918793 4.253404
v 5.186128 24.992195 3.262204
v 1.414940 25.088692 5.416437
v 1.614081 24.964914 5.338405
v 1.533339 25.589878 5.269130
v 1.762986 25.319674 5.280045
v 1.810122 26.014847 5.103749
v 2.053474 25.645096 5.308270
v 2.113432 26.323919 5.011811
v 2.477477 25.877642 5.308884
v 2.561702 26.596088 4.731967
v 2.937024 26.027279 5.249237
v 4.448098 26.529192 3.771470
v 4.591918 26.026140 4.313555
v 5.417493 25.125286 3.068466
v 5.370726 25.030905 3.230401
v 1.645206 24.589857 5.364841
v 1.670508 24.928381 5.327599
v 1.788953 25.257792 5.326490
v 2.080567 25.579826 5.356668
v 2.505513 25.809841 5.358778
v 2.965782 25.957834 5.300118
v 4.619550 25.960945 4.361748
v 5.357704 25.001190 3.279278
v 5.407455 24.569561 3.215641
v 1.693125 24.583797 5.325368
v 1.718720 24.908098 5.287847
v 1.830718 25.228138 5.264716
v 2.108825 25.542828 5.291301
v 2.519290 25.766716 5.292516
v 2.964588 25.910135 5.235592
v 4.565109 25.912632 4.327950
v 5.283403 24.983133 3.292783
v 5.334573 24.569561 3.233084
v 2.265502 22.864578 4.807246
v 2.163026 22.516356 4.358429
v 2.472516 23.477764 5.342770
v 4.307428 22.777407 4.131946
v 4.084679 22.465113 3.412881
v 4.493209 23.327702 4.612544
v 4.477202 23.267197 4.577324
v 2.456310 23.415943 5.307379
v 2.295109 22.881828 5.317295
v 2.417502 23.331909 5.439213
v 4.466451 22.706039 4.292532
v 4.579569 23.174883 4.661056
v 4.598880 23.247227 4.702649
v 2.436939 23.407158 5.482217
v 4.546044 23.287464 4.657597
v 2.454728 23.442461 5.412493
v 1.700398 24.590599 5.179782
v 1.611617 24.622257 4.975988
v 1.590009 24.595022 5.394854
v 1.420030 24.611341 5.522817
v 5.433578 24.565367 3.175208
v 5.508133 24.555347 3.072791
v 5.234111 24.569561 3.216549
v 5.170214 24.569561 3.106835
v 2.909960 26.775501 3.802126
v 3.167512 26.520298 4.372561
v 3.461091 26.011501 4.959235
v 3.484669 25.954700 5.000640
v 3.503910 26.005526 5.059320
v 3.523152 26.056355 5.118001
v 3.494039 26.126247 5.066886
v 3.150495 26.731527 4.448487
v 3.442397 26.745686 3.540829
v 3.702571 26.502144 4.115544
v 3.981906 26.018375 4.673877
v 4.005299 25.962276 4.715047
v 4.042461 26.013550 4.763717
v 4.079623 26.064821 4.812387
v 4.050853 26.133335 4.762185
v 3.776938 26.729626 4.128830
v 4.512908 26.136663 3.039690
v 4.678428 25.974609 3.388882
v 4.877434 25.649536 3.758487
v 4.900850 25.596846 3.799998
v 4.968700 25.638403 3.814950
v 5.033365 25.681719 3.825548
v 5.008635 25.740139 3.778047
v 4.934567 26.107613 3.400604
v 4.785459 25.624195 2.927869
v 4.951361 25.531746 3.191204
v 5.071849 25.361021 3.437403
v 5.090268 25.311594 3.485939
v 5.168187 25.344950 3.487169
v 5.238111 25.380648 3.480311
v 5.228233 25.435638 3.430861
v 5.224644 25.661163 3.171151
v 4.870102 23.436274 2.982645
v 5.034887 23.569214 3.412604
v 5.112545 23.756779 3.617325
v 5.128185 23.803274 3.658048
v 5.202665 23.777752 3.664341
v 5.277162 23.752245 3.670636
v 5.278671 23.703678 3.624820
v 5.290423 23.481167 3.428266
v 5.465716 23.985617 3.195356
v 5.403256 24.092766 3.324443
v 5.384990 24.119873 3.367106
v 5.310703 24.134356 3.375885
v 5.236608 24.148827 3.384988
v 5.214531 24.124575 3.347355
v 5.155731 24.044165 3.211584
v 4.988423 23.987753 2.899956
v 4.552542 22.875984 3.163992
v 4.741623 23.099085 3.760778
v 4.859462 23.439192 4.096666
v 4.872509 23.495680 4.137272
v 4.939515 23.460695 4.164117
v 5.006530 23.425732 4.190944
v 4.995802 23.362818 4.144152
v 4.941299 23.009762 3.838758
v 3.592741 22.281801 3.663604
v 3.815500 22.634905 4.408166
v 4.009270 23.194937 4.916013
v 4.025510 23.256966 4.951441
v 4.062300 23.214714 5.008462
v 4.099091 23.172462 5.065483
v 4.079076 23.096844 5.022397
v 3.945015 22.587238 4.689941
v 3.016733 22.232012 3.949903
v 3.210590 22.605663 4.636721
v 3.416392 23.200899 5.175897
v 3.432780 23.263802 5.211506
v 3.449145 23.222029 5.277660
v 3.465510 23.180256 5.343814
v 3.445257 23.102846 5.299840
v 3.329940 22.582209 5.019931
v 2.578726 22.311024 4.162455
v 2.730106 22.680990 4.743258
v 2.933725 23.269840 5.276747
v 2.950081 23.332567 5.312311
v 2.949746 23.293123 5.381923
v 2.949411 23.253681 5.451535
v 2.929404 23.176598 5.407688
v 2.801478 22.671394 5.181354
v 1.843100 22.869520 4.500647
v 1.935709 23.170170 4.903414
v 2.098811 23.639515 5.331532
v 2.114915 23.699394 5.367214
v 2.078688 23.670834 5.432336
v 2.042461 23.642267 5.497458
v 2.023735 23.571018 5.455608
v 1.890722 23.212997 5.467700
v 1.632747 23.448879 4.578843
v 1.752745 23.649193 5.013080
v 1.865786 23.948738 5.313633
v 1.885267 23.999153 5.361502
v 1.829059 23.982231 5.413790
v 1.772852 23.965313 5.466079
v 1.730072 23.902134 5.487561
v 1.623652 23.706539 5.545773
v 1.486056 24.150621 5.566769
v 1.614750 24.233585 5.455091
v 1.668758 24.264839 5.417418
v 1.722770 24.271515 5.373295
v 1.767607 24.279255 5.321866
v 1.741351 24.258030 5.244652
v 1.650590 24.129751 5.028312
v 1.521233 24.036840 4.607908
v 11.094067 14.686000 1.917111
v 11.022907 14.580984 1.984355
v 10.952117 14.473314 1.965629
v 10.899185 14.381323 1.890194
v 10.879773 14.340176 1.754017
v 10.945926 14.313068 1.633462
v 11.045228 14.339460 1.538138
v 11.150311 14.380238 1.562532
v 11.237206 14.472082 1.593653
v 11.274035 14.579899 1.656693
v 11.259522 14.685285 1.701229
v 11.193371 14.712392 1.821785
v 11.148166 14.435575 1.788056
v 11.062092 14.336574 1.722416
v 11.203502 14.564779 1.830041
v 10.725442 15.076428 1.657791
v 10.838942 15.106593 1.548838
v 10.914193 15.075612 1.411515
v 10.913445 14.991862 1.305563
v 10.868076 14.877650 1.218694
v 10.772036 14.763657 1.197940
v 10.669265 14.680348 1.225105
v 10.556123 14.650183 1.333593
v 10.480513 14.681165 1.471381
v 10.463055 14.764993 1.601089
v 10.508423 14.879206 1.687959
v 10.604465 14.993198 1.708713
v 10.314903 15.287493 1.465151
v 10.218863 15.173500 1.444395
v 10.173493 15.059288 1.357527
v 10.180977 14.975503 1.240835
v 10.256586 14.944520 1.103045
v 10.370086 14.974685 0.994093
v 10.502812 15.054987 0.950252
v 10.638859 15.164168 0.981527
v 10.717566 15.282483 1.063518
v 10.699949 15.374021 1.187376
v 10.586267 15.403177 1.322083
v 10.643700 15.156752 1.594875
v 10.757200 15.186916 1.485924
v 10.832808 15.155934 1.348133
v 10.848460 15.072113 1.220783
v 10.803091 14.957901 1.133915
v 10.707050 14.843908 1.113161
v 10.587880 14.760671 1.161723
v 10.474380 14.730506 1.270677
v 10.398771 14.761488 1.408467
v 10.391287 14.845273 1.525159
v 10.436657 14.959486 1.612027
v 10.532697 15.073479 1.632781
v 10.809076 14.994246 1.722163
v 10.922576 15.024410 1.613210
v 10.998185 14.993427 1.475419
v 11.014144 14.909606 1.347670
v 10.968775 14.795394 1.260802
v 10.872734 14.681400 1.240048
v 10.753257 14.598165 1.289010
v 10.639756 14.568000 1.397963
v 10.564148 14.598982 1.535753
v 10.556664 14.682767 1.652445
v 10.602033 14.796979 1.739313
v 10.698073 14.910973 1.760067
v 10.551965 15.246894 1.524269
v 10.440962 15.163621 1.562176
v 10.344922 15.049628 1.541421
v 10.299553 14.935416 1.454553
v 10.307036 14.851631 1.337862
v 10.382647 14.820648 1.200071
v 10.496145 14.850813 1.091118
v 10.617124 14.934043 1.040196
v 10.719390 15.048334 1.061456
v 10.779908 15.163273 1.149549
v 10.761686 15.247065 1.279195
v 10.669976 15.277275 1.415680
v 10.924608 14.880719 1.811084
v 11.038108 14.910884 1.702131
v 11.113717 14.879901 1.564342
v 11.131176 14.796073 1.434635
v 11.085807 14.681861 1.347766
v 10.989766 14.567867 1.327010
v 10.868788 14.484638 1.377932
v 10.755288 14.454473 1.486886
v 10.679679 14.485456 1.624676
v 10.690484 14.569161 1.717504
v 10.735853 14.683373 1.804374
v 10.831894 14.797367 1.825129
v 10.126778 15.473331 1.321548
v 10.012154 15.363584 1.305355
v 9.962426 15.212499 1.201815
v 9.981835 15.112218 1.099506
v 10.080201 15.056998 0.986501
v 10.255719 15.062914 0.884804
v 10.437652 15.141930 0.840914
v 10.603225 15.280129 0.864241
v 10.712039 15.371615 1.001267
v 10.714575 15.479681 1.119851
v 10.541578 15.510110 1.180929
v 10.034026 15.652777 1.211171
v 9.832630 15.563692 1.165980
v 9.750318 15.373150 1.055078
v 9.771515 15.236591 0.937075
v 9.946305 15.153485 0.807539
v 10.196167 15.116546 0.704598
v 10.384992 15.202544 0.674314
v 10.644382 15.387288 0.709908
v 10.752383 15.453184 0.953555
v 10.754992 15.539901 1.087199
v 10.557139 15.593740 1.111598
v 11.030727 14.776441 1.892762
v 11.144228 14.806605 1.783810
v 11.219837 14.775622 1.646020
v 11.237296 14.691794 1.516313
v 11.191927 14.577582 1.429444
v 11.095886 14.463589 1.408690
v 10.974908 14.380360 1.459610
v 10.861409 14.350195 1.568564
v 10.785799 14.381177 1.706354
v 10.796603 14.464883 1.799184
v 10.841973 14.579096 1.886052
v 10.938013 14.693089 1.906806
v 11.422681 15.746132 1.008436
v 11.437498 16.132698 0.934190
v 11.419632 16.019371 -1.063893
v 10.820932 16.133423 -0.997220
v 10.822650 16.166380 0.916011
v 10.932937 15.666179 0.990635
v 10.043185 16.159727 0.742116
v 10.853269 15.578638 -0.075414
v 11.505882 15.735317 -0.140299
v 11.510208 16.178925 -0.173044
v 10.847341 16.247601 -0.147337
v 10.839560 16.249130 0.450232
v 11.492905 16.169594 0.496036
v 11.507380 15.738821 0.457478
v 10.846219 15.537416 0.460123
v 10.066954 15.325752 0.250760
v 10.845603 15.518822 -0.581222
v 11.453197 15.680977 -0.679480
v 11.476130 16.099344 -0.712733
v 10.849649 16.189095 -0.634986
v 10.826324 16.229412 0.716015
v 11.466475 16.170378 0.772326
v 11.466037 15.604770 0.754521
v 10.939597 15.572351 0.848568
v 10.833562 15.517414 -0.808258
v 11.441740 15.628090 -0.904955
v 11.445297 16.055515 -0.909693
v 9.963410 15.935384 0.985956
v 10.843607 15.853395 1.049773
v 11.430618 15.891738 1.054019
v 11.554445 15.929514 0.460249
v 11.537735 15.926198 -0.193683
v 11.488632 15.898251 -0.694895
v 11.398340 15.840222 -1.129055
v 10.809954 15.862020 -1.099226
v 10.845444 15.561687 0.178335
v 11.524063 15.626890 0.154255
v 11.526258 16.257307 0.150136
v 11.494736 16.169336 -0.430323
v 11.484634 15.627754 -0.428834
v 10.846620 15.538049 -0.345362
v 11.254444 15.838190 -1.126331
v 11.264551 16.060434 -1.059639
v 11.285872 16.131363 -0.903086
v 11.304386 16.135361 -0.680646
v 11.323337 16.222513 -0.416071
v 11.381413 16.199057 -0.025938
v 11.374527 16.280453 0.150351
v 11.359974 16.189739 0.483035
v 11.321448 16.206589 0.764195
v 11.300949 16.151817 0.937465
v 11.293918 15.893293 1.062061
v 11.302146 15.727956 1.006005
v 11.335242 15.587053 0.732994
v 11.369335 15.660071 0.440732
v 11.387188 15.606224 0.165243
v 11.369978 15.676937 -0.109345
v 11.331206 15.581903 -0.407945
v 11.325354 15.596416 -0.650609
v 11.286863 15.589090 -0.875356
v 11.126417 15.844782 -1.111217
v 11.123389 16.090343 -1.033594
v 11.133611 16.155828 -0.656415
v 11.131219 16.226488 -0.407689
v 11.124121 16.272831 0.148786
v 11.139476 16.223383 0.476873
v 11.132532 16.213022 0.751734
v 11.118310 16.144064 0.944950
v 11.113046 15.883003 1.045581
v 11.116708 15.723331 0.992968
v 11.142791 15.589572 0.716818
v 11.158562 15.646363 0.432046
v 11.159325 15.593970 0.171679
v 11.161777 15.655568 -0.092565
v 11.151773 15.549946 -0.382384
v 11.154369 15.586285 -0.622326
v 11.148664 15.597067 -0.851066
v 9.562940 15.681449 -0.866041
v 9.529987 15.630544 -0.757510
v 9.654928 15.506282 -0.549365
v 9.666451 15.524735 -0.346603
v 9.670042 15.508615 -0.148790
v 9.684341 15.467052 0.162834
v 9.785869 15.339223 0.358066
v 9.393572 15.507030 0.390357
v 9.586773 15.822035 0.856877
v 9.643882 16.127155 0.612007
v 9.643300 16.195923 0.328290
v 9.652570 16.258228 -0.116866
v 9.656425 16.249811 -0.354560
v 9.643093 16.207319 -0.627645
v 9.685064 16.136444 -0.835901
v 9.542001 15.885784 -0.918258
v 10.518639 15.585573 -0.953287
v 10.502595 15.867239 -1.088962
v 10.492845 16.156258 -0.976732
v 10.617629 16.253794 0.423395
v 10.471284 16.219822 0.665790
v 10.419983 16.172647 0.839758
v 10.380408 15.922965 1.040860
v 10.327874 15.369062 0.282930
v 10.557670 15.508359 0.154353
v 10.555947 15.529634 -0.081413
v 10.540969 15.503657 -0.320149
v 10.537718 15.472395 -0.551660
v 10.527188 15.483783 -0.779062
v 10.834701 15.509861 0.917521
v 10.827667 15.600853 1.040432
v 10.621198 15.696419 1.061928
v 9.978701 15.796678 1.089125
v 9.711740 15.699262 1.017193
v 9.600857 15.504423 0.875484
v 9.638913 15.356114 0.738668
v 9.874801 15.242938 0.585219
v 10.144047 15.194367 0.463221
v 10.355818 15.272616 0.483882
v 10.704165 15.444014 0.618059
v 9.890819 16.247549 0.338854
v 9.904203 16.267094 -0.334031
v 9.449196 15.557693 -0.586052
v 9.447506 15.508600 -0.342562
v 9.448464 15.498521 -0.134862
v 9.457961 15.472502 0.098869
v 9.402081 15.716560 -0.717605
v 9.395536 15.873113 -0.766809
v 9.415520 16.026361 -0.698127
v 9.446213 16.167065 -0.569390
v 9.445160 16.239416 -0.362614
v 9.443757 16.260778 -0.129722
v 9.438544 16.235571 0.081630
v 9.428866 16.168716 0.311580
v 9.429028 16.072437 0.500106
v 9.385825 15.904226 0.587838
v 9.370447 15.661176 0.518255
v 9.681704 15.561152 -0.746249
v 9.678668 15.657017 -0.898585
v 9.673580 15.880850 -0.987248
v 9.738482 16.091682 -0.930677
v 9.522406 15.428119 0.560905
v 9.488587 15.594340 0.706901
v 9.889249 16.210463 0.533304
v 11.568336 15.897851 0.499285
v 11.552912 16.117973 0.633927
v 11.533512 16.154249 0.769644
v 11.486622 15.895986 1.041156
v 11.513879 16.109962 0.913717
v 11.530864 15.622945 0.769784
v 11.493787 15.759124 1.004638
v 11.550838 15.660117 0.634376
v 11.553025 15.979640 0.435692
v 11.570899 16.250443 0.148536
v 11.564305 16.211639 0.318718
v 11.570539 15.692713 0.148081
v 11.563517 15.730962 0.291764
v 11.576290 15.731485 0.004490
v 11.578572 15.980687 -0.138855
v 11.577503 16.212170 0.004841
v 11.531882 16.142017 -0.442097
v 11.512391 15.918624 -0.678576
v 11.527556 16.110033 -0.560490
v 11.520654 15.713610 -0.559889
v 11.526284 15.682098 -0.441428
v 11.532987 15.919597 -0.204900
v 11.537081 16.110491 -0.323620
v 11.530951 15.714095 -0.323050
v 11.493768 15.845073 -0.718439
v 11.483816 16.027309 -0.910880
v 11.495493 16.001333 -0.814474
v 11.443870 15.844884 -1.103665
v 11.472635 16.001245 -1.007321
v 11.470585 15.650765 -0.911186
v 11.482823 15.676832 -0.814862
v 11.457873 15.676738 -1.007474
v 11.557325 16.123705 0.397293
v 11.538045 16.072388 0.477610
v 11.564473 16.034790 0.535170
v 11.557106 15.835984 0.397036
v 11.530350 15.810089 0.462105
v 11.564555 15.760739 0.535366
v 11.579231 15.836891 -0.100536
v 11.526283 15.829204 -0.167362
v 11.533404 15.801025 -0.236474
v 11.578848 16.124578 -0.100303
v 11.536108 16.048738 -0.187330
v 11.535684 16.038261 -0.236813
v 11.515659 16.209707 0.355999
v 11.502618 16.167131 0.613876
v 11.342512 16.212933 0.609183
v 11.141426 16.243914 0.598002
v 11.131245 16.249813 0.350598
v 11.369346 16.222246 0.350406
v 11.548824 16.083204 0.436655
v 11.551258 15.943498 0.447477
v 11.553354 15.831359 0.420209
v 11.548138 16.055265 0.507081
v 11.558265 15.918263 0.478440
v 11.541511 15.789960 0.501191
v 11.327885 16.197298 -0.281988
v 11.519426 16.200542 -0.044120
v 11.554590 16.090891 -0.142632
v 11.557986 15.951645 -0.167163
v 11.548335 15.831801 -0.134208
v 11.529526 15.729971 -0.053128
v 11.509165 16.157658 -0.283025
v 11.531516 16.043625 -0.221912
v 11.536614 15.921239 -0.189292
v 11.525522 15.811594 -0.190388
v 11.503202 15.711277 -0.234456
v 11.515568 15.800183 -0.646692
v 11.472980 15.783529 -0.680637
v 11.491308 15.747953 -0.744311
v 11.518517 16.037445 -0.647057
v 11.484341 15.993814 -0.704871
v 11.496978 15.942198 -0.744098
v 11.485747 16.124950 -0.599037
v 11.310434 16.156199 -0.568597
v 11.124200 16.180868 -0.552332
v 11.466957 16.075720 -0.779932
v 11.480328 15.670338 -0.586435
v 11.493958 15.791887 -0.664326
v 11.501214 15.908493 -0.687128
v 11.502207 16.015667 -0.676445
v 11.493655 15.964576 -0.725143
v 11.493375 15.869509 -0.706647
v 11.479148 15.771373 -0.707436
v 11.462581 15.671714 -0.774694
v 11.502561 15.659362 0.570592
v 11.513879 15.692253 0.356532
v 11.448095 15.747790 -1.077927
v 11.389874 15.733805 -1.111327
v 11.260131 15.730809 -1.112997
v 11.123200 15.726449 -1.095687
v 10.807069 15.721272 -1.073274
v 10.512049 15.712246 -1.052405
v 9.680953 15.762501 -0.960477
v 9.542308 15.766397 -0.902686
v 9.595933 16.016562 -0.883002
v 9.695110 16.003023 -0.969398
v 10.498374 16.016998 -1.070853
v 10.812437 16.009583 -1.084191
v 11.123642 15.976814 -1.105403
v 11.254848 15.949611 -1.121695
v 11.410421 15.944091 -1.118816
v 11.455576 15.942041 -1.077915
v 9.476695 15.744793 -0.812148
v 9.470699 15.885375 -0.837565
v 9.528456 16.036394 -0.764290
v 3.479087 30.218662 -1.187887
v 2.948796 30.481133 -2.087786
v 2.536856 31.575598 -1.841194
v 2.840007 31.573563 -1.157552
v 2.222296 30.598705 -2.795236
v 2.005660 31.576633 -2.411692
v 1.330449 30.480442 -3.303179
v 1.294911 31.576479 -2.803389
v -0.000000 30.115747 -3.653238
v 0.436799 31.576582 -2.974622
v -0.000000 30.124271 3.458172
v 0.728176 31.573227 2.128973
v 0.343032 31.578169 2.203208
v 1.381996 30.377224 3.058372
v 2.255254 30.578991 2.461820
v 2.023085 31.584332 1.632460
v 1.368487 31.582178 2.006397
v 2.942437 30.526688 1.742095
v 2.514102 31.580553 1.062529
v 3.457852 30.276825 0.920610
v 2.826069 31.575642 0.358178
v 3.672467 30.217159 -0.121126
v 2.951750 31.572830 -0.398765
v 2.221386 32.155231 -1.668908
v 2.476016 32.155495 -1.127713
v 1.785552 32.154716 -2.120357
v 1.186401 32.154514 -2.449868
v 0.565919 32.155239 -2.581495
v 0.750701 32.145584 1.475655
v 0.482775 32.147526 1.543519
v 1.791236 32.150208 1.040669
v 1.242648 32.146027 1.361074
v 2.186934 32.153782 0.599190
v 2.442018 32.155434 0.061261
v 2.551861 32.155693 -0.528803
v 1.950297 32.555462 -1.535073
v 2.169559 32.557743 -1.096178
v 1.572666 32.552776 -1.896849
v 1.112664 32.552910 -2.135807
v 0.646407 32.556980 -2.221102
v 0.783820 32.551403 0.951046
v 0.592888 32.555878 0.992937
v 1.609990 32.548103 0.596164
v 1.152482 32.546822 0.849844
v 1.938834 32.552238 0.255387
v 2.140554 32.556221 -0.156997
v 2.230499 32.558205 -0.619026
v 1.672377 32.907749 -1.337320
v 1.812107 32.914696 -1.055031
v 1.426012 32.903858 -1.574527
v 1.074186 32.918980 -1.751408
v 0.723038 32.938202 -1.798297
v 0.843276 32.929779 0.361434
v 0.702156 32.940395 0.377144
v 1.465079 32.883884 0.131999
v 1.122795 32.901234 0.297979
v 1.679654 32.892097 -0.087804
v 1.802240 32.908436 -0.351219
v 1.863112 32.916939 -0.698533
v 1.586526 33.015045 -1.268096
v 1.665211 33.052444 -1.037758
v 1.371327 33.100578 -1.347144
v 1.073170 33.223072 -1.386894
v 1.405841 33.058079 -0.134802
v 1.129385 33.151894 -0.130025
v 1.609371 32.981781 -0.182256
v 1.675035 33.032513 -0.417433
v 1.704250 33.063332 -0.729622
v 0.846625 33.599911 -0.855651
v 0.707741 17.542572 -0.831627
v 0.374716 17.528690 -1.015238
v -0.000000 17.521397 -1.076411
v -0.000000 17.425884 0.926539
v 1.034625 17.483829 0.318701
v 0.669046 18.268106 -0.800202
v 0.359243 18.295925 -0.999779
v -0.000000 18.305872 -1.071242
v -0.000000 18.042450 0.929914
v 0.202618 18.042063 0.897146
v 0.807093 18.089846 0.537131
v 0.928928 18.114141 0.354855
v 0.698610 18.418356 -0.840386
v 0.374453 18.436737 -1.042116
v -0.000000 18.442768 -1.115034
v 0.217457 18.113272 1.032252
v 0.858075 18.211403 0.597085
v 0.967825 18.246071 0.417791
v 2.007339 18.600697 -0.242603
v 1.735061 18.674229 -0.723863
v 1.393535 18.753933 -1.132898
v 1.004699 18.799461 -1.408847
v -0.000000 18.815989 -1.604871
v -0.000000 18.345503 2.605247
v 1.324787 18.385914 2.175765
v 1.816037 18.424051 1.577766
v 2.076038 18.460566 0.943640
v 2.125535 18.526922 0.325336
v 2.517082 18.831606 -0.340063
v 2.185169 18.909294 -0.939385
v 1.740790 18.982523 -1.423236
v 1.218324 19.031521 -1.765463
v -0.000000 19.078136 -2.032086
v -0.000000 18.538218 3.135687
v 2.457825 18.692636 1.858949
v 2.677178 18.705389 1.088188
v 2.694376 18.753428 0.341505
v 3.162242 19.166109 -0.500046
v 2.727867 19.250154 -1.229021
v 2.148206 19.329468 -1.813520
v 1.485696 19.380821 -2.229054
v -0.000000 19.444599 -2.552031
v -0.000000 19.192711 4.269739
v 3.402089 19.078516 1.178879
v 3.378771 19.104820 0.311280
v -0.000000 19.645607 4.796084
v 2.954881 19.145182 2.831562
v -0.000000 19.946598 -3.156677
v 3.074813 20.407541 4.514044
v 5.545973 22.181957 -1.123394
v 4.774466 22.216492 -2.384809
v -0.000000 22.103729 5.993507
v 1.544003 22.092520 5.797384
v 3.404475 21.848389 5.085312
v 4.854540 22.207279 3.950076
v 5.925159 22.115166 1.309489
v 5.884865 22.132856 0.064781
v -0.000000 22.612288 6.020802
v 1.756175 23.097851 5.600864
v 3.369422 22.381153 5.069604
v 5.060872 22.890615 3.733770
v 5.822405 23.002159 -1.232949
v 5.009210 23.019958 -2.559383
v 3.928133 23.034168 -3.592832
v 2.676095 23.039204 -4.300245
v -0.000000 23.042831 -4.837218
v -0.000000 23.249941 6.057225
v 5.373439 23.364569 3.335767
v 6.228044 22.953472 1.174717
v 6.164104 22.970659 -0.058847
v 6.002480 24.568975 -1.403726
v 5.173428 24.567671 -2.754946
v 4.064634 24.567072 -3.813409
v 2.767051 24.566765 -4.542137
v -0.000000 24.566162 -5.097816
v -0.000000 24.571135 6.036151
v 1.265126 24.608696 5.673961
v 5.608059 24.569574 2.968009
v 6.438930 24.571606 0.879545
v 6.345493 24.569695 -0.291286
v 5.817711 26.302704 -1.433916
v 5.038998 26.286558 -2.764261
v 3.944618 26.270947 -3.805361
v 2.674239 26.246641 -4.512375
v -0.000000 26.236221 -5.052207
v -0.000000 25.971909 5.671673
v 1.393173 25.735754 5.475362
v 5.355899 25.751377 3.112015
v 6.171349 26.318960 0.831692
v 6.131996 26.318237 -0.325258
v 5.575942 27.212322 -1.404505
v 4.839862 27.191601 -2.703146
v 3.772932 27.169226 -3.711860
v 2.563112 27.129992 -4.388671
v -0.000000 27.102560 -4.911901
v -0.000000 26.716715 5.391654
v 1.620566 26.239061 5.388558
v 3.133782 27.116402 4.725733
v 5.032194 26.330980 3.399927
v 5.861402 27.223850 0.881352
v 5.865381 27.233976 -0.281731
v 5.200827 28.222393 -1.361513
v 4.517502 28.196129 -2.598085
v 3.502693 28.168015 -3.548158
v 2.404126 28.106224 -4.178539
v -0.000000 28.037666 -4.692895
v -0.000000 28.073269 4.810404
v 4.767369 27.658409 3.105338
v 5.371834 28.236229 1.003183
v 5.441626 28.255625 -0.196395
v 4.111349 30.318773 -1.304709
v 3.515572 30.318867 -2.306467
v 2.758238 30.302607 -2.988326
v 2.031779 30.289356 -3.414618
v -0.000000 29.910801 -4.069749
v -0.000000 29.903219 3.757224
v 2.124483 30.335205 3.126330
v 2.810019 30.313871 2.697496
v 3.524659 30.320784 2.058135
v 4.119915 30.319908 1.023194
v 4.321308 30.319174 -0.142257
v 3.329171 31.571285 -1.259759
v 2.885933 31.568968 -2.046557
v 2.337566 31.570665 -2.562748
v 1.813996 31.572134 -2.881561
v 0.481017 31.574110 -3.321442
v 0.364109 31.576511 2.472976
v 1.832455 31.585402 2.087345
v 2.311118 31.586178 1.751830
v 2.817143 31.582731 1.280331
v 3.276865 31.580610 0.527736
v 3.463133 31.575026 -0.350936
v 2.910958 32.157875 -1.239522
v 2.561234 32.156067 -1.887690
v 2.115030 32.155422 -2.310587
v 1.683479 32.155190 -2.575512
v 0.605003 32.155521 -2.935285
v 0.508315 32.150532 1.812014
v 1.688764 32.157459 1.496959
v 2.074236 32.160721 1.216480
v 2.475687 32.161564 0.827969
v 2.841810 32.162441 0.220838
v 3.001110 32.160740 -0.494052
v 2.565232 32.570290 -1.217812
v 2.292839 32.563232 -1.747117
v 1.930065 32.558929 -2.090904
v 1.576723 32.557186 -2.306530
v 0.682689 32.560879 -2.591033
v 0.619350 32.569786 1.245932
v 1.573882 32.569290 0.987162
v 1.890517 32.571075 0.763698
v 2.212353 32.572994 0.450612
v 2.497897 32.575527 -0.040782
v 2.634160 32.574856 -0.618799
v 2.136285 32.978367 -1.177114
v 1.977238 32.960495 -1.546387
v 1.718737 32.950912 -1.810508
v 1.456853 32.950623 -1.970961
v 0.762852 32.980682 -2.134574
v 0.738340 33.003765 0.570153
v 1.459492 32.948391 0.426409
v 1.703726 32.943367 0.272799
v 1.934623 32.952393 0.042306
v 2.100607 32.974789 -0.308878
v 2.180345 32.984863 -0.736983
v 1.850659 33.228783 -1.141643
v 1.786750 33.184235 -1.406728
v 1.543237 33.289268 -1.465504
v 1.563927 33.225666 -0.124003
v 1.790041 33.139683 -0.164415
v 1.838824 33.214558 -0.455318
v 1.872187 33.243599 -0.797597
v 0.931565 33.820843 -0.864994
v 0.864882 18.525810 -0.893759
v 0.514046 18.599396 -1.177101
v -0.000000 18.604696 -1.269256
v -0.000000 18.124382 1.431082
v 0.271119 18.132931 1.393389
v 1.064862 18.217564 0.858353
v 1.994807 10.623068 -0.192051
v 1.696955 10.621921 -0.609788
v 1.232910 10.621346 -0.941584
v 0.647366 10.617426 -1.159631
v -0.000000 10.437053 -1.262514
v 0.637606 10.612425 1.981792
v 1.195840 10.612349 1.678805
v 1.663813 10.618104 1.204816
v 1.991485 10.612608 0.726637
v 2.095005 10.614931 0.269863
v 2.316975 15.342122 -1.174701
v 1.050895 15.215359 -1.315768
v 0.427693 15.201781 -1.272470
v -0.000000 15.197258 -1.196762
v -0.000000 14.967402 2.142218
v 0.741805 14.931018 2.156885
v 1.410997 14.960661 1.959960
v 1.934832 15.016905 1.540401
v 1.324463 9.010549 0.955403
v 1.678950 9.181617 -1.059194
v 0.579778 9.958400 1.853930
v 0.657975 10.100048 -1.409521
v 0.352640 8.549150 -0.649729
v 0.471990 8.582374 0.709751
v 1.954946 10.053585 0.646501
v 1.994660 10.093679 -0.369980
v -0.000000 10.100411 -1.344379
v 0.373223 8.525674 -0.061046
v 2.066233 10.061180 0.174723
v 0.658635 8.726495 0.991027
v 1.543617 10.008143 1.162686
v 1.713333 10.101207 -0.875452
v 0.531544 8.473326 -1.061637
v 1.081655 9.956614 1.624359
v 1.066931 8.821402 0.999332
v 1.166190 8.711510 -1.277822
v 1.239990 10.100276 -1.218065
v 1.670921 9.266088 0.815644
v 1.922529 9.481491 0.560665
v 2.020242 9.604150 0.086750
v 2.005866 9.675749 -0.459731
v 1.716134 9.660358 -1.011225
v 1.224123 9.659047 -1.346376
v 0.676799 9.659807 -1.514068
v 1.813339 16.698214 -0.996522
v -0.000000 16.477154 1.399221
v -0.000000 16.697445 -1.235904
v 1.202013 17.139627 0.382465
v 1.201790 16.286497 -1.342454
v -0.000000 16.206053 -1.284093
v 1.046214 16.650387 1.033220
v 1.968297 16.799299 0.233811
v 1.191455 16.817829 -1.043756
v 2.314981 16.250359 -1.200196
v 0.492317 16.233715 -1.299283
v 0.507521 16.744606 -1.160568
v 0.647453 16.474659 1.324897
v -0.000000 8.798536 -1.033456
v -0.000000 8.689769 -0.605700
v -0.000000 8.583012 -0.029906
v -0.000000 8.578029 0.696727
v -0.000000 9.659967 -1.395609
v 0.802491 17.202684 -0.910636
v 0.418397 17.153961 -1.089377
v -0.000000 17.131229 -1.142902
v 0.984599 16.718304 0.855993
v -0.000000 16.635923 1.229173
v 1.598331 16.920454 0.178747
v -0.000000 13.030315 -1.032042
v -0.000000 13.363666 2.127521
v 0.672518 13.362968 2.087195
v 1.302635 13.362382 1.873900
v 1.800557 13.361773 1.484221
v 2.071293 13.363316 1.039458
v 2.130644 13.366292 0.571283
v 2.136937 13.880956 0.573097
v 2.123875 13.855160 1.078618
v 1.855176 13.842394 1.519310
v 1.347344 13.836877 1.901904
v 0.701827 13.829700 2.097865
v -0.000000 13.839509 2.106306
v 1.984610 12.265231 0.009855
v 1.731906 12.276483 -0.418064
v 1.340416 12.296234 -0.800394
v -0.000000 12.202910 -1.042680
v -0.000000 12.247559 2.150199
v 0.636784 12.246280 2.091075
v 1.230101 12.246033 1.842983
v 1.704341 12.247845 1.422414
v 1.990860 12.251266 0.966002
v 2.077930 12.257158 0.489991
v 0.360083 8.525054 -0.368161
v -0.000000 8.579934 -0.336086
v 0.406432 8.548938 0.275163
v 1.801835 2.125592 -0.181042
v 1.711373 2.043137 -0.343868
v 1.536418 2.064107 -0.465819
v 1.346217 2.082454 -0.510415
v 1.151551 2.100052 -0.472485
v 0.989254 2.131706 -0.355509
v 0.889337 2.161351 -0.184868
v 0.853233 2.159392 -0.001875
v 0.886176 2.151824 0.180797
v 0.995183 2.149314 0.355177
v 1.155758 2.160937 0.466831
v 1.340692 2.148686 0.504071
v 1.525169 2.155335 0.466507
v 1.682064 2.131371 0.357411
v 1.790470 2.178217 0.186795
v 1.828516 2.183046 -0.000110
v 1.912481 5.368000 -0.194968
v 1.778284 5.368000 -0.404823
v 1.577444 5.368000 -0.475692
v 1.340538 5.368000 -0.513128
v 1.103631 5.368000 -0.475692
v 0.902791 5.368000 -0.404823
v 0.768595 5.368000 -0.194968
v 0.721471 5.368000 0.083216
v 0.768595 5.368000 0.361400
v 0.902791 5.368000 0.597233
v 1.103631 5.368000 0.754811
v 1.340537 5.368000 0.810145
v 1.577444 5.368000 0.754811
v 1.778284 5.368000 0.597233
v 1.912480 5.368000 0.361400
v 1.959604 5.368000 0.083216
v 2.025894 8.386880 -0.330540
v 1.859603 8.369783 -0.615126
v 1.605772 8.327617 -0.808052
v 1.232218 8.285215 -0.869471
v 0.966684 8.289676 -0.798462
v 0.788951 8.343249 -0.637498
v 0.638852 8.387183 -0.346418
v 0.576034 8.378073 -0.023673
v 0.638852 8.388004 0.336045
v 0.744391 8.387605 0.678870
v 1.029250 8.387605 0.933044
v 1.315339 8.387605 1.011260
v 1.589683 8.387605 0.932688
v 1.846127 8.387605 0.730754
v 2.025893 8.387605 0.348998
v 2.078602 8.387605 0.000783
v 0.828956 8.694706 0.926250
v 1.583147 9.429555 0.935082
v 1.239305 9.094378 1.012074
v 0.983908 8.901430 1.031908
v 0.593121 8.437284 -0.712696
v 0.535289 8.466766 -0.388548
v 0.550130 8.487306 0.267639
v 0.528872 8.461032 -0.058166
v 0.614672 8.559263 0.691415
v 2.035662 9.177990 -0.471087
v 2.039238 9.014084 0.031540
v 1.966217 8.935732 0.442213
v 1.789093 8.847250 0.730495
v 1.495280 8.730998 0.918280
v 1.221075 8.639465 0.994220
v 0.958661 8.574405 0.918984
v 0.697172 8.489283 0.682941
v 0.606068 8.445589 0.301237
v 0.560253 8.425016 -0.040844
v 0.598059 8.435293 -0.369087
v 0.711931 8.400540 -0.667688
v 0.881243 8.368331 -0.865322
v 1.185398 8.361175 -0.973699
v 1.976684 8.703092 -0.482461
v 1.597895 8.672025 -1.014651
v 0.642845 8.786710 -1.406134
v -0.000000 9.004055 -1.274728
v 1.878228 8.530120 -0.524232
v 1.860839 8.451303 -0.573540
v 1.570524 8.395779 -0.881006
v 1.207412 9.199383 -1.374991
v 0.678093 9.226324 -1.508924
v -0.000000 9.289372 -1.373945
v 0.753175 8.408571 -0.954457
v 1.545318 8.462880 -0.961848
v 1.114387 8.424917 -1.122763
v 0.468807 8.466795 -0.899984
v -0.000000 8.742176 -0.841736
v 1.319783 9.430520 1.194076
v 1.145113 9.169571 1.172789
v 0.913593 8.937715 1.106525
v 0.497918 9.418963 1.652830
v 0.355752 8.832556 1.221662
v 0.317157 8.669093 1.007273
v 0.266044 8.573970 0.705240
v 0.216704 8.579283 0.294824
v 0.192881 8.566836 -0.040215
v 0.170985 8.564974 -0.342371
v 0.146297 8.632194 -0.613797
v 0.256497 8.585140 -1.082589
v 0.225328 8.912058 -1.430976
v 0.668982 8.875021 1.176625
v 0.928838 9.414117 1.483011
v 0.796987 9.128160 1.357862
v 0.428200 9.096282 1.458285
v 0.246445 9.245679 -1.542211
v 0.262008 9.649442 -1.544576
v 0.258933 10.083882 -1.452467
v 1.920695 5.938263 -0.247232
v 1.763430 5.938263 -0.446761
v 1.614653 5.938263 -0.609852
v 1.337022 5.938263 -0.667123
v 1.059390 5.938263 -0.609853
v 0.892348 5.938263 -0.451732
v 0.735083 5.938263 -0.250617
v 0.679858 5.938263 -0.005158
v 0.735082 5.938263 0.283364
v 0.882849 5.938263 0.603736
v 1.084434 5.938263 0.774973
v 1.337021 5.938263 0.836802
v 1.585110 5.938263 0.779577
v 1.763430 5.938263 0.615244
v 1.920695 5.938263 0.287916
v 1.975919 5.938263 0.000000
v 1.953055 4.862039 -0.261402
v 1.809339 4.862039 -0.502667
v 1.594251 4.862039 -0.638430
v 1.340538 4.862039 -0.688230
v 1.086825 4.862039 -0.638431
v 0.871737 4.862039 -0.502667
v 0.728020 4.862039 -0.261403
v 0.677554 4.862039 0.013039
v 0.728020 4.862039 0.279696
v 0.871736 4.862039 0.504861
v 1.086825 4.862039 0.655312
v 1.340537 4.862039 0.708143
v 1.594251 4.862039 0.655312
v 1.809339 4.862039 0.504861
v 1.953055 4.862039 0.279696
v 2.003521 4.862039 0.013039
v 2.000170 7.187019 -0.309228
v 2.050605 7.187019 0.001463
v 2.000170 7.187019 0.329242
v 1.828211 7.187019 0.718569
v 1.585048 7.187019 0.927003
v 1.325596 7.187019 0.988512
v 1.059527 7.187019 0.912315
v 0.780325 7.187019 0.675627
v 0.663121 7.187019 0.332878
v 0.612686 7.187019 -0.012297
v 0.663121 7.187019 -0.318643
v 0.840309 7.187019 -0.587234
v 1.072043 7.187019 -0.746543
v 1.326835 7.187019 -0.808052
v 1.595543 7.187019 -0.746543
v 1.840515 7.187019 -0.571379
v 1.838298 3.090325 -0.265627
v 1.722951 3.083626 -0.448688
v 1.547107 3.085330 -0.573541
v 1.340999 3.086820 -0.617526
v 1.134529 3.088250 -0.574083
v 0.959713 3.090821 -0.449634
v 0.843598 3.093229 -0.265938
v 0.802741 3.093070 -0.025184
v 0.843341 3.092455 0.211728
v 0.960194 3.092252 0.404037
v 1.134870 3.093196 0.528124
v 1.340550 3.092201 0.571538
v 1.546193 3.092741 0.528098
v 1.720570 3.090794 0.404218
v 1.837375 3.094599 0.212215
v 1.878389 3.094991 -0.025041
v 1.860801 1.370237 -0.218354
v 1.733814 1.395604 -0.426444
v 1.553941 1.426231 -0.555630
v 1.341206 1.425577 -0.602175
v 1.127698 1.422330 -0.557176
v 0.946386 1.427072 -0.425124
v 0.823519 1.411249 -0.218891
v 0.787880 1.408678 -0.000708
v 0.828897 1.433831 0.210300
v 0.939556 1.513750 0.422084
v 1.130798 1.579135 0.603669
v 1.352088 1.574948 0.645626
v 1.564398 1.550042 0.602831
v 1.743957 1.461932 0.428145
v 1.864082 1.385642 0.212544
v 1.903038 1.367989 -0.002217
v 1.699668 1.770128 0.381684
v 1.532326 1.806806 0.481616
v 1.342805 1.813817 0.524595
v 1.152422 1.815203 0.486479
v 0.977891 1.819744 0.389168
v 0.970147 1.791305 -0.407435
v 1.147129 1.775714 -0.503841
v 1.344042 1.774666 -0.534604
v 1.537931 1.754018 -0.496392
v 1.709235 1.721798 -0.396430
v -0.000000 14.632108 -1.160131
v 0.364272 14.633924 -1.208666
v 0.915373 14.637006 -1.210580
v 2.437506 15.007602 -0.833245
v 2.286776 14.930680 -0.401375
v 2.298471 14.937686 -0.001683
v 2.205833 14.571988 1.119422
v 1.935715 14.657235 1.544435
v 1.397589 14.577972 1.954368
v 0.734756 14.537210 2.149389
v -0.000000 14.596374 2.135004
v -0.000000 15.535857 1.937467
v 0.720777 15.542499 1.932865
v 1.344305 15.543212 1.726868
v 1.818841 15.532160 1.378731
v -0.000000 16.123631 1.650077
v 0.685711 16.134876 1.601202
v 1.233549 16.125326 1.424337
v 1.657483 16.127031 1.179421
v -0.000000 15.762061 -1.236972
v 0.477934 15.771117 -1.313218
v 1.161432 15.796846 -1.387924
v 2.302038 15.831475 -1.291777
v 2.797847 16.289284 -1.032637
v 2.797984 15.961659 -1.136318
v 2.797727 16.555281 -0.787238
v 2.797644 16.713438 -0.437721
v 2.797613 16.738234 -0.058373
v 2.763316 15.398256 0.638894
v 2.796601 15.655505 0.780147
v 2.801411 16.613924 0.310484
v 2.797712 16.405602 0.581643
v 2.797803 16.049644 0.752286
v 2.798230 15.316570 -0.889023
v 2.798258 15.197807 -0.527771
v 2.798119 15.621182 -1.088838
v 2.736809 15.225685 -0.162078
v 2.725013 15.202935 0.165273
v 2.747728 15.187297 0.452702
v 2.379196 14.935042 0.477051
v 2.521349 14.959112 0.727993
v 2.496629 15.215873 0.807325
v 2.459378 15.680156 0.838641
v 2.395544 16.119711 0.768865
v 2.274585 16.520035 0.593674
v 1.897148 14.478694 1.525997
v 1.391449 14.418375 1.905176
v 0.731583 14.380696 2.099339
v -0.000000 14.426090 2.084821
v 2.254439 14.789441 1.159068
v 2.272698 15.120946 1.151756
v 2.211277 15.570387 1.061879
v 2.062339 16.143869 0.929928
v 2.092985 13.903260 0.084524
v 1.976974 13.923104 -0.308422
v 0.267556 13.401931 -1.102747
v 0.268932 13.033327 -1.074011
v 0.323979 12.207246 -1.038983
v 0.264142 10.369653 -1.316472
v 0.685651 13.402783 -1.142327
v 0.626461 13.043465 -1.109810
v 0.676744 12.221687 -1.013735
v 1.826509 13.972340 -0.722310
v 1.139810 16.480299 1.147584
v -0.000000 16.702972 1.126434
v 2.340444 16.725616 0.279505
v 2.337171 16.624712 -0.919462
v -0.000000 14.315373 2.086272
v 0.729201 14.296387 2.102461
v 1.386687 14.311400 1.912582
v 1.895315 14.323878 1.534537
v 2.180377 14.346954 1.111361
v 2.242101 14.378111 0.543558
v 2.200548 14.422657 0.036490
v 2.114618 14.461245 -0.335294
v 2.063924 14.527172 -0.767070
v 0.790406 14.023042 -1.166843
v 0.304885 14.018908 -1.152406
v -0.000000 14.017113 -1.101569
v 1.767727 14.615207 -1.037274
v 1.526554 14.021929 -0.968780
v -0.000000 13.401915 -1.046604
v 1.663094 13.379160 -0.710194
v 1.881210 13.374317 -0.314072
v 2.042566 13.370558 0.100475
v 1.355718 13.390263 -0.936590
v 1.918877 16.712399 0.468329
v 1.462674 16.649349 0.866295
v 1.548064 16.469738 0.956249
v 1.795164 16.673635 0.712117
v 1.922328 16.480776 0.775348
v 1.774143 16.293100 -1.285179
v 1.743753 15.805284 -1.358416
v 1.576345 15.220061 -1.276491
v 1.352171 14.644640 -1.141951
v 1.170743 14.031036 -1.086890
v 1.017729 13.403281 -1.074524
v -0.000000 12.805710 2.143059
v 0.647535 12.804827 2.088299
v 1.256817 12.804545 1.859840
v 1.743759 12.805366 1.453855
v 2.022477 12.807878 1.002072
v 2.096332 12.811431 0.541154
v 2.005914 12.817736 0.069042
v 1.797091 12.826129 -0.357683
v 1.507816 12.851068 -0.744119
v 0.634969 12.453808 -1.031667
v 0.312849 12.436393 -1.040378
v -0.000000 12.430502 -1.036069
v 1.233601 12.919398 -0.933997
v 1.002758 12.558420 -0.965969
v 0.931185 13.064362 -1.067464
v 0.835051 12.709791 -1.043636
v 0.604779 12.684584 -1.064486
v 0.290619 12.664795 -1.050139
v -0.000000 12.658225 -1.031612
v -0.000000 11.139751 2.122534
v 0.647598 11.139286 2.048812
v 1.230133 11.139296 1.741648
v 1.683236 11.139536 1.306568
v 1.981950 11.138973 0.850704
v 2.085795 11.139368 0.353210
v 1.981317 11.140411 -0.121546
v 1.680586 11.140447 -0.532953
v 1.233845 11.140113 -0.873510
v 0.702337 11.140008 -1.057598
v 0.321224 11.153936 -1.108909
v -0.000000 11.156665 -1.128052
v 8.941245 15.918859 -0.714857
v 8.938996 16.077831 -0.615912
v 8.936446 16.204304 -0.446068
v 8.933983 16.279022 -0.231181
v 8.931983 16.290609 -0.003963
v 8.930749 16.237303 0.200990
v 8.930305 16.149771 0.348074
v 8.931189 15.977114 0.427437
v 8.932794 15.809842 0.414458
v 8.935043 15.650869 0.315514
v 8.937592 15.524402 0.145668
v 8.939982 15.449850 -0.069253
v 8.942057 15.438091 -0.296436
v 8.943290 15.491398 -0.501389
v 8.943569 15.601483 -0.652877
v 8.942851 15.751587 -0.727838
v 3.189960 15.332551 -0.607137
v 3.189795 15.538394 -0.843151
v 3.189573 15.794231 -0.977893
v 3.189328 16.059746 -0.985116
v 3.189098 16.294493 -0.863622
v 3.188917 16.462152 -0.629494
v 3.188813 16.537683 -0.320379
v 3.188801 16.511251 0.009686
v 3.188885 16.385593 0.315855
v 3.189055 16.173468 0.548894
v 3.189258 15.898528 0.671509
v 3.188280 15.613950 0.665650
v 3.189802 15.366638 0.544485
v 3.189976 15.205640 0.317537
v 3.190058 15.151411 0.020827
v 3.190046 15.203351 -0.302965
v 6.047144 15.328965 -0.570672
v 6.047221 15.216580 -0.319202
v 6.047203 15.203087 -0.044092
v 6.047094 15.290541 0.212776
v 6.046910 15.465628 0.412294
v 6.045998 15.702186 0.522026
v 6.046417 15.962810 0.531079
v 6.046220 16.209187 0.432376
v 6.046062 16.403353 0.242829
v 6.045984 16.515738 -0.008641
v 6.045999 16.536247 -0.313104
v 6.046108 16.448795 -0.569971
v 6.046292 16.273708 -0.769489
v 6.046522 16.037643 -0.881285
v 6.046764 15.776541 -0.888336
v 6.046982 15.530149 -0.789571
v 5.626511 15.383859 -0.557991
v 5.626364 15.566771 -0.757696
v 5.626164 15.794814 -0.865390
v 5.625944 16.033419 -0.865283
v 5.625735 16.246277 -0.757469
v 5.625570 16.400961 -0.558285
v 5.625474 16.473782 -0.297447
v 5.625463 16.451294 -0.004814
v 5.625537 16.340918 0.258357
v 5.625684 16.157791 0.458961
v 5.625861 15.929749 0.566644
v 5.625334 15.691693 0.564244
v 5.626313 15.478271 0.458794
v 5.626478 15.323600 0.259549
v 5.626574 15.250995 -0.002187
v 5.626585 15.271569 -0.286825
v 6.480393 15.275839 -0.571536
v 6.480474 15.157746 -0.314716
v 6.480453 15.146925 -0.032253
v 6.480334 15.245020 0.232851
v 6.480134 15.437099 0.440235
v 6.479259 15.694371 0.556440
v 6.479602 15.976398 0.569093
v 6.479386 16.241488 0.471054
v 6.479215 16.448870 0.278975
v 6.479133 16.566961 0.022154
v 6.479155 16.577785 -0.260309
v 6.479274 16.479691 -0.525412
v 6.479475 16.287611 -0.732796
v 6.479725 16.030788 -0.850889
v 6.479987 15.748327 -0.861711
v 6.480222 15.483223 -0.763615
v 4.408228 15.365845 -0.578776
v 4.408072 15.562700 -0.815388
v 4.407864 15.802440 -0.939948
v 4.407634 16.050644 -0.942195
v 4.407418 16.271004 -0.827939
v 4.407248 16.428492 -0.608423
v 4.407152 16.497055 -0.308362
v 4.407144 16.466146 0.027014
v 4.407224 16.342722 0.337259
v 4.407380 16.147512 0.566985
v 4.407557 15.908880 0.686916
v 4.406791 15.661392 0.686152
v 4.408033 15.440294 0.575000
v 4.408203 15.281721 0.360020
v 4.408300 15.211511 0.066846
v 4.408309 15.241736 -0.265679
v 7.694415 15.509846 -0.677245
v 7.694987 15.340855 -0.530462
v 7.695076 15.250540 -0.325652
v 7.694670 15.252652 -0.093996
v 7.693829 15.346869 0.129238
v 7.692329 15.519410 0.309299
v 7.691393 15.742421 0.420935
v 7.690187 15.983503 0.445030
v 7.689220 16.205446 0.378621
v 7.688648 16.374435 0.231835
v 7.688559 16.464752 0.027028
v 7.688966 16.462639 -0.204629
v 7.689807 16.368425 -0.427862
v 7.690954 16.196445 -0.608691
v 7.692233 15.972890 -0.719582
v 7.693448 15.731788 -0.743654
v -0.000000 17.734932 0.901730
v 0.939225 17.791958 0.332109
v 0.668768 17.883575 -0.795010
v 0.356187 17.894222 -0.981918
v -0.000000 17.897509 -1.046058
v 0.883381 0.786463 -0.574858
v 2.011768 0.079249 -0.639461
v 1.904238 0.801953 -0.581934
v 1.384899 0.805693 -0.833719
v 1.411274 0.079625 -0.897433
v 0.817046 0.079258 -0.645051
v 1.085618 0.511765 -0.847831
v 1.716611 0.520162 -0.859811
v 1.399696 0.516712 -0.913654
v 1.750080 0.079592 -0.872966
v 1.072468 0.079592 -0.872966
v 0.846860 0.503211 -0.634087
v 1.964691 0.514912 -0.650324
v 0.936966 0.302672 3.703241
v 1.823369 0.213064 3.496551
v 1.911045 0.027393 3.496508
v 1.407432 0.316671 3.682667
v 0.840455 0.030639 3.748291
v 1.407432 0.027931 3.826501
v 1.687560 0.180177 3.626682
v 1.092230 0.232828 3.776684
v 1.052737 0.445013 3.529161
v 1.722487 0.308499 3.396981
v 2.034465 0.150474 3.302864
v 0.690088 0.248378 3.566111
v 1.682007 0.027320 3.677044
v 1.407432 0.221884 3.771966
v 1.098311 0.029065 3.826590
v 1.407432 0.392919 3.503886
v 2.049012 0.026376 3.312663
v 0.685129 0.027793 3.585804
v 1.910376 0.139756 3.474529
v 1.699025 0.253386 3.550956
v 1.079151 0.341635 3.693449
v 0.841046 0.213608 3.721429
v 1.898362 0.251980 3.338569
v 0.840218 0.387646 3.545919
v 0.706977 0.823807 0.643759
v 2.061906 0.792586 0.646710
v 2.155160 0.502024 0.633715
v 2.177195 0.070359 0.574809
v 0.639078 0.519431 0.630796
v 0.648338 0.073831 0.580232
v 0.651587 0.073915 0.979934
v 0.632960 0.547585 1.001878
v 0.727929 0.895442 1.038401
v 0.945262 1.189274 1.034839
v 1.383592 1.268664 1.129244
v 1.808444 1.099824 1.027643
v 2.030642 0.812030 1.055378
v 2.154873 0.488054 1.038234
v 2.151246 0.067493 0.961429
v 0.900753 -0.015076 -0.571467
v 0.850116 0.009924 -0.620029
v 1.741358 -0.015076 -0.718779
v 1.411274 -0.015076 -0.732924
v 1.411274 0.009924 -0.851453
v 1.738009 0.009924 -0.829644
v 1.084539 0.009924 -0.829644
v 1.081190 -0.015076 -0.718781
v 1.926222 -0.015076 -0.567853
v 1.978184 0.009924 -0.614889
v 2.064473 0.004221 0.980120
v 2.112848 0.007839 0.955645
v 1.769208 0.004849 0.980125
v 1.415516 0.005564 0.980122
v 1.078089 0.005564 0.980124
v 0.796401 0.005523 0.980121
v 0.687066 0.011217 0.981468
v 2.040812 0.003975 0.576714
v 2.141663 0.008108 0.574887
v 1.755130 0.004505 0.576714
v 1.413226 0.005070 0.576711
v 1.078804 0.005058 0.576712
v 0.799367 0.004960 0.576714
v 0.685999 0.011448 0.580724
v 1.896050 -0.001324 3.465552
v 2.010364 -0.002297 3.316076
v 1.673427 -0.004089 3.626960
v 1.407432 -0.003445 3.761559
v 1.107970 -0.002380 3.765233
v 0.857337 -0.000886 3.700664
v 0.728639 0.000494 3.570155
v 1.076511 0.264436 -0.888957
v 1.411237 0.267843 -0.936804
v 1.741973 0.271013 -0.901777
v 2.003322 0.266890 -0.671256
v 2.188998 0.252355 0.596383
v 2.180805 0.237250 0.997994
v 2.058386 0.071728 3.306722
v 1.913530 0.076324 3.496803
v 1.681307 0.070466 3.674304
v 1.407432 0.086460 3.825061
v 1.098944 0.088754 3.825160
v 0.838028 0.090158 3.747855
v 0.671070 0.099907 3.583853
v 0.633620 0.262491 0.975085
v 0.627424 0.258467 0.599195
v 0.819576 0.260342 -0.661888
v 2.147864 0.068760 -0.387297
v 2.109537 0.004354 -0.385195
v 2.018644 -0.015076 -0.381396
v 1.744083 -0.015076 -0.475761
v 1.411274 -0.015076 -0.494429
v 1.078465 -0.015076 -0.475529
v 0.803905 -0.015076 -0.382316
v 0.713012 0.004833 -0.385422
v 0.674095 0.068008 -0.385809
v 0.681405 0.248010 -0.371288
v 0.718084 0.490419 -0.342050
v 0.761698 0.774340 -0.307364
v 2.033856 0.789704 -0.312433
v 2.104079 0.503498 -0.354459
v 2.145370 0.255971 -0.381306
v 1.675668 0.807772 -0.766978
v 1.098961 0.798903 -0.768184
v 2.071006 0.787478 0.301536
v 2.144490 0.502699 0.286761
v 2.181068 0.258598 0.266973
v 2.178763 0.071085 0.264377
v 2.141824 0.007314 0.264677
v 2.030236 0.003786 0.264187
v 1.748725 0.004242 0.261867
v 1.412059 0.004694 0.262841
v 1.078403 0.004666 0.261864
v 0.799406 0.004521 0.264186
v 0.683653 0.010060 0.266684
v 0.642495 0.071946 0.267600
v 0.624516 0.250757 0.277576
v 0.638209 0.500134 0.295503
v 0.686255 0.792288 0.305387
v 1.416224 0.597537 2.846216
v 1.813340 0.455284 2.810729
v 2.034431 0.356104 2.790665
v 2.196507 0.205295 2.776192
v 2.221349 0.085544 2.774453
v 2.211152 0.032655 2.774194
v 2.154716 0.000274 2.772079
v 2.011580 -0.000216 2.791814
v 1.757148 0.000699 2.816267
v 1.418413 0.001908 2.845752
v 1.021789 0.002625 2.877182
v 0.685913 0.003405 2.903324
v 0.522946 0.005659 2.907345
v 0.458011 0.043759 2.923016
v 0.435790 0.165372 2.927800
v 0.460873 0.373777 2.925581
v 0.667259 0.569893 2.908354
v 0.961120 0.653834 2.883943
v 1.412577 0.490652 3.167279
v 1.774672 0.376089 3.101816
v 1.974281 0.297461 3.065561
v 2.123619 0.171346 3.040533
v 2.147824 0.073619 3.039070
v 2.139428 0.030079 3.040250
v 2.087981 -0.001414 3.038469
v 1.957803 -0.001417 3.095744
v 1.728400 -0.001386 3.160866
v 1.415344 -0.000354 3.225691
v 1.047139 0.000491 3.252030
v 0.764865 0.001489 3.258513
v 0.618295 0.003226 3.228288
v 0.560530 0.030846 3.248259
v 0.540924 0.129888 3.252729
v 0.562122 0.308506 3.246478
v 0.742190 0.479979 3.227404
v 0.998927 0.552393 3.203678
v 0.470043 0.069164 2.108395
v 0.444725 0.237680 2.109678
v 0.449000 0.514124 2.108962
v 0.625793 0.771673 2.099180
v 0.933056 0.919251 2.085079
v 1.400728 0.904696 2.065122
v 1.845357 0.702125 2.065124
v 2.085850 0.534710 2.065148
v 2.249847 0.311277 2.065324
v 2.273449 0.140366 2.065593
v 2.256460 0.050172 2.065698
v 2.201474 0.006555 2.064892
v 2.050875 0.004976 2.064718
v 1.780350 0.005918 2.064708
v 1.408535 0.007095 2.064703
v 1.025935 0.007577 2.082366
v 0.707424 0.008066 2.097072
v 0.527215 0.011794 2.104746
v 2.220211 0.006176 2.326341
v 2.066735 0.005070 2.330965
v 1.784598 0.006069 2.337067
v 1.419154 0.007339 2.344432
v 1.029646 0.008006 2.368175
v 0.677302 0.008684 2.387935
v 0.479282 0.011910 2.396092
v 0.417259 0.064406 2.403338
v 0.391612 0.214827 2.405539
v 0.405385 0.471709 2.404428
v 0.599167 0.705191 2.391431
v 0.945783 0.825495 2.372697
v 1.418130 0.790149 2.344833
v 1.852893 0.608344 2.335962
v 2.096483 0.468592 2.330843
v 2.268711 0.272578 2.327404
v 2.293228 0.120870 2.327273
v 2.277898 0.045602 2.327471
v 2.205464 0.002023 2.549150
v 2.054573 0.001210 2.561325
v 1.778305 0.002147 2.576607
v 1.419154 0.003363 2.595035
v 1.023543 0.003978 2.622624
v 0.654836 0.004643 2.645576
v 0.487748 0.007356 2.651676
v 0.422473 0.045639 2.662845
v 0.396477 0.184844 2.666749
v 0.416204 0.421210 2.665019
v 0.631154 0.639521 2.649987
v 0.944498 0.739696 2.628320
v 1.418947 0.693877 2.595525
v 1.844932 0.531840 2.573345
v 2.081466 0.413013 2.560587
v 2.251801 0.238989 2.551622
v 2.277165 0.100116 2.550858
v 2.264007 0.034474 2.550546
v 1.823519 1.297279 0.519328
v 1.916300 1.249085 0.263584
v 1.895391 1.229384 -0.243820
v 1.783739 1.247367 -0.464446
v 1.604091 1.264117 -0.624941
v 1.365924 1.261294 -0.683895
v 1.127191 1.261372 -0.634024
v 0.924913 1.256505 -0.487376
v 0.800306 1.246292 -0.262058
v 0.786612 1.271587 0.259272
v 0.891021 1.323193 0.520810
v 0.758422 1.247607 -0.005431
v 0.699517 0.775810 -0.009544
v 0.659214 0.490497 -0.025198
v 0.638816 0.246881 -0.037475
v 0.648088 0.069679 -0.039967
v 0.690823 0.007440 -0.043856
v 0.797406 0.004186 -0.054795
v 1.077184 0.004386 -0.070531
v 1.411559 0.004420 -0.066844
v 1.747027 0.004082 -0.070528
v 2.027718 0.003674 -0.054794
v 2.132788 0.005725 -0.044584
v 2.172642 0.069247 -0.041137
v 2.175129 0.252602 -0.040401
v 2.136715 0.497376 -0.028892
v 2.066766 0.781630 -0.010837
v 1.942268 1.228851 0.005493
v 1.661099 1.375016 0.756575
v 1.364035 1.409192 0.826440
v 1.058828 1.380552 0.745152
v 1.951164 1.062113 0.619457
v 2.000935 1.038595 0.294249
v 2.009376 1.023225 0.002290
v 1.977291 1.029253 -0.278292
v 1.855315 1.040188 -0.522776
v 1.639273 1.044333 -0.699324
v 1.378794 1.042350 -0.764078
v 1.110753 1.039300 -0.711494
v 0.903223 1.026498 -0.531886
v 0.781826 1.016229 -0.283056
v 0.728294 1.020905 -0.000631
v 0.734356 1.044724 0.299953
v 0.797379 1.093124 0.626516
v -0.000000 10.617327 2.053495
v -0.000000 9.960776 1.902911
v -0.000000 8.659329 1.022113
v -0.000000 9.419581 1.685851
v -0.000000 8.826429 1.238468
v -0.000000 9.094337 1.481882
v -0.000000 10.788483 -1.196085
v 0.289144 10.759155 -1.181072
v 0.103099 10.424282 -1.275619
v 0.051203 10.092233 -1.413371
v 0.027595 9.654912 -1.482864
v 0.019225 9.271074 -1.476474
v 0.015830 8.976869 -1.372602
v 0.056756 8.709159 -1.054174
v 0.099126 8.656675 -0.854493
v 0.292607 8.547877 -0.882274
v 0.029632 8.831295 -1.220757
v 0.232519 8.710390 -1.258539
v 0.589046 8.558237 -1.248331
v -0.000000 8.587983 0.299622
v -0.000000 8.872294 -1.175769
v 1.235114 18.272310 0.537760
v -0.000000 18.103992 1.069318
v 2.225771 22.724518 5.433619
v 1.946195 26.675112 5.274963
v 4.574586 22.547628 4.215175
v 4.522898 26.875509 3.801627
v 0.781228 26.690804 5.519942
v 0.724499 25.944386 5.735542
v 0.693606 24.574286 6.072494
v 0.776554 23.315029 6.160374
v 1.101088 22.673634 6.023161
v 5.409712 22.602024 3.337645
v 5.779769 23.217882 2.875279
v 6.079393 24.577282 2.468390
v 5.714378 26.108130 2.487264
v 5.339271 26.827276 2.683190
v 5.210209 22.804110 3.578265
v 4.716776 22.408827 4.105043
v 3.402985 22.125444 5.107794
v 2.006315 22.484308 5.638582
v 1.496632 22.870302 5.848880
v 1.217222 23.466549 5.943036
v 1.010817 24.586258 5.867095
v 1.120497 25.921740 5.593801
v 1.335705 26.555841 5.465907
v 1.648073 27.272247 5.348243
v 3.104639 27.671150 4.635292
v 4.639178 27.254440 3.567143
v 5.168510 26.571974 3.185507
v 5.517615 25.891548 2.921778
v 5.812035 24.575361 2.789872
v 5.540529 23.309950 3.163666
v 0.828030 27.426924 5.293416
v -0.000000 27.435562 5.095412
v 0.837397 28.075829 5.042769
v 0.788284 30.316120 3.655470
v 0.876475 31.576370 2.475067
v 0.906143 32.149288 1.818516
v 0.925711 32.567856 1.241726
v 1.402055 18.288965 1.276241
v 1.625811 18.342712 0.782249
v 4.848732 28.958942 -1.342331
v 4.186518 28.970600 -2.488139
v 3.233895 28.938828 -3.376368
v 2.243606 28.889208 -3.957710
v -0.000000 28.819382 -4.474485
v -0.000000 29.153570 4.262914
v 0.795961 29.156916 4.499173
v 4.129940 28.946100 2.649852
v 4.838216 29.001776 1.336352
v 5.071951 28.987034 -0.006227
v 0.551270 30.344343 -3.857776
v 0.793576 31.573240 -3.243432
v 0.837203 32.155285 -2.879996
v 0.882816 32.559147 -2.550292
v 0.931334 32.969715 -2.120338
v 0.397073 29.989731 -4.037739
v -0.000000 29.678425 -4.190341
v 0.157547 30.387104 -3.907111
v -0.000000 29.589298 3.994589
v 0.050809 30.124310 3.781820
v 0.127545 30.501112 -3.495444
v 0.451275 30.228056 3.323226
v 0.051136 30.340065 3.317133
v 3.717076 30.962828 -1.278558
v 3.190155 30.963268 -2.180159
v 2.543140 30.963652 -2.777601
v 1.927614 30.963861 -3.146137
v 0.727899 30.962831 -3.556426
v 0.328108 30.961603 -3.647362
v 0.274413 30.961706 -3.297629
v 1.356895 30.963737 -3.102081
v 2.161835 30.963659 -2.672333
v 2.794822 30.962950 -1.993538
v 3.154714 30.962166 -1.175963
v 3.306397 30.961363 -0.268205
v 3.162461 30.962139 0.642054
v 2.798543 30.964760 1.493232
v 2.201722 30.967855 2.184099
v 1.432476 30.965096 2.601325
v 0.656204 30.956514 2.729898
v 0.196770 30.955822 2.810955
v 0.220174 30.950546 3.085223
v 0.837609 30.954985 3.087207
v 1.976470 30.968058 2.632310
v 2.551753 30.971603 2.240706
v 3.161319 30.971422 1.686040
v 3.697567 30.967913 0.792682
v 3.900460 30.964518 -0.233654
v 0.382665 30.436001 -3.502115
v 0.549108 30.962366 -3.274010
v 0.661453 31.574450 -2.944539
v 0.722671 32.154812 -2.547846
v 0.760478 32.555481 -2.199079
v 0.810613 32.933556 -1.787503
v 0.940274 33.564678 -0.846974
v 1.214768 33.397194 -0.810846
v 1.458963 33.243118 -0.767410
v 1.048587 33.779926 -0.858907
v 0.950703 32.986012 0.572654
v 1.609005 33.434475 -0.828580
v 1.594937 33.403481 -1.141519
v 1.018051 33.666126 -1.136714
v 0.911454 33.691921 -1.138652
v 0.841816 33.473080 -1.104249
v 0.920036 33.456985 -1.102991
v 1.173133 33.358776 -1.102124
v 1.421734 33.220524 -1.069298
v 1.435019 33.200420 -0.453232
v 1.184251 33.346912 -0.494524
v 0.930653 33.469120 -0.546537
v 0.834001 33.485237 -0.560545
v 0.909850 33.690697 -0.570489
v 1.028860 33.668591 -0.560894
v 1.392806 33.502991 -0.532035
v 1.593779 33.380737 -0.508419
v 0.083795 30.131472 -4.003657
v 0.064334 30.305399 -3.576806
v -0.000000 29.839394 -3.619192
v 3.484179 29.839392 -1.235634
v 2.872076 29.839396 -2.124994
v 2.052229 29.839397 -2.844576
v 1.072167 29.839394 -3.424809
v 1.115458 29.839394 3.236003
v 2.016629 29.839396 2.762372
v 2.909947 29.839396 2.007105
v 3.483886 29.839394 1.028311
v 3.663481 29.839392 -0.103556
v -0.000000 29.839392 3.443935
v 0.973781 33.429764 -1.531663
v 0.858105 33.441402 -1.538435
v 0.791431 33.262497 -1.418859
v 0.867052 33.254925 -1.412454
v 0.902336 33.234436 -0.151711
v 0.789328 33.250793 -0.152693
v 0.855549 33.430454 -0.135616
v 0.998106 33.404221 -0.132837
v 1.368020 33.290680 -0.111978
v 1.405825 33.574387 -0.843434
v 1.388804 33.519878 -1.141887
v 1.342293 33.351791 -1.497922
v -0.000000 30.018225 -3.866675
v 0.058972 30.221045 -3.800776
v 0.118966 30.444088 -3.708456
v 0.265201 30.961567 -3.482221
v 0.417107 31.576166 -3.153551
v 0.543006 32.155357 -2.759325
v 0.622259 32.559052 -2.406461
v 0.701521 32.961227 -1.961912
v 0.783352 33.353020 -1.478647
v 0.836613 33.583118 -1.121451
v 0.847583 33.711906 -0.860322
v 0.831860 33.588570 -0.565517
v 0.780314 33.343304 -0.146146
v 0.678143 32.974586 0.471524
v 0.563962 32.563065 1.122141
v 0.453906 32.148376 1.689536
v 0.316685 31.580853 2.368002
v 0.179090 30.952093 2.987037
v 0.040701 30.260769 3.526245
v -0.000000 30.013744 3.606704
v -0.000000 30.001278 -3.643622
v 0.233330 30.226328 -3.575227
v 1.234898 30.095503 3.192664
v 2.214695 30.261681 2.664091
v 2.969278 30.234749 1.895268
v 3.478344 30.036007 0.981672
v 3.667974 30.015146 -0.112341
v 3.481633 30.015898 -1.211761
v 2.976779 30.205978 -2.147635
v 2.218631 30.298672 -2.880879
v 1.252101 30.199440 -3.382541
v -0.000000 29.992090 3.452124
v -0.000000 29.902611 3.448029
v 1.180076 29.961390 3.249135
v 2.172794 30.087883 2.746247
v 2.963656 30.077490 1.964611
v 3.483050 29.915089 1.007877
v 3.665728 29.914139 -0.107948
v 3.482906 29.914516 -1.223697
v 2.908596 29.983549 -2.134935
v 2.161408 30.054371 -2.913858
v 1.158493 29.995554 -3.432618
v 3.383795 30.174648 -1.199358
v 2.825006 30.174732 -2.090163
v 2.032943 30.174683 -2.812864
v 1.064428 30.174829 -3.300195
v -0.000000 30.174585 -3.470990
v -0.000000 30.174604 3.331530
v 1.090896 30.174665 3.162920
v 2.045744 30.174667 2.725495
v 2.851730 30.174948 1.948834
v 3.379564 30.174662 0.984979
v 3.557699 30.174664 -0.107262
v 3.215602 30.418367 -1.149157
v 2.710001 30.423750 -2.003707
v 1.945566 30.424500 -2.695792
v 1.012225 30.420782 -3.141792
v -0.000000 30.417913 -3.307101
v -0.000000 30.414616 3.142874
v 1.035935 30.418530 2.983963
v 1.962406 30.431047 2.553009
v 2.716660 30.432169 1.817306
v 3.209405 30.419245 0.905041
v 3.380440 30.418653 -0.122020
v 2.978792 30.636528 -1.092452
v 2.539669 30.638891 -1.897363
v 1.818371 30.639236 -2.536573
v 0.939443 30.637218 -2.944622
v -0.000000 30.635965 -3.103478
v -0.000000 30.631035 2.869127
v 0.957625 30.636532 2.722598
v 1.819217 30.646894 2.306754
v 2.516017 30.647276 1.628841
v 2.972367 30.637617 0.789493
v 3.131349 30.636686 -0.150417
v 2.697064 30.822531 -1.037613
v 2.299462 30.833433 -1.780508
v 1.649209 30.840328 -2.342016
v 0.857266 30.825165 -2.728001
v -0.000000 30.818907 -2.881347
v -0.000000 30.807493 2.561920
v 0.871031 30.821587 2.412793
v 1.622970 30.852959 1.988305
v 2.238179 30.858210 1.376670
v 2.688529 30.827383 0.653587
v 2.834282 30.823168 -0.190705
v 2.378196 30.982098 -0.985969
v 2.027608 30.979969 -1.659243
v 1.481000 30.988873 -2.173861
v 0.771562 30.982714 -2.521133
v -0.000000 30.979620 -2.639289
v -0.000000 30.973320 2.194991
v 0.780981 30.972092 2.078148
v 1.444970 30.994152 1.705591
v 2.001383 30.994755 1.164119
v 2.382402 30.980440 0.509551
v 2.499502 30.982388 -0.240457
v 2.047950 31.112076 -0.938753
v 1.742090 31.112076 -1.520347
v 1.265702 31.112076 -1.981917
v 0.665419 31.112076 -2.278665
v -0.000000 31.112076 -2.381762
v -0.000000 31.112076 1.797320
v 0.665419 31.112076 1.695249
v 1.265702 31.112076 1.398007
v 1.742089 31.112076 0.935012
v 2.047948 31.112076 0.352002
v 2.153340 31.112076 -0.293665
v 1.581785 31.243717 -0.868403
v 1.345546 31.243717 -1.324157
v 0.977597 31.243717 -1.685987
v 0.513953 31.243717 -1.918511
v -0.000000 31.243717 -1.998983
v -0.000000 31.243717 1.270447
v 0.513953 31.243717 1.190778
v 0.977596 31.243717 0.958830
v 1.345546 31.243717 0.597351
v 1.581784 31.243717 0.141772
v 1.663186 31.243717 -0.363290
v 1.076671 31.340132 -0.766716
v 0.915871 31.340132 -1.081000
v 0.665419 31.340132 -1.330415
v 0.349831 31.340132 -1.490549
v -0.000000 31.340132 -1.545727
v -0.000000 31.340132 0.709111
v 0.349831 31.340132 0.653930
v 0.665419 31.340132 0.493787
v 0.915870 31.340132 0.244361
v 1.076670 31.340132 -0.069932
v 1.132078 31.340132 -0.418326
v 0.545046 31.398949 -0.616622
v 0.463644 31.398949 -0.776383
v 0.336857 31.398949 -0.903169
v 0.177096 31.398949 -0.984571
v -0.000000 31.398949 -1.012621
v -0.000000 31.398949 0.133569
v 0.177096 31.398949 0.105520
v 0.336857 31.398949 0.024118
v 0.463643 31.398949 -0.102669
v 0.545045 31.398949 -0.262430
v 0.573095 31.398949 -0.439526
v -0.000000 31.330814 -0.439526
v 9.193393 15.985131 -0.707355
v 9.195292 15.825937 -0.742278
v 9.196246 15.672816 -0.686428
v 9.196115 15.549080 -0.548313
v 9.194915 15.473566 -0.348957
v 9.192829 15.457826 -0.118712
v 9.190177 15.504101 0.107373
v 9.187361 15.605498 0.294875
v 9.184809 15.746531 0.415250
v 9.182661 15.933090 0.448337
v 9.181678 16.089174 0.392291
v 9.182087 16.182583 0.256207
v 9.183287 16.258097 0.056850
v 9.185372 16.273891 -0.173396
v 9.188025 16.227562 -0.399479
v 9.190842 16.126163 -0.586981
v 11.128458 15.625303 0.873024
v 11.317349 15.620436 0.884473
v 11.445952 15.636638 0.898403
v 11.510070 15.660400 0.904619
v 10.830392 16.021193 1.026185
v 11.112180 16.030901 1.036970
v 11.287564 16.029892 1.040858
v 11.429054 16.031504 1.024739
v 11.496239 16.033237 1.004778
v 9.980348 16.038115 0.875974
v 9.521318 15.931887 0.726959
v 9.446167 15.618339 0.639165
v 9.449522 15.472760 0.464424
v 10.401581 16.054010 0.960235
v 10.929516 15.550667 0.699716
v 10.573737 15.450331 0.355262
v 10.277160 15.465422 0.122592
v 10.255217 15.503161 -0.096170
v 10.243402 15.486881 -0.321734
v 10.237295 15.420481 -0.545434
v 10.230851 15.456913 -0.768840
v 10.232462 15.560719 -0.931362
v 10.230760 15.707552 -1.033387
v 10.224630 15.864125 -1.072682
v 10.217567 16.026188 -1.052677
v 10.206546 16.158304 -0.971760
v 10.246387 16.251787 0.365264
v 10.155231 16.215584 0.579842
v 9.998428 15.448425 0.120424
v 9.970571 15.491617 -0.111804
v 9.960487 15.484461 -0.330537
v 9.951920 15.434535 -0.548641
v 9.953311 15.474745 -0.752136
v 9.966301 15.592120 -0.928353
v 9.952795 15.722370 -1.010354
v 9.951203 15.871283 -1.045650
v 9.954484 16.016806 -1.031778
v 9.954196 16.138609 -0.963643
v 9.945307 16.212345 -0.795489
v 9.928548 16.244055 -0.583200
v 10.543175 15.309011 0.693164
v 10.543453 15.368976 0.537028
v 10.690201 15.405636 0.822973
v 10.785579 15.481597 0.763924
v 10.351617 15.780588 1.108974
v 10.326324 15.658393 1.187094
v 10.356439 15.539323 1.276546
v 10.461860 15.377564 1.405905
v 8.318180 15.736102 -0.722173
v 8.319324 15.553944 -0.667324
v 8.319722 15.418238 -0.533999
v 8.319316 15.349647 -0.342495
v 8.318166 15.358611 -0.121969
v 8.316241 15.444232 0.093729
v 8.314418 15.592163 0.272544
v 8.312400 15.781167 0.386483
v 8.310686 15.982049 0.418461
v 8.309544 16.164206 0.363608
v 8.309097 16.309704 0.224490
v 8.309551 16.368504 0.038782
v 8.310700 16.359541 -0.181742
v 8.312419 16.274384 -0.397719
v 8.314444 16.126001 -0.576263
v 8.316466 15.936982 -0.690196
v 7.087542 15.387101 -0.643004
v 7.086943 15.611783 -0.772244
v 7.086173 15.874061 -0.806477
v 7.085350 16.134005 -0.740492
v 7.084597 16.352041 -0.584332
v 7.084031 16.494972 -0.361776
v 7.083737 16.541044 -0.106701
v 7.083760 16.483238 0.142056
v 7.084096 16.330359 0.346628
v 7.084695 16.105675 0.475867
v 7.085451 15.843418 0.510061
v 7.085788 15.584070 0.442788
v 7.087040 15.365418 0.287956
v 7.087607 15.222486 0.065399
v 7.087901 15.176414 -0.189675
v 7.087878 15.234220 -0.438434
v 5.017369 15.375468 -0.570961
v 5.017447 15.256229 -0.274478
v 5.017437 15.229939 0.037824
v 5.017342 15.300976 0.316833
v 5.017174 15.457681 0.523597
v 5.016063 15.674934 0.631928
v 5.016709 15.917713 0.633480
v 5.016533 16.150965 0.520021
v 5.016381 16.340506 0.303303
v 5.016304 16.458298 0.012874
v 5.016313 16.486036 -0.305483
v 5.016409 16.415733 -0.587571
v 5.016576 16.259331 -0.795597
v 5.016788 16.042727 -0.906646
v 5.017014 15.799318 -0.905562
v 5.017217 15.565743 -0.790759
v 3.799093 15.350081 -0.596647
v 3.798933 15.551440 -0.833008
v 3.798718 15.797922 -0.957189
v 3.798481 16.054274 -0.959800
v 3.798258 16.281733 -0.841536
v 3.798083 16.445404 -0.619309
v 3.797982 16.518103 -0.317435
v 3.797973 16.488344 0.019832
v 3.798055 16.362686 0.332715
v 3.798215 16.162054 0.566016
v 3.798395 15.915809 0.689221
v 3.797513 15.660265 0.688444
v 3.798890 15.431973 0.573672
v 3.799066 15.268091 0.352316
v 3.799166 15.194664 0.053502
v 3.799176 15.224091 -0.282385
v 12.738888 15.944577 -1.224483
v 12.782187 16.005201 -1.167413
v 12.801770 16.022776 -1.084285
v 12.804056 16.005283 -0.998896
v 12.776765 15.944720 -0.932606
v 12.780588 15.859772 -0.910103
v 12.778552 15.774800 -0.932754
v 12.806768 15.747381 -0.999121
v 12.804850 15.729995 -1.084541
v 12.784900 15.747298 -1.167638
v 12.740675 15.774657 -1.224631
v 12.736852 15.859606 -1.247134
v 12.844842 15.860604 -1.089795
v 12.840483 15.860473 -0.991304
v 12.815488 15.860378 -1.183911
v 11.982716 15.948705 -1.147570
v 11.980394 15.851586 -1.173461
v 11.984767 15.754939 -1.147742
v 11.994428 15.706593 -1.077285
v 12.007200 15.680621 -0.981005
v 12.019423 15.706688 -0.884678
v 12.028060 15.755103 -0.814136
v 12.030384 15.851776 -0.788246
v 12.026008 15.948869 -0.813965
v 12.016107 16.019920 -0.884402
v 12.003334 16.045893 -0.980682
v 11.991112 16.019825 -1.077008
v 12.327891 15.952374 -1.192366
v 12.325570 15.855256 -1.218257
v 12.329944 15.758530 -1.192538
v 12.339646 15.706177 -1.122084
v 12.352420 15.680204 -1.025804
v 12.364641 15.706271 -0.929478
v 12.373236 15.758694 -0.858932
v 12.375561 15.855445 -0.833042
v 12.371184 15.952538 -0.858761
v 12.361283 16.023590 -0.929198
v 12.348510 16.049562 -1.025478
v 12.336288 16.023495 -1.121804
v 11.902678 15.947747 -1.137166
v 11.911253 16.006916 -1.066621
v 11.923488 16.032984 -0.970297
v 11.936214 16.007011 -0.874010
v 11.945910 15.947910 -0.803553
v 11.950174 15.850817 -0.777819
v 11.947749 15.753698 -0.803696
v 11.939276 15.683704 -0.874250
v 11.927041 15.657638 -0.970574
v 11.914314 15.683610 -1.066860
v 11.904516 15.753535 -1.137309
v 11.900252 15.850629 -1.163043
v 12.075787 15.949706 -1.159649
v 12.084288 16.010582 -1.089095
v 12.096509 16.036650 -0.992769
v 12.109282 16.010677 -0.896489
v 12.119079 15.949870 -0.826043
v 12.123461 15.852777 -0.800325
v 12.121146 15.755658 -0.826216
v 12.112736 15.686179 -0.896778
v 12.100514 15.660112 -0.993104
v 12.087741 15.686085 -1.089384
v 12.077853 15.755495 -1.159822
v 12.073471 15.852588 -1.185540
v 12.238228 15.951447 -1.180730
v 12.235912 15.854329 -1.206621
v 12.240294 15.757236 -1.180903
v 12.250179 15.688040 -1.110465
v 12.262954 15.662068 -1.014185
v 12.275175 15.688134 -0.917859
v 12.283587 15.757400 -0.847297
v 12.285902 15.854518 -0.821406
v 12.281520 15.951611 -0.847125
v 12.271724 16.012417 -0.917570
v 12.258950 16.038389 -1.013850
v 12.246729 16.012323 -1.110176
v 12.419630 15.953351 -1.204272
v 12.417304 15.856233 -1.230162
v 12.421676 15.759139 -1.204442
v 12.431558 15.689629 -1.134004
v 12.444328 15.663656 -1.037723
v 12.456553 15.689723 -0.941397
v 12.464968 15.759303 -0.870837
v 12.467295 15.856421 -0.844947
v 12.462923 15.953514 -0.870666
v 12.453133 16.014322 -0.941113
v 12.440361 16.040295 -1.037393
v 12.428138 16.014227 -1.133719
v 12.157005 15.950583 -1.170189
v 12.165505 16.011459 -1.099635
v 12.177727 16.037525 -1.003309
v 12.190500 16.011553 -0.907029
v 12.200298 15.950747 -0.836584
v 12.204681 15.853654 -0.810866
v 12.202368 15.756536 -0.836757
v 12.193976 15.685414 -0.907320
v 12.181756 15.659348 -1.003646
v 12.168982 15.685320 -1.099926
v 12.159076 15.756371 -1.170363
v 12.154692 15.853464 -1.196081
v 12.546352 15.954697 -1.220718
v 12.544025 15.857578 -1.246607
v 12.548395 15.760485 -1.220887
v 12.558291 15.689433 -1.150450
v 12.571062 15.663461 -1.054169
v 12.583286 15.689528 -0.957844
v 12.591687 15.760649 -0.887282
v 12.594015 15.857767 -0.861392
v 12.589645 15.954860 -0.887112
v 12.580054 15.996885 -0.957575
v 12.567283 16.022858 -1.053855
v 12.555059 15.996791 -1.150181
v 11.681209 15.944904 -1.107878
v 11.693618 16.004089 -1.037357
v 11.705645 16.030155 -0.941009
v 11.718149 16.004183 -0.844698
v 11.724060 15.945066 -0.774222
v 11.724678 15.847717 -0.748478
v 11.722237 15.748678 -0.774352
v 11.713762 15.676302 -0.844903
v 11.701525 15.650235 -0.941227
v 11.688813 15.676208 -1.037516
v 11.679023 15.748515 -1.107967
v 11.674779 15.847528 -1.133703
v 11.792691 15.946330 -1.122851
v 11.790232 15.849211 -1.148723
v 11.794463 15.751547 -1.122985
v 11.804247 15.679902 -1.052533
v 11.816958 15.653930 -0.956245
v 11.829196 15.679996 -0.859921
v 11.837676 15.751710 -0.789369
v 11.840130 15.849400 -0.763497
v 11.835904 15.946493 -0.789235
v 11.826235 16.005592 -0.859696
v 11.813523 16.031565 -0.955984
v 11.801285 16.005499 -1.052308
v 11.567605 15.943469 -1.092885
v 11.581706 16.002661 -1.022357
v 11.593521 16.028727 -0.925986
v 11.605820 16.002752 -0.829651
v 11.610094 15.943630 -0.759188
v 11.609222 15.846515 -0.733458
v 11.606769 15.748826 -0.759331
v 11.598289 15.677112 -0.829882
v 11.586050 15.651045 -0.926206
v 11.573339 15.677017 -1.022494
v 11.563555 15.748662 -1.092946
v 11.559324 15.846326 -1.118684
v 12.662750 15.955934 -1.235823
v 12.660422 15.858815 -1.261713
v 12.664793 15.761722 -1.235993
v 12.674689 15.690670 -1.165556
v 12.687460 15.664699 -1.069275
v 12.699684 15.690764 -0.972949
v 12.708085 15.761886 -0.902388
v 12.710413 15.859004 -0.876498
v 12.706042 15.956098 -0.902218
v 12.696451 15.998122 -0.972681
v 12.683681 16.024096 -1.068961
v 12.671456 15.998028 -1.165287
v 13.148945 16.035807 -0.688231
v 13.195445 16.109917 -0.614335
v 13.210391 16.131523 -0.511204
v 13.204102 16.110329 -0.407102
v 13.163939 16.036520 -0.329292
v 13.166198 15.932875 -0.301368
v 13.166138 15.829118 -0.328971
v 13.207440 15.795535 -0.406615
v 13.214182 15.774158 -0.510652
v 13.198784 15.795123 -0.613849
v 13.151145 15.828404 -0.687911
v 13.148885 15.932051 -0.715835
v 13.263277 15.933578 -0.513020
v 13.247530 15.933595 -0.393726
v 13.237636 15.933124 -0.630585
v 12.223157 16.040827 -0.675274
v 12.222696 15.922233 -0.706803
v 12.224884 15.804311 -0.674869
v 12.228936 15.745431 -0.588070
v 12.234115 15.713910 -0.469586
v 12.238830 15.745910 -0.351211
v 12.242021 15.805140 -0.264615
v 12.242484 15.923190 -0.233085
v 12.240294 16.041656 -0.265021
v 12.236039 16.128250 -0.351868
v 12.230861 16.159771 -0.470352
v 12.226145 16.127771 -0.588727
v 12.646956 16.045294 -0.692986
v 12.646496 15.926701 -0.724515
v 12.648683 15.808682 -0.692580
v 12.652771 15.744912 -0.605773
v 12.657950 15.713391 -0.487289
v 12.662665 15.745391 -0.368914
v 12.665820 15.809512 -0.282327
v 12.666284 15.927658 -0.250797
v 12.664093 16.046124 -0.282732
v 12.659838 16.132719 -0.369579
v 12.654658 16.164240 -0.488063
v 12.649944 16.132240 -0.606439
v 12.118502 16.040216 -0.671045
v 12.121282 16.112562 -0.584455
v 12.125961 16.144560 -0.466078
v 12.131478 16.113047 -0.347611
v 12.136164 16.041054 -0.260819
v 12.139093 15.922607 -0.228921
v 12.139292 15.804030 -0.260484
v 12.136686 15.718472 -0.347055
v 12.132008 15.686475 -0.465433
v 12.126490 15.717988 -0.583899
v 12.121631 15.803192 -0.670711
v 12.118700 15.921638 -0.702608
v 12.337695 16.041365 -0.680063
v 12.340959 16.115808 -0.593503
v 12.345753 16.147812 -0.475132
v 12.350852 16.116293 -0.356644
v 12.354832 16.042204 -0.269809
v 12.356728 15.923738 -0.237858
v 12.355974 15.805141 -0.269371
v 12.352761 15.720197 -0.355912
v 12.347967 15.688193 -0.474283
v 12.342867 15.719711 -0.592772
v 12.338838 15.804301 -0.679625
v 12.336941 15.922768 -0.711577
v 12.537141 16.042662 -0.688396
v 12.536386 15.924065 -0.719910
v 12.538282 15.805598 -0.687959
v 12.542311 15.721270 -0.601106
v 12.547411 15.689752 -0.482617
v 12.552205 15.721755 -0.364246
v 12.555419 15.806438 -0.277705
v 12.556173 15.925035 -0.246192
v 12.554277 16.043501 -0.278143
v 12.550298 16.117590 -0.364977
v 12.545197 16.149109 -0.483466
v 12.540404 16.117105 -0.601837
v 12.759318 16.046391 -0.697680
v 12.759152 15.927801 -0.729224
v 12.761637 15.809337 -0.697303
v 12.766089 15.724623 -0.610471
v 12.771346 15.693100 -0.491991
v 12.775983 15.725096 -0.373612
v 12.778774 15.810156 -0.287049
v 12.778940 15.928746 -0.255506
v 12.776456 16.047211 -0.287426
v 12.772108 16.121302 -0.374241
v 12.766850 16.152824 -0.492721
v 12.762215 16.120829 -0.611100
v 12.437506 16.041658 -0.684233
v 12.440831 16.116104 -0.597676
v 12.445651 16.148108 -0.479307
v 12.450725 16.116590 -0.360817
v 12.454642 16.042501 -0.273980
v 12.456441 15.924035 -0.242023
v 12.455588 15.805438 -0.273532
v 12.452313 15.718488 -0.360065
v 12.447494 15.686484 -0.478434
v 12.442419 15.718001 -0.596925
v 12.438452 15.804594 -0.683785
v 12.436653 15.923061 -0.715741
v 12.914811 16.048126 -0.704177
v 12.914742 15.929537 -0.735727
v 12.917326 15.811073 -0.703811
v 12.921867 15.724478 -0.616980
v 12.927151 15.692954 -0.498501
v 12.931762 15.724949 -0.380121
v 12.934463 15.811889 -0.293558
v 12.934530 15.930478 -0.262008
v 12.931948 16.048941 -0.293924
v 12.927782 16.100107 -0.380700
v 12.922498 16.131632 -0.499179
v 12.917888 16.099636 -0.617559
v 11.820748 16.038870 -0.659170
v 11.826606 16.111336 -0.572598
v 11.831203 16.143330 -0.454217
v 11.836747 16.111816 -0.335754
v 11.838450 16.039707 -0.248947
v 11.838549 15.920855 -0.217041
v 11.839001 15.799941 -0.248612
v 11.836571 15.711479 -0.335186
v 11.831903 15.679482 -0.453563
v 11.826273 15.710993 -0.572025
v 11.821165 15.799099 -0.658830
v 11.817952 15.919883 -0.690717
v 11.970308 16.039522 -0.665213
v 11.970727 15.920951 -0.696788
v 11.973914 15.801814 -0.664902
v 11.979010 15.714516 -0.578099
v 11.984640 15.683005 -0.459638
v 11.989307 15.715002 -0.341260
v 11.991751 15.802656 -0.254686
v 11.991323 15.921923 -0.223111
v 11.988145 16.040363 -0.254996
v 11.983281 16.112352 -0.341780
v 11.977651 16.143862 -0.460240
v 11.972983 16.111866 -0.578618
v 11.669251 16.038143 -0.653110
v 11.676354 16.110657 -0.566545
v 11.680884 16.142649 -0.448160
v 11.686343 16.111132 -0.329693
v 11.686820 16.038975 -0.242882
v 11.685765 15.920372 -0.210970
v 11.686193 15.801105 -0.242544
v 11.683751 15.713451 -0.329119
v 11.679084 15.681455 -0.447497
v 11.673453 15.712965 -0.565957
v 11.668357 15.800263 -0.652761
v 11.665170 15.919399 -0.684647
v 13.057719 16.049633 -0.710150
v 13.057651 15.931043 -0.741699
v 13.060233 15.812579 -0.709784
v 13.064775 15.725985 -0.622953
v 13.070059 15.694461 -0.504474
v 13.074669 15.726455 -0.386093
v 13.077371 15.813395 -0.299530
v 13.077438 15.931985 -0.267981
v 13.074856 16.050447 -0.299896
v 13.070690 16.101614 -0.386673
v 13.065406 16.133137 -0.505151
v 13.060796 16.101143 -0.623532
v 13.284184 16.034063 0.826942
v 13.315799 16.119184 0.920766
v 13.308827 16.143496 1.041024
v 13.279937 16.118366 1.157794
v 13.222069 16.032644 1.237490
v 13.218550 15.912678 1.269026
v 13.224640 15.792931 1.237051
v 13.283838 15.754530 1.157128
v 13.313256 15.730453 1.040267
v 13.319700 15.755348 0.920100
v 13.286756 15.794349 0.826503
v 13.290275 15.914315 0.794967
v 13.363842 15.914640 1.048557
v 13.321930 15.913948 1.180772
v 13.362919 15.914885 0.909859
v 12.331393 16.041300 0.652793
v 12.338164 15.904430 0.616218
v 12.333945 15.767941 0.652237
v 12.319580 15.699344 0.751261
v 12.299428 15.662169 0.886642
v 12.278591 15.698410 1.022174
v 12.262950 15.766322 1.121476
v 12.256186 15.902562 1.158049
v 12.260398 16.039680 1.122033
v 12.274465 16.140308 1.023074
v 12.294617 16.177483 0.887691
v 12.315454 16.141243 0.752161
v 12.769992 16.045881 0.719168
v 12.776763 15.909013 0.682593
v 12.772546 15.772411 0.718612
v 12.758232 15.698162 0.817624
v 12.738081 15.660988 0.953006
v 12.717243 15.697228 1.088538
v 12.701550 15.770794 1.187852
v 12.694785 15.907144 1.224424
v 12.698997 16.044264 1.188408
v 12.713064 16.144892 1.089450
v 12.733216 16.182066 0.954066
v 12.754053 16.145826 0.818536
v 12.219985 16.040329 0.635889
v 12.204051 16.123409 0.735200
v 12.183180 16.159649 0.870726
v 12.163160 16.122477 1.006128
v 12.149160 16.038713 1.105155
v 12.145271 15.901600 1.141218
v 12.152338 15.764736 1.104687
v 12.168450 15.666386 1.005351
v 12.189321 15.630146 0.869824
v 12.209340 15.667318 0.734423
v 12.223163 15.766353 0.635424
v 12.227052 15.903466 0.599359
v 12.449788 16.042240 0.670709
v 12.434072 16.127733 0.770059
v 12.413274 16.163975 0.905597
v 12.393084 16.126801 1.040973
v 12.378793 16.040625 1.139949
v 12.374437 15.903504 1.175943
v 12.381066 15.766635 1.139348
v 12.396881 15.669004 1.039970
v 12.417681 15.632764 0.904434
v 12.437870 15.669938 0.769056
v 12.452062 15.768251 0.670109
v 12.456416 15.905371 0.634112
v 12.656197 16.044041 0.701945
v 12.662826 15.907170 0.665348
v 12.658470 15.770051 0.701344
v 12.644278 15.672040 0.800293
v 12.624086 15.634866 0.935670
v 12.603289 15.671107 1.071206
v 12.587475 15.768435 1.170584
v 12.580847 15.905304 1.207179
v 12.585201 16.042423 1.171184
v 12.599492 16.128601 1.072208
v 12.619682 16.165775 0.936832
v 12.640481 16.129534 0.801295
v 12.886426 16.047058 0.736789
v 12.893339 15.910191 0.700235
v 12.889269 15.773072 0.736272
v 12.875284 15.674619 0.835251
v 12.855171 15.637444 0.970638
v 12.834295 15.673683 1.106164
v 12.818274 15.771453 1.205512
v 12.811361 15.908319 1.242066
v 12.815431 16.045437 1.206028
v 12.829543 16.131613 1.107027
v 12.849656 16.168787 0.971639
v 12.870532 16.132547 0.836114
v 12.553035 16.042984 0.686333
v 12.537349 16.128477 0.785687
v 12.516562 16.164719 0.921227
v 12.496360 16.127544 1.056601
v 12.482039 16.041368 1.155573
v 12.477637 15.904248 1.191560
v 12.484218 15.767378 1.154958
v 12.500018 15.667432 1.055571
v 12.520804 15.631190 0.920031
v 12.541007 15.668365 0.784657
v 12.555213 15.768993 0.685718
v 12.559615 15.906114 0.649729
v 13.047400 16.048780 0.761150
v 13.054360 15.911915 0.724603
v 13.050339 15.774797 0.760648
v 13.036410 15.674170 0.859627
v 13.016310 15.636994 0.995017
v 12.995421 15.673234 1.130541
v 12.979343 15.773176 1.229887
v 12.972383 15.910043 1.266434
v 12.976405 16.047159 1.230389
v 12.990771 16.106838 1.131335
v 13.010872 16.144014 0.995946
v 13.031760 16.107775 0.860422
v 11.894639 16.037596 0.585849
v 11.881083 16.120733 0.684903
v 11.860499 16.156979 0.820467
v 11.840815 16.119814 0.955915
v 11.824381 16.035994 1.055190
v 11.817889 15.898479 1.091472
v 11.825088 15.758908 1.054952
v 11.841304 15.657198 0.955618
v 11.862186 15.620959 0.820093
v 11.882161 15.658131 0.684687
v 11.895856 15.760524 0.585678
v 11.899605 15.900344 0.549603
v 12.058066 16.038960 0.611279
v 12.065231 15.902098 0.574761
v 12.061460 15.764182 0.610841
v 12.047753 15.662723 0.709849
v 12.027778 15.625551 0.845257
v 12.006896 15.661790 0.980782
v 11.990691 15.762567 1.080113
v 11.983516 15.900232 1.116632
v 11.987298 16.037344 1.080551
v 12.001223 16.121105 0.981514
v 12.021198 16.158278 0.846106
v 12.042080 16.122038 0.710581
v 11.729649 16.036196 0.560567
v 11.716957 16.119352 0.659515
v 11.696667 16.155605 0.795117
v 11.677268 16.118448 0.930604
v 11.659893 16.034605 1.029973
v 11.652253 15.897401 1.066313
v 11.659428 15.759735 1.029796
v 11.675632 15.658958 0.930466
v 11.696514 15.622720 0.794941
v 11.716490 15.659891 0.659532
v 11.730196 15.761351 0.560524
v 11.733968 15.899266 0.524445
v 13.195299 16.050325 0.783532
v 13.202260 15.913460 0.746986
v 13.198237 15.776342 0.783030
v 13.184310 15.675714 0.882010
v 13.164209 15.638540 1.017399
v 13.143321 15.674779 1.152923
v 13.127242 15.774721 1.252270
v 13.120282 15.911588 1.288816
v 13.124304 16.048706 1.252772
v 13.138671 16.108383 1.153717
v 13.158772 16.145559 1.018328
v 13.179660 16.109320 0.882804
v 13.538103 16.121147 0.021245
v 13.585146 16.210672 0.115735
v 13.591986 16.236393 0.242019
v 13.573720 16.210201 0.367065
v 13.518312 16.120329 0.456562
v 13.518117 15.994478 0.490058
v 13.520982 15.868753 0.456211
v 13.577771 15.828360 0.366532
v 13.596585 15.802910 0.241414
v 13.589198 15.828831 0.115203
v 13.540772 15.869571 0.020894
v 13.540969 15.995422 -0.012604
v 13.654600 15.996269 0.244415
v 13.623593 15.995741 0.386933
v 13.636653 15.996281 0.099672
v 12.445904 16.127649 -0.059583
v 12.448623 15.983944 -0.098291
v 12.447839 15.840756 -0.060026
v 12.443542 15.768929 0.045010
v 12.437273 15.730138 0.188580
v 12.430483 15.768397 0.332272
v 12.425219 15.839836 0.437527
v 12.422503 15.982882 0.476235
v 12.423284 16.126728 0.437968
v 12.427354 16.232174 0.332987
v 12.433623 16.270966 0.189415
v 12.440413 16.232706 0.045725
v 12.947145 16.132935 -0.036785
v 12.949866 15.989230 -0.075493
v 12.949082 15.845926 -0.037229
v 12.944826 15.768166 0.067798
v 12.938556 15.729375 0.211368
v 12.931766 15.767634 0.355060
v 12.926462 15.845006 0.460324
v 12.923746 15.988168 0.499032
v 12.924525 16.132015 0.460766
v 12.928596 16.237461 0.355785
v 12.934866 16.276251 0.212212
v 12.941656 16.237991 0.068522
v 12.318900 16.127037 -0.065455
v 12.312969 16.214376 0.039804
v 12.306005 16.252628 0.183489
v 12.300124 16.213850 0.327075
v 12.296653 16.126125 0.432111
v 12.296951 15.982317 0.470417
v 12.300693 15.838650 0.431747
v 12.306849 15.735287 0.326469
v 12.313813 15.697036 0.182785
v 12.319694 15.735812 0.039199
v 12.322941 15.839561 -0.065818
v 12.322641 15.983369 -0.104123
v 12.581432 16.128155 -0.053423
v 12.576305 16.218048 0.051871
v 12.569627 16.256310 0.195566
v 12.563246 16.217522 0.339134
v 12.558812 16.127245 0.444129
v 12.557616 15.983397 0.482378
v 12.559919 15.839689 0.443654
v 12.565095 15.737060 0.338339
v 12.571774 15.698796 0.194644
v 12.578156 15.737584 0.051077
v 12.582540 15.840599 -0.053899
v 12.583735 15.984447 -0.092146
v 12.817324 16.129530 -0.042697
v 12.819627 15.985823 -0.081420
v 12.818431 15.841974 -0.043172
v 12.814045 15.739277 0.061805
v 12.807663 15.700489 0.205371
v 12.800985 15.738752 0.349066
v 12.795811 15.841064 0.454381
v 12.793508 15.984773 0.493105
v 12.794703 16.128620 0.454855
v 12.799137 16.218897 0.349861
v 12.805518 16.257685 0.206293
v 12.812197 16.219423 0.062597
v 13.079979 16.134212 -0.030741
v 13.083115 15.990513 -0.069433
v 13.082752 15.846668 -0.031153
v 13.078964 15.743505 0.073845
v 13.072806 15.704712 0.217420
v 13.065905 15.742967 0.361106
v 13.060131 15.845737 0.466399
v 13.056995 15.989438 0.505091
v 13.057359 16.133282 0.466811
v 13.061270 16.223560 0.361794
v 13.067428 16.262352 0.218218
v 13.074329 16.224098 0.074533
v 12.699502 16.128355 -0.048056
v 12.694462 16.218248 0.057242
v 12.687820 16.256512 0.200938
v 12.681402 16.217724 0.344504
v 12.676881 16.127449 0.449497
v 12.675547 15.983600 0.487740
v 12.677711 15.839890 0.449010
v 12.682795 15.734829 0.343687
v 12.689436 15.696565 0.199993
v 12.695854 15.735352 0.056426
v 12.700331 15.840796 -0.048541
v 12.701666 15.984646 -0.086785
v 13.263864 16.136284 -0.022377
v 13.267138 15.992584 -0.061063
v 13.266914 15.848741 -0.022778
v 13.263251 15.743296 0.082221
v 13.257130 15.704502 0.225797
v 13.250192 15.742756 0.369482
v 13.244295 15.847806 0.474773
v 13.241019 15.991506 0.513461
v 13.241243 16.135349 0.475175
v 13.245363 16.197819 0.370117
v 13.251484 16.236612 0.226540
v 13.258423 16.198359 0.082856
v 11.951588 16.125891 -0.082798
v 11.948270 16.213375 0.022402
v 11.941333 16.251629 0.166087
v 11.935636 16.212858 0.309680
v 11.929585 16.124990 0.414779
v 11.927410 15.980685 0.453146
v 11.931539 15.834188 0.414486
v 11.937979 15.727308 0.309213
v 11.945001 15.689059 0.165531
v 11.950753 15.727832 0.021939
v 11.953663 15.835095 -0.083085
v 11.952957 15.981733 -0.121400
v 12.136059 16.126444 -0.074017
v 12.140140 15.982788 -0.112673
v 12.140812 15.838149 -0.074355
v 12.137887 15.731865 0.030670
v 12.132135 15.693092 0.174262
v 12.125113 15.731341 0.317943
v 12.118689 15.837241 0.423216
v 12.114594 15.981741 0.461873
v 12.113935 16.125536 0.423555
v 12.117167 16.213253 0.318508
v 12.122919 16.252026 0.174918
v 12.129940 16.213776 0.031235
v 11.765246 16.125237 -0.091545
v 11.762859 16.212772 0.013633
v 11.756004 16.251030 0.157320
v 11.750362 16.212263 0.300918
v 11.743362 16.124342 0.406036
v 11.740214 15.980340 0.444419
v 11.744309 15.835841 0.405762
v 11.750734 15.729940 0.300489
v 11.757756 15.691691 0.156806
v 11.763508 15.730464 0.013216
v 11.766434 15.836748 -0.091810
v 11.765761 15.981388 -0.130128
v 13.432885 16.138065 -0.014689
v 13.436160 15.994367 -0.053375
v 13.435936 15.850523 -0.015090
v 13.432273 15.745078 0.089908
v 13.426151 15.706285 0.233485
v 13.419213 15.744538 0.377170
v 13.413316 15.849589 0.482461
v 13.410041 15.993288 0.521148
v 13.410265 16.137133 0.482862
v 13.414385 16.199602 0.377805
v 13.420506 16.238396 0.234227
v 13.427444 16.200142 0.090543
v 10.840544 16.248051 0.566709
v 10.533935 16.246180 0.500968
v 10.820760 16.271639 0.327432
v 10.524861 16.267025 0.320150
v 10.820881 16.281061 0.139393
v 10.502546 16.280527 0.129589
v 10.192981 16.271927 0.109647
v 9.885392 16.258318 0.093060
v 9.650784 16.240942 0.085244
v 10.597795 16.259575 -0.138928
v 10.244066 16.273859 -0.128386
v 9.894828 16.277178 -0.123325
v 11.358294 16.190704 -0.166407
v 11.133259 16.221539 -0.157622
v 11.125900 16.234394 -0.024821
v 10.828855 16.261236 -0.027320
v 10.521087 16.272579 -0.047202
v 10.528168 16.266947 -0.218493
v 10.834188 16.251589 -0.256381
v 11.133191 16.230141 -0.276427
v 10.603842 16.211998 -0.618087
v 10.255565 16.241619 -0.590758
v 11.301315 16.136726 -0.751158
v 11.137891 16.156410 -0.756786
v 10.843289 16.191233 -0.730743
v 10.542118 16.219852 -0.688338
v 10.523832 16.232042 -0.532639
v 10.827557 16.210480 -0.534817
v 10.827389 16.241465 -0.390909
v 10.511766 16.255436 -0.368624
v 10.207772 16.263769 -0.349262
v 11.126732 16.148331 -0.888198
v 10.829657 16.186892 -0.859591
v 10.516239 16.212713 -0.829824
v 10.220720 16.227282 -0.802688
v 11.415198 15.666385 -1.012408
v 11.268699 15.651220 -1.030947
v 11.133071 15.649612 -1.017000
v 10.821823 15.606260 -0.983278
v 0.218676 17.736584 0.871087
v 0.244346 17.428011 0.896854
v 0.318595 16.734322 1.089358
v 0.324262 16.703394 1.213374
v 0.323602 16.639084 1.289501
v -0.000000 16.549377 1.319087
v 0.601347 18.066154 0.701873
v 0.638298 18.168377 0.797823
v 0.810857 18.176294 1.122501
v 1.064201 18.247192 1.658706
v 0.832067 17.773668 0.516329
v 0.633340 17.756540 0.694324
v 0.633261 16.722591 0.983191
v 0.668593 16.671415 1.155437
v -0.000000 16.833055 1.083907
v 0.301442 16.832701 1.033171
v 1.374670 16.709291 0.720805
v 1.671492 16.767025 0.431457
v -0.000000 17.077738 1.004555
v 0.278332 17.084690 0.967439
v 1.611145 16.718990 0.586785
v 2.041347 7.786950 -0.319884
v 2.092879 7.787312 0.000555
v 2.041332 7.787312 0.337430
v 1.851840 7.787312 0.731423
v 1.589286 7.787312 0.936396
v 1.320468 7.787312 1.000024
v 1.044389 7.787312 0.916666
v 0.770748 7.787312 0.673369
v 0.659377 7.787512 0.334912
v 0.602750 7.782546 -0.018535
v 0.659377 7.787101 -0.332530
v 0.806240 7.778170 -0.612366
v 1.019586 7.771123 -0.772269
v 1.279375 7.772203 -0.838762
v 1.608586 7.777511 -0.777297
v 1.872020 7.784670 -0.593252
v 1.953880 6.562641 -0.280866
v 1.807268 6.562641 -0.512348
v 1.586049 6.562641 -0.681476
v 1.330787 6.562641 -0.740866
v 1.077440 6.562641 -0.681476
v 0.845508 6.562641 -0.522761
v 0.701999 6.562641 -0.287468
v 0.651605 6.562641 -0.005591
v 0.701999 6.562641 0.317006
v 0.827770 6.562641 0.641628
v 1.069037 6.562641 0.851589
v 1.330786 6.562641 0.920620
v 1.584315 6.562641 0.861236
v 1.804521 6.562641 0.668591
v 1.953919 6.562641 0.324113
v 2.004313 6.562641 0.002526
v 1.946828 4.429299 -0.302661
v 1.996781 4.429299 -0.010263
v 1.946828 4.429299 0.254558
v 1.804572 4.429299 0.471001
v 1.591671 4.429299 0.614776
v 1.340537 4.429299 0.665263
v 1.089404 4.429299 0.614776
v 0.876503 4.429299 0.471001
v 0.734248 4.429299 0.254558
v 0.684295 4.429299 -0.010263
v 0.734248 4.429299 -0.302661
v 0.876503 4.429299 -0.546217
v 1.089404 4.429299 -0.687798
v 1.340538 4.429299 -0.737817
v 1.591671 4.429299 -0.687798
v 1.804573 4.429299 -0.546216
v 1.809782 2.617695 -0.213876
v 1.704555 2.595085 -0.392258
v 1.536222 2.600835 -0.512300
v 1.342095 2.605866 -0.554938
v 1.146743 2.610692 -0.514129
v 0.981882 2.619372 -0.395451
v 0.874062 2.627501 -0.214926
v 0.835923 2.626963 -0.004581
v 0.873196 2.624888 0.202595
v 0.983507 2.624200 0.380135
v 1.147897 2.627387 0.497430
v 1.340580 2.624028 0.538079
v 1.533137 2.625851 0.497341
v 1.696518 2.619279 0.380748
v 1.806665 2.632125 0.204240
v 1.845337 2.633450 -0.004097
v 1.836576 1.711087 -0.295980
v 1.925328 1.707544 -0.163265
v 1.900877 1.518592 -0.175793
v 1.829268 1.522955 -0.304249
v 1.924067 1.719993 0.153391
v 1.836707 1.722193 0.281863
v 1.830111 1.551077 0.288877
v 1.898025 1.532237 0.167119
v 1.949089 1.716543 -0.003773
v 1.924227 1.525330 -0.004259
v 1.890506 1.912932 -0.001319
v 1.865652 1.908889 -0.157249
v 1.869804 1.910281 0.154565
v 1.806514 1.905535 0.270852
v 1.812105 1.883957 -0.269893
v 0.768240 1.829857 -0.162014
v 0.841860 1.821338 -0.297056
v 0.851893 1.622951 -0.302952
v 0.787442 1.623171 -0.176017
v 0.748426 1.829165 -0.002370
v 0.766101 1.622586 -0.001620
v 0.767247 1.833520 0.158750
v 0.793953 1.626683 0.170503
v 0.850735 1.823139 0.292560
v 0.860917 1.654951 0.286644
v 0.820678 2.000467 0.155661
v 0.874753 1.977036 0.271561
v 0.800243 1.998903 -0.001411
v 0.820742 1.999788 -0.158942
v 0.879246 1.991472 -0.275806
v -0.000000 31.327297 -0.337567
v 0.031507 31.327297 -0.342557
v 0.059930 31.327297 -0.357040
v 0.082486 31.327297 -0.379596
v 0.096968 31.327297 -0.408019
v 0.101959 31.327297 -0.439526
v 0.096968 31.327297 -0.471033
v 0.082486 31.327297 -0.499455
v 0.059930 31.327297 -0.522012
v 0.031507 31.327297 -0.536494
v -0.000000 31.327297 -0.541484
v 0.206516 31.244246 -0.506627
v 0.175673 31.244246 -0.567159
v 0.127634 31.244246 -0.615198
v 0.067101 31.244246 -0.646041
v -0.000000 31.244246 -0.656669
v -0.000000 31.244246 -0.222382
v 0.067101 31.244246 -0.233010
v 0.127634 31.244246 -0.263853
v 0.175673 31.244246 -0.311892
v 0.206515 31.244246 -0.372425
v 0.217143 31.244246 -0.439526
v 0.255272 31.369381 -0.522469
v 0.217147 31.369381 -0.597292
v 0.157767 31.369381 -0.656673
v 0.082943 31.369381 -0.694798
v -0.000000 31.369381 -0.707934
v -0.000000 31.369381 -0.171117
v 0.082943 31.369381 -0.184254
v 0.157767 31.369381 -0.222378
v 0.217147 31.369381 -0.281759
v 0.255272 31.369381 -0.356583
v 0.268409 31.369381 -0.439526
v 0.408008 31.407318 -0.572095
v 0.347072 31.407318 -0.691688
v 0.252163 31.407318 -0.786598
v 0.132570 31.407318 -0.847533
v -0.000000 31.407318 -0.868530
v -0.000000 31.407318 -0.010521
v 0.132570 31.407318 -0.031518
v 0.252162 31.407318 -0.092454
v 0.347072 31.407318 -0.187363
v 0.408007 31.407318 -0.306956
v 0.429004 31.407318 -0.439526
v 0.231722 31.290545 -0.514817
v 0.243647 31.290545 -0.439526
v 0.231722 31.290545 -0.364235
v 0.197115 31.290545 -0.296314
v 0.143212 31.290545 -0.242411
v 0.075291 31.290545 -0.207804
v -0.000000 31.290545 -0.195879
v -0.000000 31.290545 -0.683173
v 0.075291 31.290545 -0.671248
v 0.143212 31.290545 -0.636640
v 0.197115 31.290545 -0.582738
v 0.054323 29.589460 4.160480
v 0.066916 29.150267 4.428964
v 0.093018 28.069389 4.989746
v 0.095672 27.429001 5.279122
v 0.089562 26.707260 5.574009
v 0.081597 25.964710 5.847702
v 0.106581 24.572346 6.199137
v 0.137627 23.267134 6.245281
v 0.239391 22.627398 6.172982
v 0.402627 22.122215 6.079562
v 0.689085 19.651854 4.769360
v 0.677657 19.203604 4.239130
v 0.476108 18.354237 2.542835
v 1.357542 19.677675 4.687067
v 1.345950 19.236515 4.159164
v 0.935111 18.371311 2.379038
v 0.734999 18.229626 1.842751
v 0.357247 18.219110 1.988395
v -0.000000 18.208822 2.023017
v 2.998198 29.605047 -3.191719
v 3.885246 29.607967 -2.401655
v 4.513352 29.606934 -1.321718
v 4.744821 29.609385 -0.050987
v 4.532519 29.606665 1.221910
v 3.874337 29.590090 2.379772
v 2.976346 29.606152 3.184730
v 0.778835 29.589529 4.221693
v 2.134331 29.575006 -3.682181
v 1.053074 28.840960 -4.349589
v 0.535717 18.807505 -1.537816
v 0.631195 19.059629 -1.967263
v 0.758290 19.427683 -2.474427
v 1.333996 23.041685 -4.708764
v 1.382111 24.566391 -4.965855
v 1.340859 26.234600 -4.927639
v 1.278682 27.108435 -4.789183
v 1.177596 28.067223 -4.565377
v 1.028158 29.526651 -4.128405
v -0.000000 29.508680 -4.285969
v 1.417445 16.862066 0.483990
v 1.191071 16.822191 0.640390
v 1.018888 17.107695 0.581832
v 0.903353 17.456451 0.526333
v 0.909965 16.824902 0.779563
v 0.807261 17.094629 0.738904
v 0.698500 17.443394 0.699587
v 0.599859 16.833206 0.921502
v 0.550115 17.082508 0.874824
v 0.481708 17.434818 0.816898
v 0.433413 17.743908 0.797336
v 0.397900 18.048880 0.816418
v 0.424735 18.135988 0.938225
v 0.531640 18.151585 1.293962
v 1.252317 17.193186 0.077013
v 1.090377 17.515804 0.050306
v 0.998395 17.822098 0.066681
v 0.978379 18.146608 0.091833
v 1.038617 18.299755 0.108142
v 1.308861 18.341406 0.169351
v 1.698445 18.418648 0.272299
v 2.337539 16.830158 -0.129708
v 1.967376 16.916500 -0.187445
v 1.568395 17.053471 -0.211152
v 1.239876 17.235847 -0.249861
v 1.064758 17.537060 -0.272734
v 0.975464 17.849880 -0.256007
v 0.958424 18.190361 -0.240378
v 1.021033 18.351421 -0.244292
v 1.261960 18.412554 -0.233885
v 1.621547 18.495771 -0.218164
v 2.347377 16.791660 -0.524099
v 1.907535 16.861032 -0.601511
v 1.431572 16.998535 -0.654960
v 1.117257 17.237848 -0.614991
v 0.942991 17.542301 -0.573088
v 0.864805 17.869865 -0.555421
v 0.854685 18.233131 -0.550976
v 0.912731 18.391878 -0.570988
v 1.139331 18.485844 -0.579898
v 1.432549 18.576912 -0.640365
v 1.130055 18.621370 -0.964992
v 0.873332 18.664482 -1.182849
v -0.000000 20.589005 -3.704389
v -0.000000 21.043356 5.795089
v 0.728359 21.041185 5.727381
v 1.557661 21.030951 5.534791
v 2.708651 20.890621 5.007344
v 0.710111 20.433702 5.424133
v 1.400732 20.432987 5.243129
v 2.238825 20.420959 4.866273
v 2.582962 20.450344 4.686724
v -0.000000 20.432987 5.472528
v 0.717394 20.460112 5.432630
v -0.000000 20.458694 5.487299
v 1.418864 20.458694 5.266210
v 2.281150 20.450075 4.882451
v 0.660449 20.386717 4.808637
v 1.314743 20.366659 4.702905
v 2.163609 20.383154 4.474950
v 2.492620 20.438364 4.409001
v -0.000000 20.390879 4.886155
v -0.000000 20.458694 4.943899
v 0.680905 20.446169 4.869573
v 1.351417 20.447348 4.765388
v 2.141727 20.454117 4.531979
v 1.387764 20.128389 5.093321
v 2.296113 20.209021 4.762927
v 2.769517 20.440622 4.636338
v 2.441139 20.643488 4.950204
v 1.474892 20.690317 5.379129
v 0.733279 20.690165 5.555519
v -0.000000 20.689678 5.616185
v -0.000000 20.101625 5.240033
v 0.699805 20.109528 5.213085
v 0.670040 20.493990 5.162183
v 1.326650 20.474020 4.973914
v 2.128376 20.462122 4.660638
v 2.489825 20.445496 4.545567
v 2.137178 20.384617 4.701294
v 1.350310 20.361752 4.969027
v 0.678575 20.363192 5.098195
v -0.000000 20.367098 5.147450
v -0.000000 20.509474 5.247258
v 2.558620 21.912949 5.482536
v 2.705809 22.218840 5.433692
v 2.781860 22.498245 5.289881
v 2.496191 27.009630 5.035745
v 2.375762 27.571522 4.989007
v 4.176098 21.945024 4.543096
v 4.085885 22.191662 4.640349
v 4.000844 22.399321 4.666678
v 3.826128 27.087652 4.294017
v 3.920110 27.585463 4.099923
v 2.029495 20.688437 5.169424
v 1.919293 20.452644 5.073301
v 1.775006 20.374672 4.858782
v 1.771067 20.457876 4.646543
v 1.880308 20.152988 4.933543
v 1.875357 20.430004 5.049497
v 1.773422 20.464310 4.810723
v 1.789841 20.364630 4.578806
v 2.181650 20.997885 5.294341
v 3.090779 28.207373 4.347938
v 3.989678 28.081005 3.729488
v 5.152800 28.146751 1.795144
v 5.700195 27.179251 1.547304
v 6.059622 26.302555 1.442124
v 6.384607 24.573856 1.477109
v 6.122099 22.971821 1.999943
v 5.722765 22.018538 2.473516
v 4.246938 21.229366 4.258966
v 3.276762 21.126095 4.885753
v 2.306875 21.275356 5.386745
v 1.582783 21.326511 5.652472
v 0.682185 21.364643 5.860073
v -0.000000 21.346949 5.893729
v 3.043281 29.146063 3.561331
v 1.202015 30.301065 -3.716407
v 1.254479 30.963606 -3.411065
v 1.240607 31.573158 -3.113222
v 1.210638 32.155186 -2.768953
v 1.189240 32.557461 -2.462389
v 1.164740 32.958279 -2.075081
v 1.135119 33.399288 -1.519648
v 1.172406 33.615421 -1.140408
v 1.195636 33.703583 -0.853111
v 1.182318 33.609280 -0.547679
v 1.169887 33.351486 -0.117885
v 1.187928 32.964954 0.527598
v 1.224410 32.568016 1.154341
v 1.263706 32.152863 1.710119
v 1.307979 31.581358 2.343404
v 1.348553 30.961498 2.931347
v 1.381823 30.345369 3.456357
v 1.441059 29.623993 4.008605
v 2.237232 29.622335 3.640470
v 2.278051 29.156143 4.000833
v 2.317632 28.150103 4.734160
v 1.511198 29.167614 4.328807
v 1.591398 28.105349 4.956944
v 1.495591 23.601057 5.708040
v 0.031507 31.329721 -0.439526
v -0.000000 31.329721 -0.471033
v 0.031507 31.328934 -0.471033
v -0.000000 31.329721 -0.408019
v 0.031507 31.328934 -0.408019
v 0.059930 31.328228 -0.408019
v 0.059930 31.328743 -0.439526
v 0.059930 31.328228 -0.471033
v 0.157391 31.291786 -0.490665
v 0.133885 31.291786 -0.536799
v 0.097273 31.291786 -0.573410
v 0.051139 31.291786 -0.596916
v -0.000000 31.291786 -0.605016
v -0.000000 31.291786 -0.274035
v 0.051139 31.291786 -0.282135
v 0.097273 31.291786 -0.305641
v 0.133885 31.291786 -0.342253
v 0.157391 31.291786 -0.388386
v 0.165490 31.291786 -0.439526
v 0.334443 11.678907 -1.056828
v 0.716006 11.680366 -1.010421
v 1.269274 11.703552 -0.818571
v 1.689222 11.709065 -0.473088
v 1.975994 11.702669 -0.054135
v 2.078896 11.697529 0.427217
v 1.980772 11.692713 0.925567
v 1.690996 11.692117 1.379015
v 1.232261 11.691876 1.802457
v 0.642404 11.692010 2.083174
v -0.000000 11.692840 2.151063
v -0.000000 11.678297 -1.071344
v 1.917869 3.996531 -0.316877
v 1.782409 3.996531 -0.542978
v 1.579676 3.996531 -0.680142
v 1.340538 3.996531 -0.728305
v 1.101399 3.996531 -0.680142
v 0.898667 3.996531 -0.542979
v 0.763206 3.996531 -0.316877
v 0.715639 3.996531 -0.025442
v 0.763206 3.996531 0.237726
v 0.898667 3.996531 0.447828
v 1.101399 3.996531 0.585116
v 1.340537 3.996531 0.633325
v 1.579676 3.996531 0.585116
v 1.782408 3.996531 0.447829
v 1.917869 3.996531 0.237727
v 1.965436 3.996531 -0.025441
v 1.877944 3.565471 -0.303216
v 1.751852 3.565471 -0.504883
v 1.563139 3.565471 -0.635751
v 1.340538 3.565471 -0.681704
v 1.117937 3.565471 -0.635751
v 0.929224 3.565471 -0.504884
v 0.803131 3.565471 -0.303217
v 0.758853 3.565471 -0.031917
v 0.803131 3.565471 0.223965
v 0.929224 3.565471 0.427207
v 1.117937 3.565471 0.558172
v 1.340537 3.565471 0.604161
v 1.563139 3.565471 0.558172
v 1.751851 3.565471 0.427207
v 1.877944 3.565471 0.223965
v 1.922222 3.565471 -0.031916
v 5.522675 25.183033 2.972425
v 5.714089 25.253555 2.791123
v 5.972068 25.358448 2.418708
v 6.289103 25.449089 1.420016
v 6.362091 25.452705 0.828885
v 6.287402 25.449003 -0.331668
v 5.955517 25.440266 -1.437531
v 5.145473 25.430182 -2.783169
v 4.038558 25.421589 -3.839226
v 2.742607 25.408415 -4.562670
v 1.374300 25.401754 -4.985488
v -0.000000 25.402201 -5.114316
v -0.000000 25.279331 5.889878
v 0.091865 25.275766 6.055471
v 0.698294 25.263458 5.922282
v 1.007719 25.240499 5.740844
v 1.276150 25.168198 5.573165
v 5.558605 23.933289 3.087722
v 5.750980 23.909130 2.916259
v 6.006662 23.865196 2.617704
v 6.328495 23.742685 1.678229
v 6.394824 23.753157 1.013736
v 6.309324 23.767563 -0.188183
v 5.963889 23.777563 -1.330395
v 5.133444 23.785679 -2.680701
v 4.030493 23.792755 -3.733839
v 2.745852 23.795504 -4.457676
v 1.368626 23.796824 -4.876857
v -0.000000 23.797274 -5.008529
v -0.000000 23.912455 6.080528
v 0.110144 23.920357 6.258679
v 0.701097 23.941170 6.153896
v 1.072542 24.017868 5.938118
v 1.337715 24.094793 5.723859
v 1.540574 25.012432 5.357516
v 1.527886 24.601597 5.435493
v 1.566024 24.204437 5.494493
v 1.688224 23.832588 5.504992
v 1.979821 23.430241 5.421833
v 2.373287 23.161055 5.359433
v 2.879811 22.990662 5.300757
v 3.392407 22.911242 5.177936
v 4.017048 22.905230 4.888699
v 4.521269 22.992161 4.523532
v 4.962257 23.223139 4.030754
v 5.275330 23.616982 3.554132
v 5.421591 24.051474 3.276628
v 5.458569 24.562977 3.137611
v 5.385533 25.066858 3.171346
v 5.220494 25.514282 3.343747
v 4.966277 25.886831 3.641214
v 4.514256 26.238108 4.112095
v 3.939436 26.386513 4.527818
v 3.374201 26.383802 4.832459
v 2.818362 26.270147 5.043442
v 2.368582 26.087547 5.154480
v 1.968474 25.816002 5.204162
v 1.678140 25.426430 5.237700
v 1.474976 25.052992 5.380236
v 1.472522 24.607691 5.477293
v 1.525403 24.175491 5.529153
v 1.656554 23.764622 5.519073
v 1.938089 23.305237 5.410958
v 2.334506 23.011950 5.298139
v 2.837458 22.833174 5.210743
v 3.350422 22.752573 5.077162
v 3.966551 22.750532 4.779094
v 4.475075 22.846226 4.408238
v 4.935885 23.110447 3.934284
v 5.273335 23.542625 3.492899
v 5.440000 24.014378 3.236086
v 5.482390 24.558083 3.104402
v 5.396420 25.097496 3.117651
v 5.205941 25.590454 3.249663
v 4.926774 26.023800 3.499254
v 4.456671 26.419571 3.906371
v 3.833271 26.597982 4.265372
v 3.246778 26.603746 4.567678
v 2.679716 26.486412 4.820506
v 2.228490 26.276800 4.998372
v 1.897010 25.936102 5.129560
v 1.601609 25.500376 5.230537
v 4.952408 27.970633 2.478338
v 5.525741 27.043352 2.127940
v 5.906133 26.243191 1.979742
v 6.170362 25.423967 1.936994
v 6.281814 24.576326 1.993354
v 6.221082 23.822683 2.137203
v 5.979710 23.062119 2.431464
v 5.589938 22.338055 2.952353
v 4.237458 21.577971 4.390373
v 3.355026 21.467098 5.003171
v 2.459362 21.590569 5.449943
v 1.575125 21.694790 5.743222
v 0.554992 21.741968 5.984678
v -0.000000 21.722166 5.960677
v -0.000000 28.699972 4.502233
v 0.081498 28.697153 4.674231
v 0.819552 28.703835 4.743434
v 1.573693 28.695606 4.625906
v 2.298579 28.686813 4.359526
v 3.075496 28.692860 3.953394
v 4.060635 28.524286 3.226824
v 3.561353 20.707857 4.465404
v 2.404149 20.449402 4.430334
v 2.408939 20.393738 4.588810
v 2.520771 20.452608 4.735754
v 2.709508 20.571337 4.764569
v 3.038433 20.648350 4.694810
v 4.197940 20.786390 3.996433
v 2.756470 19.336954 3.541782
v 5.437697 21.129766 1.313838
v 5.409770 21.203505 0.126153
v 5.197643 21.049313 2.355314
v 3.246023 19.089794 2.031908
v 3.742984 22.242924 -3.377636
v 2.550772 22.250870 -4.055155
v 1.276775 22.254095 -4.446068
v -0.000000 22.256365 -4.568789
v 5.074434 21.265974 -1.012243
v 4.380891 21.329565 -2.146932
v 3.445609 21.377541 -3.066264
v 2.352056 21.390146 -3.696134
v 1.187915 21.393940 -4.059994
v -0.000000 21.396946 -4.175183
v 4.764915 20.876297 3.293301
v 4.997459 21.866070 3.724280
v 5.015040 21.498150 3.521590
v 3.488003 20.357153 4.242853
v 3.918220 20.292830 3.767154
v 4.304479 20.246529 3.105390
v 4.629279 20.232508 2.216654
v 4.807360 20.237133 1.242069
v 4.771770 20.288628 0.158391
v 4.474710 20.365152 -0.876442
v 3.871236 20.448519 -1.875447
v 3.056892 20.521463 -2.692014
v 2.091436 20.560946 -3.260512
v 1.059170 20.576803 -3.589495
v 2.404172 20.415030 4.413736
v 2.383009 20.468475 4.568116
v 2.477921 20.422461 4.732943
v 2.591123 20.298517 4.650208
v 2.833130 20.151346 4.451178
v 3.136217 19.989092 4.098748
v 3.429127 19.812807 3.598421
v 3.709647 19.682095 2.952304
v 3.970330 19.607986 2.119308
v 4.133927 19.595650 1.213602
v 4.114887 19.623892 0.238552
v 3.859723 19.682537 -0.691003
v 3.319451 19.761902 -1.568478
v 2.608965 19.844355 -2.283418
v 1.794836 19.903309 -2.789791
v 0.907573 19.940304 -3.075262
v 2.587632 19.593418 4.045972
v 2.412206 19.938530 4.496322
v 1.314012 18.876715 3.574468
v 0.648383 18.825371 3.659757
v -0.000000 18.808018 3.694252
v 1.221714 18.600245 2.953264
v 0.590706 18.552032 3.086793
v 1.917265 19.751650 4.581923
v 1.980071 19.345575 4.067801
v 2.024510 19.029741 3.490166
v 2.015249 18.723749 2.691386
v -1.725676 24.580154 5.272303
v -1.457357 25.218622 4.586373
v -1.578024 25.123384 4.868178
v -1.758476 24.896963 5.237617
v -1.538698 25.781689 4.522313
v -1.647248 25.600157 4.756900
v -1.872483 25.198486 5.202942
v -1.734715 26.191441 4.407555
v -1.872234 25.978144 4.701444
v -2.137083 25.505829 5.225933
v -2.052517 26.485302 4.237843
v -2.238783 26.248398 4.643472
v -2.533067 25.723589 5.226253
v -2.421975 26.671007 4.047423
v -2.650985 26.419567 4.552389
v -2.963394 25.862434 5.171066
v -4.015330 26.549646 3.266891
v -4.245820 26.336632 3.769663
v -4.510668 25.864317 4.294152
v -4.989598 24.569618 2.873706
v -4.932256 25.107412 2.878263
v -5.106003 25.066690 3.101581
v -5.208186 24.965410 3.304617
v -5.261691 24.569563 3.250525
v -1.475975 24.630793 4.602680
v -1.737997 24.949146 5.175663
v -1.849767 25.251492 5.162436
v -2.114073 25.560305 5.185185
v -2.509774 25.779297 5.185203
v -2.939888 25.918982 5.129758
v -4.487659 25.918793 4.253404
v -5.186128 24.992195 3.262204
v -1.414940 25.088692 5.416437
v -1.614081 24.964914 5.338405
v -1.533339 25.589878 5.269130
v -1.762986 25.319674 5.280045
v -1.810122 26.014847 5.103749
v -2.053474 25.645096 5.308270
v -2.113432 26.323919 5.011811
v -2.477477 25.877642 5.308884
v -2.561702 26.596088 4.731967
v -2.937024 26.027279 5.249237
v -4.448098 26.529192 3.771470
v -4.591918 26.026140 4.313555
v -5.417493 25.125286 3.068466
v -5.370726 25.030905 3.230401
v -1.645206 24.589857 5.364841
v -1.670508 24.928381 5.327599
v -1.788953 25.257792 5.326490
v -2.080567 25.579826 5.356668
v -2.505513 25.809841 5.358778
v -2.965782 25.957834 5.300118
v -4.619550 25.960945 4.361748
v -5.357704 25.001190 3.279278
v -5.407455 24.569561 3.215641
v -1.693125 24.583797 5.325368
v -1.718720 24.908098 5.287847
v -1.830718 25.228138 5.264716
v -2.108825 25.542828 5.291301
v -2.519290 25.766716 5.292516
v -2.964588 25.910135 5.235592
v -4.565109 25.912632 4.327950
v -5.283403 24.983133 3.292783
v -5.334573 24.569561 3.233084
v -2.265502 22.864578 4.807246
v -2.163026 22.516356 4.358429
v -2.472516 23.477764 5.342770
v -4.307428 22.777407 4.131946
v -4.084679 22.465113 3.412881
v -4.493209 23.327702 4.612544
v -4.477202 23.267197 4.577324
v -2.456310 23.415943 5.307379
v -2.295109 22.881828 5.317295
v -2.417502 23.331909 5.439213
v -4.466451 22.706039 4.292532
v -4.579569 23.174883 4.661056
v -4.598880 23.247227 4.702649
v -2.436939 23.407158 5.482217
v -4.546044 23.287464 4.657597
v -2.454728 23.442461 5.412493
v -1.700398 24.590599 5.179782
v -1.611617 24.622257 4.975988
v -1.590009 24.595022 5.394854
v -1.420030 24.611341 5.522817
v -5.433578 24.565367 3.175208
v -5.508133 24.555347 3.072791
v -5.234111 24.569561 3.216549
v -5.170214 24.569561 3.106835
v -2.909960 26.775501 3.802126
v -3.167512 26.520298 4.372561
v -3.461091 26.011501 4.959235
v -3.484669 25.954700 5.000640
v -3.503910 26.005526 5.059320
v -3.523152 26.056355 5.118001
v -3.494039 26.126247 5.066886
v -3.150495 26.731527 4.448487
v -3.442397 26.745686 3.540829
v -3.702571 26.502144 4.115544
v -3.981906 26.018375 4.673877
v -4.005299 25.962276 4.715047
v -4.042461 26.013550 4.763717
v -4.079623 26.064821 4.812387
v -4.050853 26.133335 4.762185
v -3.776938 26.729626 4.128830
v -4.512908 26.136663 3.039690
v -4.678428 25.974609 3.388882
v -4.877434 25.649536 3.758487
v -4.900850 25.596846 3.799998
v -4.968700 25.638403 3.814950
v -5.033365 25.681719 3.825548
v -5.008635 25.740139 3.778047
v -4.934567 26.107613 3.400604
v -4.785459 25.624195 2.927869
v -4.951361 25.531746 3.191204
v -5.071849 25.361021 3.437403
v -5.090268 25.311594 3.485939
v -5.168187 25.344950 3.487169
v -5.238111 25.380648 3.480311
v -5.228233 25.435638 3.430861
v -5.224644 25.661163 3.171151
v -4.870102 23.436274 2.982645
v -5.034887 23.569214 3.412604
v -5.112545 23.756779 3.617325
v -5.128185 23.803274 3.658048
v -5.202665 23.777752 3.664341
v -5.277162 23.752245 3.670636
v -5.278671 23.703678 3.624820
v -5.290423 23.481167 3.428266
v -5.465716 23.985617 3.195356
v -5.403256 24.092766 3.324443
v -5.384990 24.119873 3.367106
v -5.310703 24.134356 3.375885
v -5.236608 24.148827 3.384988
v -5.214531 24.124575 3.347355
v -5.155731 24.044165 3.211584
v -4.988423 23.987753 2.899956
v -4.552542 22.875984 3.163992
v -4.741623 23.099085 3.760778
v -4.859462 23.439192 4.096666
v -4.872509 23.495680 4.137272
v -4.939515 23.460695 4.164117
v -5.006530 23.425732 4.190944
v -4.995802 23.362818 4.144152
v -4.941299 23.009762 3.838758
v -3.592741 22.281801 3.663604
v -3.815500 22.634905 4.408166
v -4.009270 23.194937 4.916013
v -4.025510 23.256966 4.951441
v -4.062300 23.214714 5.008462
v -4.099091 23.172462 5.065483
v -4.079076 23.096844 5.022397
v -3.945015 22.587238 4.689941
v -3.016733 22.232012 3.949903
v -3.210590 22.605663 4.636721
v -3.416392 23.200899 5.175897
v -3.432780 23.263802 5.211506
v -3.449145 23.222029 5.277660
v -3.465510 23.180256 5.343814
v -3.445257 23.102846 5.299840
v -3.329940 22.582209 5.019931
v -2.578726 22.311024 4.162455
v -2.730106 22.680990 4.743258
v -2.933725 23.269840 5.276747
v -2.950081 23.332567 5.312311
v -2.949746 23.293123 5.381923
v -2.949411 23.253681 5.451535
v -2.929404 23.176598 5.407688
v -2.801478 22.671394 5.181354
v -1.843100 22.869520 4.500647
v -1.935709 23.170170 4.903414
v -2.098811 23.639515 5.331532
v -2.114915 23.699394 5.367214
v -2.078688 23.670834 5.432336
v -2.042461 23.642267 5.497458
v -2.023735 23.571018 5.455608
v -1.890722 23.212997 5.467700
v -1.632747 23.448879 4.578843
v -1.752745 23.649193 5.013080
v -1.865786 23.948738 5.313633
v -1.885267 23.999153 5.361502
v -1.829059 23.982231 5.413790
v -1.772852 23.965313 5.466079
v -1.730072 23.902134 5.487561
v -1.623652 23.706539 5.545773
v -1.486056 24.150621 5.566769
v -1.614750 24.233585 5.455091
v -1.668758 24.264839 5.417418
v -1.722770 24.271515 5.373295
v -1.767607 24.279255 5.321866
v -1.741351 24.258030 5.244652
v -1.650590 24.129751 5.028312
v -1.521233 24.036840 4.607908
v -11.094067 14.686000 1.917111
v -11.022907 14.580984 1.984355
v -10.952117 14.473314 1.965629
v -10.899185 14.381323 1.890194
v -10.879773 14.340176 1.754017
v -10.945926 14.313068 1.633462
v -11.045228 14.339460 1.538138
v -11.150311 14.380238 1.562532
v -11.237206 14.472082 1.593653
v -11.274035 14.579899 1.656693
v -11.259522 14.685285 1.701229
v -11.193371 14.712392 1.821785
v -11.148166 14.435575 1.788056
v -11.062092 14.336574 1.722416
v -11.203502 14.564779 1.830041
v -10.725442 15.076428 1.657791
v -10.838942 15.106593 1.548838
v -10.914193 15.075612 1.411515
v -10.913445 14.991862 1.305563
v -10.868076 14.877650 1.218694
v -10.772036 14.763657 1.197940
v -10.669265 14.680348 1.225105
v -10.556123 14.650183 1.333593
v -10.480513 14.681165 1.471381
v -10.463055 14.764993 1.601089
v -10.508423 14.879206 1.687959
v -10.604465 14.993198 1.708713
v -10.314903 15.287493 1.465151
v -10.218863 15.173500 1.444395
v -10.173493 15.059288 1.357527
v -10.180977 14.975503 1.240835
v -10.256586 14.944520 1.103045
v -10.370086 14.974685 0.994093
v -10.502812 15.054987 0.950252
v -10.638859 15.164168 0.981527
v -10.717566 15.282483 1.063518
v -10.699949 15.374021 1.187376
v -10.586267 15.403177 1.322083
v -10.643700 15.156752 1.594875
v -10.757200 15.186916 1.485924
v -10.832808 15.155934 1.348133
v -10.848460 15.072113 1.220783
v -10.803091 14.957901 1.133915
v -10.707050 14.843908 1.113161
v -10.587880 14.760671 1.161723
v -10.474380 14.730506 1.270677
v -10.398771 14.761488 1.408467
v -10.391287 14.845273 1.525159
v -10.436657 14.959486 1.612027
v -10.532697 15.073479 1.632781
v -10.809076 14.994246 1.722163
v -10.922576 15.024410 1.613210
v -10.998185 14.993427 1.475419
v -11.014144 14.909606 1.347670
v -10.968775 14.795394 1.260802
v -10.872734 14.681400 1.240048
v -10.753257 14.598165 1.289010
v -10.639756 14.568000 1.397963
v -10.564148 14.598982 1.535753
v -10.556664 14.682767 1.652445
v -10.602033 14.796979 1.739313
v -10.698073 14.910973 1.760067
v -10.551965 15.246894 1.524269
v -10.440962 15.163621 1.562176
v -10.344922 15.049628 1.541421
v -10.299553 14.935416 1.454553
v -10.307036 14.851631 1.337862
v -10.382647 14.820648 1.200071
v -10.496145 14.850813 1.091118
v -10.617124 14.934043 1.040196
v -10.719390 15.048334 1.061456
v -10.779908 15.163273 1.149549
v -10.761686 15.247065 1.279195
v -10.669976 15.277275 1.415680
v -10.924608 14.880719 1.811084
v -11.038108 14.910884 1.702131
v -11.113717 14.879901 1.564342
v -11.131176 14.796073 1.434635
v -11.085807 14.681861 1.347766
v -10.989766 14.567867 1.327010
v -10.868788 14.484638 1.377932
v -10.755288 14.454473 1.486886
v -10.679679 14.485456 1.624676
v -10.690484 14.569161 1.717504
v -10.735853 14.683373 1.804374
v -10.831894 14.797367 1.825129
v -10.126778 15.473331 1.321548
v -10.012154 15.363584 1.305355
v -9.962426 15.212499 1.201815
v -9.981835 15.112218 1.099506
v -10.080201 15.056998 0.986501
v -10.255719 15.062914 0.884804
v -10.437652 15.141930 0.840914
v -10.603225 15.280129 0.864241
v -10.712039 15.371615 1.001267
v -10.714575 15.479681 1.119851
v -10.541578 15.510110 1.180929
v -10.034026 15.652777 1.211171
v -9.832630 15.563692 1.165980
v -9.750318 15.373150 1.055078
v -9.771515 15.236591 0.937075
v -9.946305 15.153485 0.807539
v -10.196167 15.116546 0.704598
v -10.384992 15.202544 0.674314
v -10.644382 15.387288 0.709908
v -10.752383 15.453184 0.953555
v -10.754992 15.539901 1.087199
v -10.557139 15.593740 1.111598
v -11.030727 14.776441 1.892762
v -11.144228 14.806605 1.783810
v -11.219837 14.775622 1.646020
v -11.237296 14.691794 1.516313
v -11.191927 14.577582 1.429444
v -11.095886 14.463589 1.408690
v -10.974908 14.380360 1.459610
v -10.861409 14.350195 1.568564
v -10.785799 14.381177 1.706354
v -10.796603 14.464883 1.799184
v -10.841973 14.579096 1.886052
v -10.938013 14.693089 1.906806
v -11.422681 15.746132 1.008436
v -11.437498 16.132698 0.934190
v -11.419632 16.019371 -1.063893
v -10.820932 16.133423 -0.997220
v -10.822650 16.166380 0.916011
v -10.932937 15.666179 0.990635
v -10.043185 16.159727 0.742116
v -10.853269 15.578638 -0.075414
v -11.505882 15.735317 -0.140299
v -11.510208 16.178925 -0.173044
v -10.847341 16.247601 -0.147337
v -10.839560 16.249130 0.450232
v -11.492905 16.169594 0.496036
v -11.507380 15.738821 0.457478
v -10.846219 15.537416 0.460123
v -10.066954 15.325752 0.250760
v -10.845603 15.518822 -0.581222
v -11.453197 15.680977 -0.679480
v -11.476130 16.099344 -0.712733
v -10.849649 16.189095 -0.634986
v -10.826324 16.229412 0.716015
v -11.466475 16.170378 0.772326
v -11.466037 15.604770 0.754521
v -10.939597 15.572351 0.848568
v -10.833562 15.517414 -0.808258
v -11.441740 15.628090 -0.904955
v -11.445297 16.055515 -0.909693
v -9.963410 15.935384 0.985956
v -10.843607 15.853395 1.049773
v -11.430618 15.891738 1.054019
v -11.554445 15.929514 0.460249
v -11.537735 15.926198 -0.193683
v -11.488632 15.898251 -0.694895
v -11.398340 15.840222 -1.129055
v -10.809954 15.862020 -1.099226
v -10.845444 15.561687 0.178335
v -11.524063 15.626890 0.154255
v -11.526258 16.257307 0.150136
v -11.494736 16.169336 -0.430323
v -11.484634 15.627754 -0.428834
v -10.846620 15.538049 -0.345362
v -11.254444 15.838190 -1.126331
v -11.264551 16.060434 -1.059639
v -11.285872 16.131363 -0.903086
v -11.304386 16.135361 -0.680646
v -11.323337 16.222513 -0.416071
v -11.381413 16.199057 -0.025938
v -11.374527 16.280453 0.150351
v -11.359974 16.189739 0.483035
v -11.321448 16.206589 0.764195
v -11.300949 16.151817 0.937465
v -11.293918 15.893293 1.062061
v -11.302146 15.727956 1.006005
v -11.335242 15.587053 0.732994
v -11.369335 15.660071 0.440732
v -11.387188 15.606224 0.165243
v -11.369978 15.676937 -0.109345
v -11.331206 15.581903 -0.407945
v -11.325354 15.596416 -0.650609
v -11.286863 15.589090 -0.875356
v -11.126417 15.844782 -1.111217
v -11.123389 16.090343 -1.033594
v -11.133611 16.155828 -0.656415
v -11.131219 16.226488 -0.407689
v -11.124121 16.272831 0.148786
v -11.139476 16.223383 0.476873
v -11.132532 16.213022 0.751734
v -11.118310 16.144064 0.944950
v -11.113046 15.883003 1.045581
v -11.116708 15.723331 0.992968
v -11.142791 15.589572 0.716818
v -11.158562 15.646363 0.432046
v -11.159325 15.593970 0.171679
v -11.161777 15.655568 -0.092565
v -11.151773 15.549946 -0.382384
v -11.154369 15.586285 -0.622326
v -11.148664 15.597067 -0.851066
v -9.562940 15.681449 -0.866041
v -9.529987 15.630544 -0.757510
v -9.654928 15.506282 -0.549365
v -9.666451 15.524735 -0.346603
v -9.670042 15.508615 -0.148790
v -9.684341 15.467052 0.162834
v -9.785869 15.339223 0.358066
v -9.393572 15.507030 0.390357
v -9.586773 15.822035 0.856877
v -9.643882 16.127155 0.612007
v -9.643300 16.195923 0.328290
v -9.652570 16.258228 -0.116866
v -9.656425 16.249811 -0.354560
v -9.643093 16.207319 -0.627645
v -9.685064 16.136444 -0.835901
v -9.542001 15.885784 -0.918258
v -10.518639 15.585573 -0.953287
v -10.502595 15.867239 -1.088962
v -10.492845 16.156258 -0.976732
v -10.617629 16.253794 0.423395
v -10.471284 16.219822 0.665790
v -10.419983 16.172647 0.839758
v -10.380408 15.922965 1.040860
v -10.327874 15.369062 0.282930
v -10.557670 15.508359 0.154353
v -10.555947 15.529634 -0.081413
v -10.540969 15.503657 -0.320149
v -10.537718 15.472395 -0.551660
v -10.527188 15.483783 -0.779062
v -10.834701 15.509861 0.917521
v -10.827667 15.600853 1.040432
v -10.621198 15.696419 1.061928
v -9.978701 15.796678 1.089125
v -9.711740 15.699262 1.017193
v -9.600857 15.504423 0.875484
v -9.638913 15.356114 0.738668
v -9.874801 15.242938 0.585219
v -10.144047 15.194367 0.463221
v -10.355818 15.272616 0.483882
v -10.704165 15.444014 0.618059
v -9.890819 16.247549 0.338854
v -9.904203 16.267094 -0.334031
v -9.449196 15.557693 -0.586052
v -9.447506 15.508600 -0.342562
v -9.448464 15.498521 -0.134862
v -9.457961 15.472502 0.098869
v -9.402081 15.716560 -0.717605
v -9.395536 15.873113 -0.766809
v -9.415520 16.026361 -0.698127
v -9.446213 16.167065 -0.569390
v -9.445160 16.239416 -0.362614
v -9.443757 16.260778 -0.129722
v -9.438544 16.235571 0.081630
v -9.428866 16.168716 0.311580
v -9.429028 16.072437 0.500106
v -9.385825 15.904226 0.587838
v -9.370447 15.661176 0.518255
v -9.681704 15.561152 -0.746249
v -9.678668 15.657017 -0.898585
v -9.673580 15.880850 -0.987248
v -9.738482 16.091682 -0.930677
v -9.522406 15.428119 0.560905
v -9.488587 15.594340 0.706901
v -9.889249 16.210463 0.533304
v -11.568336 15.897851 0.499285
v -11.552912 16.117973 0.633927
v -11.533512 16.154249 0.769644
v -11.486622 15.895986 1.041156
v -11.513879 16.109962 0.913717
v -11.530864 15.622945 0.769784
v -11.493787 15.759124 1.004638
v -11.550838 15.660117 0.634376
v -11.553025 15.979640 0.435692
v -11.570899 16.250443 0.148536
v -11.564305 16.211639 0.318718
v -11.570539 15.692713 0.148081
v -11.563517 15.730962 0.291764
v -11.576290 15.731485 0.004490
v -11.578572 15.980687 -0.138855
v -11.577503 16.212170 0.004841
v -11.531882 16.142017 -0.442097
v -11.512391 15.918624 -0.678576
v -11.527556 16.110033 -0.560490
v -11.520654 15.713610 -0.559889
v -11.526284 15.682098 -0.441428
v -11.532987 15.919597 -0.204900
v -11.537081 16.110491 -0.323620
v -11.530951 15.714095 -0.323050
v -11.493768 15.845073 -0.718439
v -11.483816 16.027309 -0.910880
v -11.495493 16.001333 -0.814474
v -11.443870 15.844884 -1.103665
v -11.472635 16.001245 -1.007321
v -11.470585 15.650765 -0.911186
v -11.482823 15.676832 -0.814862
v -11.457873 15.676738 -1.007474
v -11.557325 16.123705 0.397293
v -11.538045 16.072388 0.477610
v -11.564473 16.034790 0.535170
v -11.557106 15.835984 0.397036
v -11.530350 15.810089 0.462105
v -11.564555 15.760739 0.535366
v -11.579231 15.836891 -0.100536
v -11.526283 15.829204 -0.167362
v -11.533404 15.801025 -0.236474
v -11.578848 16.124578 -0.100303
v -11.536108 16.048738 -0.187330
v -11.535684 16.038261 -0.236813
v -11.515659 16.209707 0.355999
v -11.502618 16.167131 0.613876
v -11.342512 16.212933 0.609183
v -11.141426 16.243914 0.598002
v -11.131245 16.249813 0.350598
v -11.369346 16.222246 0.350406
v -11.548824 16.083204 0.436655
v -11.551258 15.943498 0.447477
v -11.553354 15.831359 0.420209
v -11.548138 16.055265 0.507081
v -11.558265 15.918263 0.478440
v -11.541511 15.789960 0.501191
v -11.327885 16.197298 -0.281988
v -11.519426 16.200542 -0.044120
v -11.554590 16.090891 -0.142632
v -11.557986 15.951645 -0.167163
v -11.548335 15.831801 -0.134208
v -11.529526 15.729971 -0.053128
v -11.509165 16.157658 -0.283025
v -11.531516 16.043625 -0.221912
v -11.536614 15.921239 -0.189292
v -11.525522 15.811594 -0.190388
v -11.503202 15.711277 -0.234456
v -11.515568 15.800183 -0.646692
v -11.472980 15.783529 -0.680637
v -11.491308 15.747953 -0.744311
v -11.518517 16.037445 -0.647057
v -11.484341 15.993814 -0.704871
v -11.496978 15.942198 -0.744098
v -11.485747 16.124950 -0.599037
v -11.310434 16.156199 -0.568597
v -11.124200 16.180868 -0.552332
v -11.466957 16.075720 -0.779932
v -11.480328 15.670338 -0.586435
v -11.493958 15.791887 -0.664326
v -11.501214 15.908493 -0.687128
v -11.502207 16.015667 -0.676445
v -11.493655 15.964576 -0.725143
v -11.493375 15.869509 -0.706647
v -11.479148 15.771373 -0.707436
v -11.462581 15.671714 -0.774694
v -11.502561 15.659362 0.570592
v -11.513879 15.692253 0.356532
v -11.448095 15.747790 -1.077927
v -11.389874 15.733805 -1.111327
v -11.260131 15.730809 -1.112997
v -11.123200 15.726449 -1.095687
v -10.807069 15.721272 -1.073274
v -10.512049 15.712246 -1.052405
v -9.680953 15.762501 -0.960477
v -9.542308 15.766397 -0.902686
v -9.595933 16.016562 -0.883002
v -9.695110 16.003023 -0.969398
v -10.498374 16.016998 -1.070853
v -10.812437 16.009583 -1.084191
v -11.123642 15.976814 -1.105403
v -11.254848 15.949611 -1.121695
v -11.410421 15.944091 -1.118816
v -11.455576 15.942041 -1.077915
v -9.476695 15.744793 -0.812148
v -9.470699 15.885375 -0.837565
v -9.528456 16.036394 -0.764290
v -3.479087 30.218662 -1.187887
v -2.948796 30.481133 -2.087786
v -2.536856 31.575598 -1.841194
v -2.840007 31.573563 -1.157552
v -2.222296 30.598705 -2.795236
v -2.005660 31.576633 -2.411692
v -1.330449 30.480442 -3.303179
v -1.294911 31.576479 -2.803389
v -0.436799 31.576582 -2.974622
v -0.728176 31.573227 2.128973
v -0.343032 31.578169 2.203208
v -1.381996 30.377224 3.058372
v -2.255254 30.578991 2.461820
v -2.023085 31.584332 1.632460
v -1.368487 31.582178 2.006397
v -2.942437 30.526688 1.742095
v -2.514102 31.580553 1.062529
v -3.457852 30.276825 0.920610
v -2.826069 31.575642 0.358178
v -3.672467 30.217159 -0.121126
v -2.951750 31.572830 -0.398765
v -2.221386 32.155231 -1.668908
v -2.476016 32.155495 -1.127713
v -1.785552 32.154716 -2.120357
v -1.186401 32.154514 -2.449868
v -0.565919 32.155239 -2.581495
v -0.750701 32.145584 1.475655
v -0.482775 32.147526 1.543519
v -1.791236 32.150208 1.040669
v -1.242648 32.146027 1.361074
v -2.186934 32.153782 0.599190
v -2.442018 32.155434 0.061261
v -2.551861 32.155693 -0.528803
v -1.950297 32.555462 -1.535073
v -2.169559 32.557743 -1.096178
v -1.572666 32.552776 -1.896849
v -1.112664 32.552910 -2.135807
v -0.646407 32.556980 -2.221102
v -0.783820 32.551403 0.951046
v -0.592888 32.555878 0.992937
v -1.609990 32.548103 0.596164
v -1.152482 32.546822 0.849844
v -1.938834 32.552238 0.255387
v -2.140554 32.556221 -0.156997
v -2.230499 32.558205 -0.619026
v -1.672377 32.907749 -1.337320
v -1.812107 32.914696 -1.055031
v -1.426012 32.903858 -1.574527
v -1.074186 32.918980 -1.751408
v -0.723038 32.938202 -1.798297
v -0.843276 32.929779 0.361434
v -0.702156 32.940395 0.377144
v -1.465079 32.883884 0.131999
v -1.122795 32.901234 0.297979
v -1.679654 32.892097 -0.087804
v -1.802240 32.908436 -0.351219
v -1.863112 32.916939 -0.698533
v -1.586526 33.015045 -1.268096
v -1.665211 33.052444 -1.037758
v -1.371327 33.100578 -1.347144
v -1.073170 33.223072 -1.386894
v -1.405841 33.058079 -0.134802
v -1.129385 33.151894 -0.130025
v -1.609371 32.981781 -0.182256
v -1.675035 33.032513 -0.417433
v -1.704250 33.063332 -0.729622
v -0.846625 33.599911 -0.855651
v -0.707741 17.542572 -0.831627
v -0.374716 17.528690 -1.015238
v -1.034625 17.483829 0.318701
v -0.669046 18.268106 -0.800202
v -0.359243 18.295925 -0.999779
v -0.202618 18.042063 0.897146
v -0.807093 18.089846 0.537131
v -0.928928 18.114141 0.354855
v -0.698610 18.418356 -0.840386
v -0.374453 18.436737 -1.042116
v -0.217457 18.113272 1.032252
v -0.858075 18.211403 0.597085
v -0.967825 18.246071 0.417791
v -2.007339 18.600697 -0.242603
v -1.735061 18.674229 -0.723863
v -1.393535 18.753933 -1.132898
v -1.004699 18.799461 -1.408847
v -1.324787 18.385914 2.175765
v -1.816037 18.424051 1.577766
v -2.076038 18.460566 0.943640
v -2.125535 18.526922 0.325336
v -2.517082 18.831606 -0.340063
v -2.185169 18.909294 -0.939385
v -1.740790 18.982523 -1.423236
v -1.218324 19.031521 -1.765463
v -2.457825 18.692636 1.858949
v -2.677178 18.705389 1.088188
v -2.694376 18.753428 0.341505
v -3.162242 19.166109 -0.500046
v -2.727867 19.250154 -1.229021
v -2.148206 19.329468 -1.813520
v -1.485696 19.380821 -2.229054
v -3.402089 19.078516 1.178879
v -3.378771 19.104820 0.311280
v -2.954881 19.145182 2.831562
v -3.074813 20.407541 4.514044
v -5.545973 22.181957 -1.123394
v -4.774466 22.216492 -2.384809
v -1.544003 22.092520 5.797384
v -3.404475 21.848389 5.085312
v -4.854540 22.207279 3.950076
v -5.925159 22.115166 1.309489
v -5.884865 22.132856 0.064781
v -1.756175 23.097851 5.600864
v -3.369422 22.381153 5.069604
v -5.060872 22.890615 3.733770
v -5.822405 23.002159 -1.232949
v -5.009210 23.019958 -2.559383
v -3.928133 23.034168 -3.592832
v -2.676095 23.039204 -4.300245
v -5.373439 23.364569 3.335767
v -6.228044 22.953472 1.174717
v -6.164104 22.970659 -0.058847
v -6.002480 24.568975 -1.403726
v -5.173428 24.567671 -2.754946
v -4.064634 24.567072 -3.813409
v -2.767051 24.566765 -4.542137
v -1.265126 24.608696 5.673961
v -5.608059 24.569574 2.968009
v -6.438930 24.571606 0.879545
v -6.345493 24.569695 -0.291286
v -5.817711 26.302704 -1.433916
v -5.038998 26.286558 -2.764261
v -3.944618 26.270947 -3.805361
v -2.674239 26.246641 -4.512375
v -1.393173 25.735754 5.475362
v -5.355899 25.751377 3.112015
v -6.171349 26.318960 0.831692
v -6.131996 26.318237 -0.325258
v -5.575942 27.212322 -1.404505
v -4.839862 27.191601 -2.703146
v -3.772932 27.169226 -3.711860
v -2.563112 27.129992 -4.388671
v -1.620566 26.239061 5.388558
v -3.133782 27.116402 4.725733
v -5.032194 26.330980 3.399927
v -5.861402 27.223850 0.881352
v -5.865381 27.233976 -0.281731
v -5.200827 28.222393 -1.361513
v -4.517502 28.196129 -2.598085
v -3.502693 28.168015 -3.548158
v -2.404126 28.106224 -4.178539
v -4.767369 27.658409 3.105338
v -5.371834 28.236229 1.003183
v -5.441626 28.255625 -0.196395
v -4.111349 30.318773 -1.304709
v -3.515572 30.318867 -2.306467
v -2.758238 30.302607 -2.988326
v -2.031779 30.289356 -3.414618
v -2.124483 30.335205 3.126330
v -2.810019 30.313871 2.697496
v -3.524659 30.320784 2.058135
v -4.119915 30.319908 1.023194
v -4.321308 30.319174 -0.142257
v -3.329171 31.571285 -1.259759
v -2.885933 31.568968 -2.046557
v -2.337566 31.570665 -2.562748
v -1.813996 31.572134 -2.881561
v -0.481017 31.574110 -3.321442
v -0.364109 31.576511 2.472976
v -1.832455 31.585402 2.087345
v -2.311118 31.586178 1.751830
v -2.817143 31.582731 1.280331
v -3.276865 31.580610 0.527736
v -3.463133 31.575026 -0.350936
v -2.910958 32.157875 -1.239522
v -2.561234 32.156067 -1.887690
v -2.115030 32.155422 -2.310587
v -1.683479 32.155190 -2.575512
v -0.605003 32.155521 -2.935285
v -0.508315 32.150532 1.812014
v -1.688764 32.157459 1.496959
v -2.074236 32.160721 1.216480
v -2.475687 32.161564 0.827969
v -2.841810 32.162441 0.220838
v -3.001110 32.160740 -0.494052
v -2.565232 32.570290 -1.217812
v -2.292839 32.563232 -1.747117
v -1.930065 32.558929 -2.090904
v -1.576723 32.557186 -2.306530
v -0.682689 32.560879 -2.591033
v -0.619350 32.569786 1.245932
v -1.573882 32.569290 0.987162
v -1.890517 32.571075 0.763698
v -2.212353 32.572994 0.450612
v -2.497897 32.575527 -0.040782
v -2.634160 32.574856 -0.618799
v -2.136285 32.978367 -1.177114
v -1.977238 32.960495 -1.546387
v -1.718737 32.950912 -1.810508
v -1.456853 32.950623 -1.970961
v -0.762852 32.980682 -2.134574
v -0.738340 33.003765 0.570153
v -1.459492 32.948391 0.426409
v -1.703726 32.943367 0.272799
v -1.934623 32.952393 0.042306
v -2.100607 32.974789 -0.308878
v -2.180345 32.984863 -0.736983
v -1.850659 33.228783 -1.141643
v -1.786750 33.184235 -1.406728
v -1.543237 33.289268 -1.465504
v -1.563927 33.225666 -0.124003
v -1.790041 33.139683 -0.164415
v -1.838824 33.214558 -0.455318
v -1.872187 33.243599 -0.797597
v -0.931565 33.820843 -0.864994
v -0.864882 18.525810 -0.893759
v -0.514046 18.599396 -1.177101
v -0.271119 18.132931 1.393389
v -1.064862 18.217564 0.858353
v -1.994807 10.623068 -0.192051
v -1.696955 10.621921 -0.609788
v -1.232910 10.621346 -0.941584
v -0.647366 10.617426 -1.159631
v -0.637606 10.612425 1.981792
v -1.195840 10.612349 1.678805
v -1.663813 10.618104 1.204816
v -1.991485 10.612608 0.726637
v -2.095005 10.614931 0.269863
v -2.316975 15.342122 -1.174701
v -1.050895 15.215359 -1.315768
v -0.427693 15.201781 -1.272470
v -0.741805 14.931018 2.156885
v -1.410997 14.960661 1.959960
v -1.934832 15.016905 1.540401
v -1.324463 9.010549 0.955403
v -1.678950 9.181617 -1.059194
v -0.579778 9.958400 1.853930
v -0.657975 10.100048 -1.409521
v -0.352640 8.549150 -0.649729
v -0.471990 8.582374 0.709751
v -1.954946 10.053585 0.646501
v -1.994660 10.093679 -0.369980
v -0.373223 8.525674 -0.061046
v -2.066233 10.061180 0.174723
v -0.658635 8.726495 0.991027
v -1.543617 10.008143 1.162686
v -1.713333 10.101207 -0.875452
v -0.531544 8.473326 -1.061637
v -1.081655 9.956614 1.624359
v -1.066931 8.821402 0.999332
v -1.166190 8.711510 -1.277822
v -1.239990 10.100276 -1.218065
v -1.670921 9.266088 0.815644
v -1.922529 9.481491 0.560665
v -2.020242 9.604150 0.086750
v -2.005866 9.675749 -0.459731
v -1.716134 9.660358 -1.011225
v -1.224123 9.659047 -1.346376
v -0.676799 9.659807 -1.514068
v -1.813339 16.698214 -0.996522
v -1.202013 17.139627 0.382465
v -1.201790 16.286497 -1.342454
v -1.046214 16.650387 1.033220
v -1.968297 16.799299 0.233811
v -1.191455 16.817829 -1.043756
v -2.314981 16.250359 -1.200196
v -0.492317 16.233715 -1.299283
v -0.507521 16.744606 -1.160568
v -0.647453 16.474659 1.324897
v -0.802491 17.202684 -0.910636
v -0.418397 17.153961 -1.089377
v -0.984599 16.718304 0.855993
v -1.598331 16.920454 0.178747
v -0.672518 13.362968 2.087195
v -1.302635 13.362382 1.873900
v -1.800557 13.361773 1.484221
v -2.071293 13.363316 1.039458
v -2.130644 13.366292 0.571283
v -2.136937 13.880956 0.573097
v -2.123875 13.855160 1.078618
v -1.855176 13.842394 1.519310
v -1.347344 13.836877 1.901904
v -0.701827 13.829700 2.097865
v -1.984610 12.265231 0.009855
v -1.731906 12.276483 -0.418064
v -1.340416 12.296234 -0.800394
v -0.636784 12.246280 2.091075
v -1.230101 12.246033 1.842983
v -1.704341 12.247845 1.422414
v -1.990860 12.251266 0.966002
v -2.077930 12.257158 0.489991
v -0.360083 8.525054 -0.368161
v -0.406432 8.548938 0.275163
v -1.801835 2.125592 -0.181042
v -1.711373 2.043137 -0.343868
v -1.536418 2.064107 -0.465819
v -1.346217 2.082454 -0.510415
v -1.151551 2.100052 -0.472485
v -0.989254 2.131706 -0.355509
v -0.889337 2.161351 -0.184868
v -0.853233 2.159392 -0.001875
v -0.886176 2.151824 0.180797
v -0.995183 2.149314 0.355177
v -1.155758 2.160937 0.466831
v -1.340692 2.148686 0.504071
v -1.525169 2.155335 0.466507
v -1.682064 2.131371 0.357411
v -1.790470 2.178217 0.186795
v -1.828516 2.183046 -0.000110
v -1.912481 5.368000 -0.194968
v -1.778284 5.368000 -0.404823
v -1.577444 5.368000 -0.475692
v -1.340538 5.368000 -0.513128
v -1.103631 5.368000 -0.475692
v -0.902791 5.368000 -0.404823
v -0.768595 5.368000 -0.194968
v -0.721471 5.368000 0.083216
v -0.768595 5.368000 0.361400
v -0.902791 5.368000 0.597233
v -1.103631 5.368000 0.754811
v -1.340537 5.368000 0.810145
v -1.577444 5.368000 0.754811
v -1.778284 5.368000 0.597233
v -1.912480 5.368000 0.361400
v -1.959604 5.368000 0.083216
v -2.025894 8.386880 -0.330540
v -1.859603 8.369783 -0.615126
v -1.605772 8.327617 -0.808052
v -1.232218 8.285215 -0.869471
v -0.966684 8.289676 -0.798462
v -0.788951 8.343249 -0.637498
v -0.638852 8.387183 -0.346418
v -0.576034 8.378073 -0.023673
v -0.638852 8.388004 0.336045
v -0.744391 8.387605 0.678870
v -1.029250 8.387605 0.933044
v -1.315339 8.387605 1.011260
v -1.589683 8.387605 0.932688
v -1.846127 8.387605 0.730754
v -2.025893 8.387605 0.348998
v -2.078602 8.387605 0.000783
v -0.828956 8.694706 0.926250
v -1.583147 9.429555 0.935082
v -1.239305 9.094378 1.012074
v -0.983908 8.901430 1.031908
v -0.593121 8.437284 -0.712696
v -0.535289 8.466766 -0.388548
v -0.550130 8.487306 0.267639
v -0.528872 8.461032 -0.058166
v -0.614672 8.559263 0.691415
v -2.035662 9.177990 -0.471087
v -2.039238 9.014084 0.031540
v -1.966217 8.935732 0.442213
v -1.789093 8.847250 0.730495
v -1.495280 8.730998 0.918280
v -1.221075 8.639465 0.994220
v -0.958661 8.574405 0.918984
v -0.697172 8.489283 0.682941
v -0.606068 8.445589 0.301237
v -0.560253 8.425016 -0.040844
v -0.598059 8.435293 -0.369087
v -0.711931 8.400540 -0.667688
v -0.881243 8.368331 -0.865322
v -1.185398 8.361175 -0.973699
v -1.976684 8.703092 -0.482461
v -1.597895 8.672025 -1.014651
v -0.642845 8.786710 -1.406134
v -1.878228 8.530120 -0.524232
v -1.860839 8.451303 -0.573540
v -1.570524 8.395779 -0.881006
v -1.207412 9.199383 -1.374991
v -0.678093 9.226324 -1.508924
v -0.753175 8.408571 -0.954457
v -1.545318 8.462880 -0.961848
v -1.114387 8.424917 -1.122763
v -0.468807 8.466795 -0.899984
v -1.319783 9.430520 1.194076
v -1.145113 9.169571 1.172789
v -0.913593 8.937715 1.106525
v -0.497918 9.418963 1.652830
v -0.355752 8.832556 1.221662
v -0.317157 8.669093 1.007273
v -0.266044 8.573970 0.705240
v -0.216704 8.579283 0.294824
v -0.192881 8.566836 -0.040215
v -0.170985 8.564974 -0.342371
v -0.146297 8.632194 -0.613797
v -0.256497 8.585140 -1.082589
v -0.225328 8.912058 -1.430976
v -0.668982 8.875021 1.176625
v -0.928838 9.414117 1.483011
v -0.796987 9.128160 1.357862
v -0.428200 9.096282 1.458285
v -0.246445 9.245679 -1.542211
v -0.262008 9.649442 -1.544576
v -0.258933 10.083882 -1.452467
v -1.920695 5.938263 -0.247232
v -1.763430 5.938263 -0.446761
v -1.614653 5.938263 -0.609852
v -1.337022 5.938263 -0.667123
v -1.059390 5.938263 -0.609853
v -0.892348 5.938263 -0.451732
v -0.735083 5.938263 -0.250617
v -0.679858 5.938263 -0.005158
v -0.735082 5.938263 0.283364
v -0.882849 5.938263 0.603736
v -1.084434 5.938263 0.774973
v -1.337021 5.938263 0.836802
v -1.585110 5.938263 0.779577
v -1.763430 5.938263 0.615244
v -1.920695 5.938263 0.287916
v -1.975919 5.938263 0.000000
v -1.953055 4.862039 -0.261402
v -1.809339 4.862039 -0.502667
v -1.594251 4.862039 -0.638430
v -1.340538 4.862039 -0.688230
v -1.086825 4.862039 -0.638431
v -0.871737 4.862039 -0.502667
v -0.728020 4.862039 -0.261403
v -0.677554 4.862039 0.013039
v -0.728020 4.862039 0.279696
v -0.871736 4.862039 0.504861
v -1.086825 4.862039 0.655312
v -1.340537 4.862039 0.708143
v -1.594251 4.862039 0.655312
v -1.809339 4.862039 0.504861
v -1.953055 4.862039 0.279696
v -2.003521 4.862039 0.013039
v -2.000170 7.187019 -0.309228
v -2.050605 7.187019 0.001463
v -2.000170 7.187019 0.329242
v -1.828211 7.187019 0.718569
v -1.585048 7.187019 0.927003
v -1.325596 7.187019 0.988512
v -1.059527 7.187019 0.912315
v -0.780325 7.187019 0.675627
v -0.663121 7.187019 0.332878
v -0.612686 7.187019 -0.012297
v -0.663121 7.187019 -0.318643
v -0.840309 7.187019 -0.587234
v -1.072043 7.187019 -0.746543
v -1.326835 7.187019 -0.808052
v -1.595543 7.187019 -0.746543
v -1.840515 7.187019 -0.571379
v -1.838298 3.090325 -0.265627
v -1.722951 3.083626 -0.448688
v -1.547107 3.085330 -0.573541
v -1.340999 3.086820 -0.617526
v -1.134529 3.088250 -0.574083
v -0.959713 3.090821 -0.449634
v -0.843598 3.093229 -0.265938
v -0.802741 3.093070 -0.025184
v -0.843341 3.092455 0.211728
v -0.960194 3.092252 0.404037
v -1.134870 3.093196 0.528124
v -1.340550 3.092201 0.571538
v -1.546193 3.092741 0.528098
v -1.720570 3.090794 0.404218
v -1.837375 3.094599 0.212215
v -1.878389 3.094991 -0.025041
v -1.860801 1.370237 -0.218354
v -1.733814 1.395604 -0.426444
v -1.553941 1.426231 -0.555630
v -1.341206 1.425577 -0.602175
v -1.127698 1.422330 -0.557176
v -0.946386 1.427072 -0.425124
v -0.823519 1.411249 -0.218891
v -0.787880 1.408678 -0.000708
v -0.828897 1.433831 0.210300
v -0.939556 1.513750 0.422084
v -1.130798 1.579135 0.603669
v -1.352088 1.574948 0.645626
v -1.564398 1.550042 0.602831
v -1.743957 1.461932 0.428145
v -1.864082 1.385642 0.212544
v -1.903038 1.367989 -0.002217
v -1.699668 1.770128 0.381684
v -1.532326 1.806806 0.481616
v -1.342805 1.813817 0.524595
v -1.152422 1.815203 0.486479
v -0.977891 1.819744 0.389168
v -0.970147 1.791305 -0.407435
v -1.147129 1.775714 -0.503841
v -1.344042 1.774666 -0.534604
v -1.537931 1.754018 -0.496392
v -1.709235 1.721798 -0.396430
v -0.364272 14.633924 -1.208666
v -0.915373 14.637006 -1.210580
v -2.437506 15.007590 -0.833064
v -2.286776 14.930634 -0.400988
v -2.298471 14.937640 -0.001294
v -2.205833 14.571988 1.119422
v -1.935715 14.657235 1.544435
v -1.397589 14.577972 1.954368
v -0.734756 14.537210 2.149389
v -0.720777 15.542499 1.932865
v -1.344305 15.543212 1.726868
v -1.818841 15.532160 1.378731
v -0.685711 16.134876 1.601202
v -1.233549 16.125326 1.424337
v -1.657483 16.127031 1.179421
v -0.477934 15.771117 -1.313218
v -1.161432 15.796846 -1.387924
v -2.302038 15.831475 -1.291777
v -2.797847 16.289227 -1.030870
v -2.797984 15.961629 -1.134605
v -2.797726 16.555149 -0.785466
v -2.797644 16.713247 -0.435999
v -2.797613 16.738035 -0.056695
v -2.763315 15.398228 0.640561
v -2.796601 15.655362 0.781844
v -2.801411 16.613731 0.312158
v -2.797712 16.405416 0.583319
v -2.797803 16.049473 0.753968
v -2.798230 15.316389 -0.887347
v -2.798258 15.197644 -0.526143
v -2.798118 15.621128 -1.087181
v -2.736809 15.225487 -0.160404
v -2.725013 15.202752 0.166976
v -2.747726 15.187239 0.454491
v -2.379196 14.935000 0.477443
v -2.521349 14.959078 0.728391
v -2.496629 15.215840 0.807721
v -2.459378 15.680156 0.838641
v -2.395544 16.119688 0.769112
v -2.274585 16.519989 0.594160
v -1.897148 14.478694 1.525997
v -1.391449 14.418375 1.905176
v -0.731583 14.380696 2.099339
v -2.254439 14.789435 1.159117
v -2.272698 15.120935 1.151854
v -2.211277 15.570387 1.061879
v -2.062339 16.143869 0.929928
v -2.092985 13.903260 0.084524
v -1.976974 13.923104 -0.308422
v -0.267556 13.401931 -1.102747
v -0.268932 13.033327 -1.074011
v -0.323979 12.207246 -1.038983
v -0.264142 10.369653 -1.316472
v -0.685651 13.402783 -1.142327
v -0.626461 13.043465 -1.109810
v -0.676744 12.221687 -1.013735
v -1.826509 13.972340 -0.722310
v -1.139810 16.480299 1.147584
v -2.340444 16.725544 0.280144
v -2.337171 16.624680 -0.919022
v -0.729201 14.296387 2.102461
v -1.386687 14.311400 1.912582
v -1.895315 14.323878 1.534537
v -2.180377 14.346954 1.111361
v -2.242101 14.378111 0.543558
v -2.200548 14.422657 0.036490
v -2.114618 14.461245 -0.335294
v -2.063924 14.527172 -0.767070
v -0.790406 14.023042 -1.166843
v -0.304885 14.018908 -1.152406
v -1.767727 14.615207 -1.037274
v -1.526554 14.021929 -0.968780
v -1.663094 13.379160 -0.710194
v -1.881210 13.374317 -0.314072
v -2.042566 13.370558 0.100475
v -1.355718 13.390263 -0.936590
v -1.918877 16.712399 0.468329
v -1.462674 16.649349 0.866295
v -1.548064 16.469738 0.956249
v -1.795164 16.673635 0.712117
v -1.922328 16.480762 0.775472
v -1.774143 16.293100 -1.285179
v -1.743753 15.805284 -1.358416
v -1.576345 15.220061 -1.276491
v -1.352171 14.644640 -1.141951
v -1.170743 14.031036 -1.086890
v -1.017729 13.403281 -1.074524
v -0.647535 12.804827 2.088299
v -1.256817 12.804545 1.859840
v -1.743759 12.805366 1.453855
v -2.022477 12.807878 1.002072
v -2.096332 12.811431 0.541154
v -2.005914 12.817736 0.069042
v -1.797091 12.826129 -0.357683
v -1.507816 12.851068 -0.744119
v -0.634969 12.453808 -1.031667
v -0.312849 12.436393 -1.040378
v -1.233601 12.919398 -0.933997
v -1.002758 12.558420 -0.965969
v -0.931185 13.064362 -1.067464
v -0.835051 12.709791 -1.043636
v -0.604779 12.684584 -1.064486
v -0.290619 12.664795 -1.050139
v -0.647598 11.139286 2.048812
v -1.230133 11.139296 1.741648
v -1.683236 11.139536 1.306568
v -1.981950 11.138973 0.850704
v -2.085795 11.139368 0.353210
v -1.981317 11.140411 -0.121546
v -1.680586 11.140447 -0.532953
v -1.233845 11.140113 -0.873510
v -0.702337 11.140008 -1.057598
v -0.321224 11.153936 -1.108909
v -8.941245 15.918859 -0.714857
v -8.938996 16.077831 -0.615912
v -8.936446 16.204304 -0.446068
v -8.933983 16.279022 -0.231181
v -8.931983 16.290609 -0.003963
v -8.930749 16.237303 0.200990
v -8.930305 16.149771 0.348074
v -8.931189 15.977114 0.427437
v -8.932794 15.809842 0.414458
v -8.935043 15.650869 0.315514
v -8.937592 15.524402 0.145668
v -8.939982 15.449850 -0.069253
v -8.942057 15.438091 -0.296436
v -8.943290 15.491398 -0.501389
v -8.943569 15.601483 -0.652877
v -8.942851 15.751587 -0.727838
v -3.189960 15.332551 -0.607137
v -3.189795 15.538394 -0.843151
v -3.189573 15.794231 -0.977893
v -3.189328 16.059746 -0.985116
v -3.189098 16.294493 -0.863622
v -3.188917 16.462152 -0.629494
v -3.188813 16.537683 -0.320379
v -3.188801 16.511251 0.009686
v -3.188885 16.385593 0.315855
v -3.189055 16.173468 0.548894
v -3.189258 15.898528 0.671509
v -3.188280 15.613950 0.665650
v -3.189802 15.366638 0.544485
v -3.189976 15.205640 0.317537
v -3.190058 15.151411 0.020827
v -3.190046 15.203351 -0.302965
v -6.047144 15.328965 -0.570672
v -6.047221 15.216580 -0.319202
v -6.047203 15.203087 -0.044092
v -6.047094 15.290541 0.212776
v -6.046910 15.465628 0.412294
v -6.045998 15.702186 0.522026
v -6.046417 15.962810 0.531079
v -6.046220 16.209187 0.432376
v -6.046062 16.403353 0.242829
v -6.045984 16.515738 -0.008641
v -6.045999 16.536247 -0.313104
v -6.046108 16.448795 -0.569971
v -6.046292 16.273708 -0.769489
v -6.046522 16.037643 -0.881285
v -6.046764 15.776541 -0.888336
v -6.046982 15.530149 -0.789571
v -5.626511 15.383859 -0.557991
v -5.626364 15.566771 -0.757696
v -5.626164 15.794814 -0.865390
v -5.625944 16.033419 -0.865283
v -5.625735 16.246277 -0.757469
v -5.625570 16.400961 -0.558285
v -5.625474 16.473782 -0.297447
v -5.625463 16.451294 -0.004814
v -5.625537 16.340918 0.258357
v -5.625684 16.157791 0.458961
v -5.625861 15.929749 0.566644
v -5.625334 15.691693 0.564244
v -5.626313 15.478271 0.458794
v -5.626478 15.323600 0.259549
v -5.626574 15.250995 -0.002187
v -5.626585 15.271569 -0.286825
v -6.480393 15.275839 -0.571536
v -6.480474 15.157746 -0.314716
v -6.480453 15.146925 -0.032253
v -6.480334 15.245020 0.232851
v -6.480134 15.437099 0.440235
v -6.479259 15.694371 0.556440
v -6.479602 15.976398 0.569093
v -6.479386 16.241488 0.471054
v -6.479215 16.448870 0.278975
v -6.479133 16.566961 0.022154
v -6.479155 16.577785 -0.260309
v -6.479274 16.479691 -0.525412
v -6.479475 16.287611 -0.732796
v -6.479725 16.030788 -0.850889
v -6.479987 15.748327 -0.861711
v -6.480222 15.483223 -0.763615
v -4.408228 15.365845 -0.578776
v -4.408072 15.562700 -0.815388
v -4.407864 15.802440 -0.939948
v -4.407634 16.050644 -0.942195
v -4.407418 16.271004 -0.827939
v -4.407248 16.428492 -0.608423
v -4.407152 16.497055 -0.308362
v -4.407144 16.466146 0.027014
v -4.407224 16.342722 0.337259
v -4.407380 16.147512 0.566985
v -4.407557 15.908880 0.686916
v -4.406791 15.661392 0.686152
v -4.408033 15.440294 0.575000
v -4.408203 15.281721 0.360020
v -4.408300 15.211511 0.066846
v -4.408309 15.241736 -0.265679
v -7.694415 15.509846 -0.677245
v -7.694987 15.340855 -0.530462
v -7.695076 15.250540 -0.325652
v -7.694670 15.252652 -0.093996
v -7.693829 15.346869 0.129238
v -7.692329 15.519410 0.309299
v -7.691393 15.742421 0.420935
v -7.690187 15.983503 0.445030
v -7.689220 16.205446 0.378621
v -7.688648 16.374435 0.231835
v -7.688559 16.464752 0.027028
v -7.688966 16.462639 -0.204629
v -7.689807 16.368425 -0.427862
v -7.690954 16.196445 -0.608691
v -7.692233 15.972890 -0.719582
v -7.693448 15.731788 -0.743654
v -0.939225 17.791958 0.332109
v -0.668768 17.883575 -0.795010
v -0.356187 17.894222 -0.981918
v -0.883381 0.786463 -0.574858
v -2.011768 0.079249 -0.639461
v -1.904238 0.801953 -0.581934
v -1.384899 0.805693 -0.833719
v -1.411274 0.079625 -0.897433
v -0.817046 0.079258 -0.645051
v -1.085618 0.511765 -0.847831
v -1.716611 0.520162 -0.859811
v -1.399696 0.516712 -0.913654
v -1.750080 0.079592 -0.872966
v -1.072468 0.079592 -0.872966
v -0.846860 0.503211 -0.634087
v -1.964691 0.514912 -0.650324
v -0.936966 0.302672 3.703241
v -1.823369 0.213064 3.496551
v -1.911045 0.027393 3.496508
v -1.407432 0.316671 3.682667
v -0.840455 0.030639 3.748291
v -1.407432 0.027931 3.826501
v -1.687560 0.180177 3.626682
v -1.092230 0.232828 3.776684
v -1.052737 0.445013 3.529161
v -1.722487 0.308499 3.396981
v -2.034465 0.150474 3.302864
v -0.690088 0.248378 3.566111
v -1.682007 0.027320 3.677044
v -1.407432 0.221884 3.771966
v -1.098311 0.029065 3.826590
v -1.407432 0.392919 3.503886
v -2.049012 0.026376 3.312663
v -0.685129 0.027793 3.585804
v -1.910376 0.139756 3.474529
v -1.699025 0.253386 3.550956
v -1.079151 0.341635 3.693449
v -0.841046 0.213608 3.721429
v -1.898362 0.251980 3.338569
v -0.840218 0.387646 3.545919
v -0.706977 0.823807 0.643759
v -2.061906 0.792586 0.646710
v -2.155160 0.502024 0.633715
v -2.177195 0.070359 0.574809
v -0.639078 0.519431 0.630796
v -0.648338 0.073831 0.580232
v -0.651587 0.073915 0.979934
v -0.632960 0.547585 1.001878
v -0.727929 0.895442 1.038401
v -0.945262 1.189274 1.034839
v -1.383592 1.268664 1.129244
v -1.808444 1.099824 1.027643
v -2.030642 0.812030 1.055378
v -2.154873 0.488054 1.038234
v -2.151246 0.067493 0.961429
v -0.900753 -0.015076 -0.571467
v -0.850116 0.009924 -0.620029
v -1.741358 -0.015076 -0.718779
v -1.411274 -0.015076 -0.732924
v -1.411274 0.009924 -0.851453
v -1.738009 0.009924 -0.829644
v -1.084539 0.009924 -0.829644
v -1.081190 -0.015076 -0.718781
v -1.926222 -0.015076 -0.567853
v -1.978184 0.009924 -0.614889
v -2.064473 0.004221 0.980120
v -2.112848 0.007839 0.955645
v -1.769208 0.004849 0.980125
v -1.415516 0.005564 0.980122
v -1.078089 0.005564 0.980124
v -0.796401 0.005523 0.980121
v -0.687066 0.011217 0.981468
v -2.040812 0.003975 0.576714
v -2.141663 0.008108 0.574887
v -1.755130 0.004505 0.576714
v -1.413226 0.005070 0.576711
v -1.078804 0.005058 0.576712
v -0.799367 0.004960 0.576714
v -0.685999 0.011448 0.580724
v -1.896050 -0.001324 3.465552
v -2.010364 -0.002297 3.316076
v -1.673427 -0.004089 3.626960
v -1.407432 -0.003445 3.761559
v -1.107970 -0.002380 3.765233
v -0.857337 -0.000886 3.700664
v -0.728639 0.000494 3.570155
v -1.076511 0.264436 -0.888957
v -1.411237 0.267843 -0.936804
v -1.741973 0.271013 -0.901777
v -2.003322 0.266890 -0.671256
v -2.188998 0.252355 0.596383
v -2.180805 0.237250 0.997994
v -2.058386 0.071728 3.306722
v -1.913530 0.076324 3.496803
v -1.681307 0.070466 3.674304
v -1.407432 0.086460 3.825061
v -1.098944 0.088754 3.825160
v -0.838028 0.090158 3.747855
v -0.671070 0.099907 3.583853
v -0.633620 0.262491 0.975085
v -0.627424 0.258467 0.599195
v -0.819576 0.260342 -0.661888
v -2.147864 0.068760 -0.387297
v -2.109537 0.004354 -0.385195
v -2.018644 -0.015076 -0.381396
v -1.744083 -0.015076 -0.475761
v -1.411274 -0.015076 -0.494429
v -1.078465 -0.015076 -0.475529
v -0.803905 -0.015076 -0.382316
v -0.713012 0.004833 -0.385422
v -0.674095 0.068008 -0.385809
v -0.681405 0.248010 -0.371288
v -0.718084 0.490419 -0.342050
v -0.761698 0.774340 -0.307364
v -2.033856 0.789704 -0.312433
v -2.104079 0.503498 -0.354459
v -2.145370 0.255971 -0.381306
v -1.675668 0.807772 -0.766978
v -1.098961 0.798903 -0.768184
v -2.071006 0.787478 0.301536
v -2.144490 0.502699 0.286761
v -2.181068 0.258598 0.266973
v -2.178763 0.071085 0.264377
v -2.141824 0.007314 0.264677
v -2.030236 0.003786 0.264187
v -1.748725 0.004242 0.261867
v -1.412059 0.004694 0.262841
v -1.078403 0.004666 0.261864
v -0.799406 0.004521 0.264186
v -0.683653 0.010060 0.266684
v -0.642495 0.071946 0.267600
v -0.624516 0.250757 0.277576
v -0.638209 0.500134 0.295503
v -0.686255 0.792288 0.305387
v -1.416224 0.597537 2.846216
v -1.813340 0.455284 2.810729
v -2.034431 0.356104 2.790665
v -2.196507 0.205295 2.776192
v -2.221349 0.085544 2.774453
v -2.211152 0.032655 2.774194
v -2.154716 0.000274 2.772079
v -2.011580 -0.000216 2.791814
v -1.757148 0.000699 2.816267
v -1.418413 0.001908 2.845752
v -1.021789 0.002625 2.877182
v -0.685913 0.003405 2.903324
v -0.522946 0.005659 2.907345
v -0.458011 0.043759 2.923016
v -0.435790 0.165372 2.927800
v -0.460873 0.373777 2.925581
v -0.667259 0.569893 2.908354
v -0.961120 0.653834 2.883943
v -1.412577 0.490652 3.167279
v -1.774672 0.376089 3.101816
v -1.974281 0.297461 3.065561
v -2.123619 0.171346 3.040533
v -2.147824 0.073619 3.039070
v -2.139428 0.030079 3.040250
v -2.087981 -0.001414 3.038469
v -1.957803 -0.001417 3.095744
v -1.728400 -0.001386 3.160866
v -1.415344 -0.000354 3.225691
v -1.047139 0.000491 3.252030
v -0.764865 0.001489 3.258513
v -0.618295 0.003226 3.228288
v -0.560530 0.030846 3.248259
v -0.540924 0.129888 3.252729
v -0.562122 0.308506 3.246478
v -0.742190 0.479979 3.227404
v -0.998927 0.552393 3.203678
v -0.470043 0.069164 2.108395
v -0.444725 0.237680 2.109678
v -0.449000 0.514124 2.108962
v -0.625793 0.771673 2.099180
v -0.933056 0.919251 2.085079
v -1.400728 0.904696 2.065122
v -1.845357 0.702125 2.065124
v -2.085850 0.534710 2.065148
v -2.249847 0.311277 2.065324
v -2.273449 0.140366 2.065593
v -2.256460 0.050172 2.065698
v -2.201474 0.006555 2.064892
v -2.050875 0.004976 2.064718
v -1.780350 0.005918 2.064708
v -1.408535 0.007095 2.064703
v -1.025935 0.007577 2.082366
v -0.707424 0.008066 2.097072
v -0.527215 0.011794 2.104746
v -2.220211 0.006176 2.326341
v -2.066735 0.005070 2.330965
v -1.784598 0.006069 2.337067
v -1.419154 0.007339 2.344432
v -1.029646 0.008006 2.368175
v -0.677302 0.008684 2.387935
v -0.479282 0.011910 2.396092
v -0.417259 0.064406 2.403338
v -0.391612 0.214827 2.405539
v -0.405385 0.471709 2.404428
v -0.599167 0.705191 2.391431
v -0.945783 0.825495 2.372697
v -1.418130 0.790149 2.344833
v -1.852893 0.608344 2.335962
v -2.096483 0.468592 2.330843
v -2.268711 0.272578 2.327404
v -2.293228 0.120870 2.327273
v -2.277898 0.045602 2.327471
v -2.205464 0.002023 2.549150
v -2.054573 0.001210 2.561325
v -1.778305 0.002147 2.576607
v -1.419154 0.003363 2.595035
v -1.023543 0.003978 2.622624
v -0.654836 0.004643 2.645576
v -0.487748 0.007356 2.651676
v -0.422473 0.045639 2.662845
v -0.396477 0.184844 2.666749
v -0.416204 0.421210 2.665019
v -0.631154 0.639521 2.649987
v -0.944498 0.739696 2.628320
v -1.418947 0.693877 2.595525
v -1.844932 0.531840 2.573345
v -2.081466 0.413013 2.560587
v -2.251801 0.238989 2.551622
v -2.277165 0.100116 2.550858
v -2.264007 0.034474 2.550546
v -1.823519 1.297279 0.519328
v -1.916300 1.249085 0.263584
v -1.895391 1.229384 -0.243820
v -1.783739 1.247367 -0.464446
v -1.604091 1.264117 -0.624941
v -1.365924 1.261294 -0.683895
v -1.127191 1.261372 -0.634024
v -0.924913 1.256505 -0.487376
v -0.800306 1.246292 -0.262058
v -0.786612 1.271587 0.259272
v -0.891021 1.323193 0.520810
v -0.758422 1.247607 -0.005431
v -0.699517 0.775810 -0.009544
v -0.659214 0.490497 -0.025198
v -0.638816 0.246881 -0.037475
v -0.648088 0.069679 -0.039967
v -0.690823 0.007440 -0.043856
v -0.797406 0.004186 -0.054795
v -1.077184 0.004386 -0.070531
v -1.411559 0.004420 -0.066844
v -1.747027 0.004082 -0.070528
v -2.027718 0.003674 -0.054794
v -2.132788 0.005725 -0.044584
v -2.172642 0.069247 -0.041137
v -2.175129 0.252602 -0.040401
v -2.136715 0.497376 -0.028892
v -2.066766 0.781630 -0.010837
v -1.942268 1.228851 0.005493
v -1.661099 1.375016 0.756575
v -1.364035 1.409192 0.826440
v -1.058828 1.380552 0.745152
v -1.951164 1.062113 0.619457
v -2.000935 1.038595 0.294249
v -2.009376 1.023225 0.002290
v -1.977291 1.029253 -0.278292
v -1.855315 1.040188 -0.522776
v -1.639273 1.044333 -0.699324
v -1.378794 1.042350 -0.764078
v -1.110753 1.039300 -0.711494
v -0.903223 1.026498 -0.531886
v -0.781826 1.016229 -0.283056
v -0.728294 1.020905 -0.000631
v -0.734356 1.044724 0.299953
v -0.797379 1.093124 0.626516
v -0.289144 10.759155 -1.181072
v -0.103099 10.424282 -1.275619
v -0.051203 10.092233 -1.413371
v -0.027595 9.654912 -1.482864
v -0.019225 9.271074 -1.476474
v -0.015830 8.976869 -1.372602
v -0.056756 8.709159 -1.054174
v -0.099126 8.656675 -0.854493
v -0.292607 8.547877 -0.882274
v -0.029632 8.831295 -1.220757
v -0.232519 8.710390 -1.258539
v -0.589046 8.558237 -1.248331
v -1.235114 18.272310 0.537760
v -2.225771 22.724518 5.433619
v -1.946195 26.675112 5.274963
v -4.574586 22.547628 4.215175
v -4.522898 26.875509 3.801627
v -0.781228 26.690804 5.519942
v -0.724499 25.944386 5.735542
v -0.693606 24.574286 6.072494
v -0.776554 23.315029 6.160374
v -1.101088 22.673634 6.023161
v -5.409712 22.602024 3.337645
v -5.779769 23.217882 2.875279
v -6.079393 24.577282 2.468390
v -5.714378 26.108130 2.487264
v -5.339271 26.827276 2.683190
v -5.210209 22.804110 3.578265
v -4.716776 22.408827 4.105043
v -3.402985 22.125444 5.107794
v -2.006315 22.484308 5.638582
v -1.496632 22.870302 5.848880
v -1.217222 23.466549 5.943036
v -1.010817 24.586258 5.867095
v -1.120497 25.921740 5.593801
v -1.335705 26.555841 5.465907
v -1.648073 27.272247 5.348243
v -3.104639 27.671150 4.635292
v -4.639178 27.254440 3.567143
v -5.168510 26.571974 3.185507
v -5.517615 25.891548 2.921778
v -5.812035 24.575361 2.789872
v -5.540529 23.309950 3.163666
v -0.828030 27.426924 5.293416
v -0.837397 28.075829 5.042769
v -0.788284 30.316120 3.655470
v -0.876475 31.576370 2.475067
v -0.906143 32.149288 1.818516
v -0.925711 32.567856 1.241726
v -1.402055 18.288965 1.276241
v -1.625811 18.342712 0.782249
v -4.848732 28.958942 -1.342331
v -4.186518 28.970600 -2.488139
v -3.233895 28.938828 -3.376368
v -2.243606 28.889208 -3.957710
v -0.795961 29.156916 4.499173
v -4.129940 28.946100 2.649852
v -4.838216 29.001776 1.336352
v -5.071951 28.987034 -0.006227
v -0.551270 30.344343 -3.857776
v -0.793576 31.573240 -3.243432
v -0.837203 32.155285 -2.879996
v -0.882816 32.559147 -2.550292
v -0.931334 32.969715 -2.120338
v -0.397073 29.989731 -4.037739
v -0.157547 30.387104 -3.907111
v -0.050809 30.124310 3.781820
v -0.127545 30.501112 -3.495444
v -0.451275 30.228056 3.323226
v -0.051136 30.340065 3.317133
v -3.717076 30.962828 -1.278558
v -3.190155 30.963268 -2.180159
v -2.543140 30.963652 -2.777601
v -1.927614 30.963861 -3.146137
v -0.727899 30.962831 -3.556426
v -0.328108 30.961603 -3.647362
v -0.274413 30.961706 -3.297629
v -1.356895 30.963737 -3.102081
v -2.161835 30.963659 -2.672333
v -2.794822 30.962950 -1.993538
v -3.154714 30.962166 -1.175963
v -3.306397 30.961363 -0.268205
v -3.162461 30.962139 0.642054
v -2.798543 30.964760 1.493232
v -2.201722 30.967855 2.184099
v -1.432476 30.965096 2.601325
v -0.656204 30.956514 2.729898
v -0.196770 30.955822 2.810955
v -0.220174 30.950546 3.085223
v -0.837609 30.954985 3.087207
v -1.976470 30.968058 2.632310
v -2.551753 30.971603 2.240706
v -3.161319 30.971422 1.686040
v -3.697567 30.967913 0.792682
v -3.900460 30.964518 -0.233654
v -0.382665 30.436001 -3.502115
v -0.549108 30.962366 -3.274010
v -0.661453 31.574450 -2.944539
v -0.722671 32.154812 -2.547846
v -0.760478 32.555481 -2.199079
v -0.810613 32.933556 -1.787503
v -0.940274 33.564678 -0.846974
v -1.214768 33.397194 -0.810846
v -1.458963 33.243118 -0.767410
v -1.048587 33.779926 -0.858907
v -0.950703 32.986012 0.572654
v -1.609005 33.434475 -0.828580
v -1.594937 33.403481 -1.141519
v -1.018051 33.666126 -1.136714
v -0.911454 33.691921 -1.138652
v -0.841816 33.473080 -1.104249
v -0.920036 33.456985 -1.102991
v -1.173133 33.358776 -1.102124
v -1.421734 33.220524 -1.069298
v -1.435019 33.200420 -0.453232
v -1.184251 33.346912 -0.494524
v -0.930653 33.469120 -0.546537
v -0.834001 33.485237 -0.560545
v -0.909850 33.690697 -0.570489
v -1.028860 33.668591 -0.560894
v -1.392806 33.502991 -0.532035
v -1.593779 33.380737 -0.508419
v -0.083795 30.131472 -4.003657
v -0.064334 30.305399 -3.576806
v -3.484179 29.839392 -1.235634
v -2.872076 29.839396 -2.124994
v -2.052229 29.839397 -2.844576
v -1.072167 29.839394 -3.424809
v -1.115458 29.839394 3.236003
v -2.016629 29.839396 2.762372
v -2.909947 29.839396 2.007105
v -3.483886 29.839394 1.028311
v -3.663481 29.839392 -0.103556
v -0.973781 33.429764 -1.531663
v -0.858105 33.441402 -1.538435
v -0.791431 33.262497 -1.418859
v -0.867052 33.254925 -1.412454
v -0.902336 33.234436 -0.151711
v -0.789328 33.250793 -0.152693
v -0.855549 33.430454 -0.135616
v -0.998106 33.404221 -0.132837
v -1.368020 33.290680 -0.111978
v -1.405825 33.574387 -0.843434
v -1.388804 33.519878 -1.141887
v -1.342293 33.351791 -1.497922
v -0.058972 30.221045 -3.800776
v -0.118966 30.444088 -3.708456
v -0.265201 30.961567 -3.482221
v -0.417107 31.576166 -3.153551
v -0.543006 32.155357 -2.759325
v -0.622259 32.559052 -2.406461
v -0.701521 32.961227 -1.961912
v -0.783352 33.353020 -1.478647
v -0.836613 33.583118 -1.121451
v -0.847583 33.711906 -0.860322
v -0.831860 33.588570 -0.565517
v -0.780314 33.343304 -0.146146
v -0.678143 32.974586 0.471524
v -0.563962 32.563065 1.122141
v -0.453906 32.148376 1.689536
v -0.316685 31.580853 2.368002
v -0.179090 30.952093 2.987037
v -0.040701 30.260769 3.526245
v -0.233330 30.226328 -3.575227
v -1.234898 30.095503 3.192664
v -2.214695 30.261681 2.664091
v -2.969278 30.234749 1.895268
v -3.478344 30.036007 0.981672
v -3.667974 30.015146 -0.112341
v -3.481633 30.015898 -1.211761
v -2.976779 30.205978 -2.147635
v -2.218631 30.298672 -2.880879
v -1.252101 30.199440 -3.382541
v -1.180076 29.961390 3.249135
v -2.172794 30.087883 2.746247
v -2.963656 30.077490 1.964611
v -3.483050 29.915089 1.007877
v -3.665728 29.914139 -0.107948
v -3.482906 29.914516 -1.223697
v -2.908596 29.983549 -2.134935
v -2.161408 30.054371 -2.913858
v -1.158493 29.995554 -3.432618
v -3.383795 30.174648 -1.199358
v -2.825006 30.174732 -2.090163
v -2.032943 30.174683 -2.812864
v -1.064428 30.174829 -3.300195
v -1.090896 30.174665 3.162920
v -2.045744 30.174667 2.725495
v -2.851730 30.174948 1.948834
v -3.379564 30.174662 0.984979
v -3.557699 30.174664 -0.107262
v -3.215602 30.418367 -1.149157
v -2.710001 30.423750 -2.003707
v -1.945566 30.424500 -2.695792
v -1.012225 30.420782 -3.141792
v -1.035935 30.418530 2.983963
v -1.962406 30.431047 2.553009
v -2.716660 30.432169 1.817306
v -3.209405 30.419245 0.905041
v -3.380440 30.418653 -0.122020
v -2.978792 30.636528 -1.092452
v -2.539669 30.638891 -1.897363
v -1.818371 30.639236 -2.536573
v -0.939443 30.637218 -2.944622
v -0.957625 30.636532 2.722598
v -1.819217 30.646894 2.306754
v -2.516017 30.647276 1.628841
v -2.972367 30.637617 0.789493
v -3.131349 30.636686 -0.150417
v -2.697064 30.822531 -1.037613
v -2.299462 30.833433 -1.780508
v -1.649209 30.840328 -2.342016
v -0.857266 30.825165 -2.728001
v -0.871031 30.821587 2.412793
v -1.622970 30.852959 1.988305
v -2.238179 30.858210 1.376670
v -2.688529 30.827383 0.653587
v -2.834282 30.823168 -0.190705
v -2.378196 30.982098 -0.985969
v -2.027608 30.979969 -1.659243
v -1.481000 30.988873 -2.173861
v -0.771562 30.982714 -2.521133
v -0.780981 30.972092 2.078148
v -1.444970 30.994152 1.705591
v -2.001383 30.994755 1.164119
v -2.382402 30.980440 0.509551
v -2.499502 30.982388 -0.240457
v -2.047950 31.112076 -0.938753
v -1.742090 31.112076 -1.520347
v -1.265702 31.112076 -1.981917
v -0.665419 31.112076 -2.278665
v -0.665419 31.112076 1.695249
v -1.265702 31.112076 1.398007
v -1.742089 31.112076 0.935012
v -2.047948 31.112076 0.352002
v -2.153340 31.112076 -0.293665
v -1.581785 31.243717 -0.868403
v -1.345546 31.243717 -1.324157
v -0.977597 31.243717 -1.685987
v -0.513953 31.243717 -1.918511
v -0.513953 31.243717 1.190778
v -0.977596 31.243717 0.958830
v -1.345546 31.243717 0.597351
v -1.581784 31.243717 0.141772
v -1.663186 31.243717 -0.363290
v -1.076671 31.340132 -0.766716
v -0.915871 31.340132 -1.081000
v -0.665419 31.340132 -1.330415
v -0.349831 31.340132 -1.490549
v -0.349831 31.340132 0.653930
v -0.665419 31.340132 0.493787
v -0.915870 31.340132 0.244361
v -1.076670 31.340132 -0.069932
v -1.132078 31.340132 -0.418326
v -0.545046 31.398949 -0.616622
v -0.463644 31.398949 -0.776383
v -0.336857 31.398949 -0.903169
v -0.177096 31.398949 -0.984571
v -0.177096 31.398949 0.105520
v -0.336857 31.398949 0.024118
v -0.463643 31.398949 -0.102669
v -0.545045 31.398949 -0.262430
v -0.573095 31.398949 -0.439526
v -9.193393 15.985131 -0.707355
v -9.195292 15.825937 -0.742278
v -9.196246 15.672816 -0.686428
v -9.196115 15.549080 -0.548313
v -9.194915 15.473566 -0.348957
v -9.192829 15.457826 -0.118712
v -9.190177 15.504101 0.107373
v -9.187361 15.605498 0.294875
v -9.184809 15.746531 0.415250
v -9.182661 15.933090 0.448337
v -9.181678 16.089174 0.392291
v -9.182087 16.182583 0.256207
v -9.183287 16.258097 0.056850
v -9.185372 16.273891 -0.173396
v -9.188025 16.227562 -0.399479
v -9.190842 16.126163 -0.586981
v -11.128458 15.625303 0.873024
v -11.317349 15.620436 0.884473
v -11.445952 15.636638 0.898403
v -11.510070 15.660400 0.904619
v -10.830392 16.021193 1.026185
v -11.112180 16.030901 1.036970
v -11.287564 16.029892 1.040858
v -11.429054 16.031504 1.024739
v -11.496239 16.033237 1.004778
v -9.980348 16.038115 0.875974
v -9.521318 15.931887 0.726959
v -9.446167 15.618339 0.639165
v -9.449522 15.472760 0.464424
v -10.401581 16.054010 0.960235
v -10.929516 15.550667 0.699716
v -10.573737 15.450331 0.355262
v -10.277160 15.465422 0.122592
v -10.255217 15.503161 -0.096170
v -10.243402 15.486881 -0.321734
v -10.237295 15.420481 -0.545434
v -10.230851 15.456913 -0.768840
v -10.232462 15.560719 -0.931362
v -10.230760 15.707552 -1.033387
v -10.224630 15.864125 -1.072682
v -10.217567 16.026188 -1.052677
v -10.206546 16.158304 -0.971760
v -10.246387 16.251787 0.365264
v -10.155231 16.215584 0.579842
v -9.998428 15.448425 0.120424
v -9.970571 15.491617 -0.111804
v -9.960487 15.484461 -0.330537
v -9.951920 15.434535 -0.548641
v -9.953311 15.474745 -0.752136
v -9.966301 15.592120 -0.928353
v -9.952795 15.722370 -1.010354
v -9.951203 15.871283 -1.045650
v -9.954484 16.016806 -1.031778
v -9.954196 16.138609 -0.963643
v -9.945307 16.212345 -0.795489
v -9.928548 16.244055 -0.583200
v -10.543175 15.309011 0.693164
v -10.543453 15.368976 0.537028
v -10.690201 15.405636 0.822973
v -10.785579 15.481597 0.763924
v -10.351617 15.780588 1.108974
v -10.326324 15.658393 1.187094
v -10.356439 15.539323 1.276546
v -10.461860 15.377564 1.405905
v -8.318180 15.736102 -0.722173
v -8.319324 15.553944 -0.667324
v -8.319722 15.418238 -0.533999
v -8.319316 15.349647 -0.342495
v -8.318166 15.358611 -0.121969
v -8.316241 15.444232 0.093729
v -8.314418 15.592163 0.272544
v -8.312400 15.781167 0.386483
v -8.310686 15.982049 0.418461
v -8.309544 16.164206 0.363608
v -8.309097 16.309704 0.224490
v -8.309551 16.368504 0.038782
v -8.310700 16.359541 -0.181742
v -8.312419 16.274384 -0.397719
v -8.314444 16.126001 -0.576263
v -8.316466 15.936982 -0.690196
v -7.087542 15.387101 -0.643004
v -7.086943 15.611783 -0.772244
v -7.086173 15.874061 -0.806477
v -7.085350 16.134005 -0.740492
v -7.084597 16.352041 -0.584332
v -7.084031 16.494972 -0.361776
v -7.083737 16.541044 -0.106701
v -7.083760 16.483238 0.142056
v -7.084096 16.330359 0.346628
v -7.084695 16.105675 0.475867
v -7.085451 15.843418 0.510061
v -7.085788 15.584070 0.442788
v -7.087040 15.365418 0.287956
v -7.087607 15.222486 0.065399
v -7.087901 15.176414 -0.189675
v -7.087878 15.234220 -0.438434
v -5.017369 15.375468 -0.570961
v -5.017447 15.256229 -0.274478
v -5.017437 15.229939 0.037824
v -5.017342 15.300976 0.316833
v -5.017174 15.457681 0.523597
v -5.016063 15.674934 0.631928
v -5.016709 15.917713 0.633480
v -5.016533 16.150965 0.520021
v -5.016381 16.340506 0.303303
v -5.016304 16.458298 0.012874
v -5.016313 16.486036 -0.305483
v -5.016409 16.415733 -0.587571
v -5.016576 16.259331 -0.795597
v -5.016788 16.042727 -0.906646
v -5.017014 15.799318 -0.905562
v -5.017217 15.565743 -0.790759
v -3.799093 15.350081 -0.596647
v -3.798933 15.551440 -0.833008
v -3.798718 15.797922 -0.957189
v -3.798481 16.054274 -0.959800
v -3.798258 16.281733 -0.841536
v -3.798083 16.445404 -0.619309
v -3.797982 16.518103 -0.317435
v -3.797973 16.488344 0.019832
v -3.798055 16.362686 0.332715
v -3.798215 16.162054 0.566016
v -3.798395 15.915809 0.689221
v -3.797513 15.660265 0.688444
v -3.798890 15.431973 0.573672
v -3.799066 15.268091 0.352316
v -3.799166 15.194664 0.053502
v -3.799176 15.224091 -0.282385
v -12.738888 15.944577 -1.224483
v -12.782187 16.005201 -1.167413
v -12.801770 16.022776 -1.084285
v -12.804056 16.005283 -0.998896
v -12.776765 15.944720 -0.932606
v -12.780588 15.859772 -0.910103
v -12.778552 15.774800 -0.932754
v -12.806768 15.747381 -0.999121
v -12.804850 15.729995 -1.084541
v -12.784900 15.747298 -1.167638
v -12.740675 15.774657 -1.224631
v -12.736852 15.859606 -1.247134
v -12.844842 15.860604 -1.089795
v -12.840483 15.860473 -0.991304
v -12.815488 15.860378 -1.183911
v -11.982716 15.948705 -1.147570
v -11.980394 15.851586 -1.173461
v -11.984767 15.754939 -1.147742
v -11.994428 15.706593 -1.077285
v -12.007200 15.680621 -0.981005
v -12.019423 15.706688 -0.884678
v -12.028060 15.755103 -0.814136
v -12.030384 15.851776 -0.788246
v -12.026008 15.948869 -0.813965
v -12.016107 16.019920 -0.884402
v -12.003334 16.045893 -0.980682
v -11.991112 16.019825 -1.077008
v -12.327891 15.952374 -1.192366
v -12.325570 15.855256 -1.218257
v -12.329944 15.758530 -1.192538
v -12.339646 15.706177 -1.122084
v -12.352420 15.680204 -1.025804
v -12.364641 15.706271 -0.929478
v -12.373236 15.758694 -0.858932
v -12.375561 15.855445 -0.833042
v -12.371184 15.952538 -0.858761
v -12.361283 16.023590 -0.929198
v -12.348510 16.049562 -1.025478
v -12.336288 16.023495 -1.121804
v -11.902678 15.947747 -1.137166
v -11.911253 16.006916 -1.066621
v -11.923488 16.032984 -0.970297
v -11.936214 16.007011 -0.874010
v -11.945910 15.947910 -0.803553
v -11.950174 15.850817 -0.777819
v -11.947749 15.753698 -0.803696
v -11.939276 15.683704 -0.874250
v -11.927041 15.657638 -0.970574
v -11.914314 15.683610 -1.066860
v -11.904516 15.753535 -1.137309
v -11.900252 15.850629 -1.163043
v -12.075787 15.949706 -1.159649
v -12.084288 16.010582 -1.089095
v -12.096509 16.036650 -0.992769
v -12.109282 16.010677 -0.896489
v -12.119079 15.949870 -0.826043
v -12.123461 15.852777 -0.800325
v -12.121146 15.755658 -0.826216
v -12.112736 15.686179 -0.896778
v -12.100514 15.660112 -0.993104
v -12.087741 15.686085 -1.089384
v -12.077853 15.755495 -1.159822
v -12.073471 15.852588 -1.185540
v -12.238228 15.951447 -1.180730
v -12.235912 15.854329 -1.206621
v -12.240294 15.757236 -1.180903
v -12.250179 15.688040 -1.110465
v -12.262954 15.662068 -1.014185
v -12.275175 15.688134 -0.917859
v -12.283587 15.757400 -0.847297
v -12.285902 15.854518 -0.821406
v -12.281520 15.951611 -0.847125
v -12.271724 16.012417 -0.917570
v -12.258950 16.038389 -1.013850
v -12.246729 16.012323 -1.110176
v -12.419630 15.953351 -1.204272
v -12.417304 15.856233 -1.230162
v -12.421676 15.759139 -1.204442
v -12.431558 15.689629 -1.134004
v -12.444328 15.663656 -1.037723
v -12.456553 15.689723 -0.941397
v -12.464968 15.759303 -0.870837
v -12.467295 15.856421 -0.844947
v -12.462923 15.953514 -0.870666
v -12.453133 16.014322 -0.941113
v -12.440361 16.040295 -1.037393
v -12.428138 16.014227 -1.133719
v -12.157005 15.950583 -1.170189
v -12.165505 16.011459 -1.099635
v -12.177727 16.037525 -1.003309
v -12.190500 16.011553 -0.907029
v -12.200298 15.950747 -0.836584
v -12.204681 15.853654 -0.810866
v -12.202368 15.756536 -0.836757
v -12.193976 15.685414 -0.907320
v -12.181756 15.659348 -1.003646
v -12.168982 15.685320 -1.099926
v -12.159076 15.756371 -1.170363
v -12.154692 15.853464 -1.196081
v -12.546352 15.954697 -1.220718
v -12.544025 15.857578 -1.246607
v -12.548395 15.760485 -1.220887
v -12.558291 15.689433 -1.150450
v -12.571062 15.663461 -1.054169
v -12.583286 15.689528 -0.957844
v -12.591687 15.760649 -0.887282
v -12.594015 15.857767 -0.861392
v -12.589645 15.954860 -0.887112
v -12.580054 15.996885 -0.957575
v -12.567283 16.022858 -1.053855
v -12.555059 15.996791 -1.150181
v -11.681209 15.944904 -1.107878
v -11.693618 16.004089 -1.037357
v -11.705645 16.030155 -0.941009
v -11.718149 16.004183 -0.844698
v -11.724060 15.945066 -0.774222
v -11.724678 15.847717 -0.748478
v -11.722237 15.748678 -0.774352
v -11.713762 15.676302 -0.844903
v -11.701525 15.650235 -0.941227
v -11.688813 15.676208 -1.037516
v -11.679023 15.748515 -1.107967
v -11.674779 15.847528 -1.133703
v -11.792691 15.946330 -1.122851
v -11.790232 15.849211 -1.148723
v -11.794463 15.751547 -1.122985
v -11.804247 15.679902 -1.052533
v -11.816958 15.653930 -0.956245
v -11.829196 15.679996 -0.859921
v -11.837676 15.751710 -0.789369
v -11.840130 15.849400 -0.763497
v -11.835904 15.946493 -0.789235
v -11.826235 16.005592 -0.859696
v -11.813523 16.031565 -0.955984
v -11.801285 16.005499 -1.052308
v -11.567605 15.943469 -1.092885
v -11.581706 16.002661 -1.022357
v -11.593521 16.028727 -0.925986
v -11.605820 16.002752 -0.829651
v -11.610094 15.943630 -0.759188
v -11.609222 15.846515 -0.733458
v -11.606769 15.748826 -0.759331
v -11.598289 15.677112 -0.829882
v -11.586050 15.651045 -0.926206
v -11.573339 15.677017 -1.022494
v -11.563555 15.748662 -1.092946
v -11.559324 15.846326 -1.118684
v -12.662750 15.955934 -1.235823
v -12.660422 15.858815 -1.261713
v -12.664793 15.761722 -1.235993
v -12.674689 15.690670 -1.165556
v -12.687460 15.664699 -1.069275
v -12.699684 15.690764 -0.972949
v -12.708085 15.761886 -0.902388
v -12.710413 15.859004 -0.876498
v -12.706042 15.956098 -0.902218
v -12.696451 15.998122 -0.972681
v -12.683681 16.024096 -1.068961
v -12.671456 15.998028 -1.165287
v -13.148945 16.035807 -0.688231
v -13.195445 16.109917 -0.614335
v -13.210391 16.131523 -0.511204
v -13.204102 16.110329 -0.407102
v -13.163939 16.036520 -0.329292
v -13.166198 15.932875 -0.301368
v -13.166138 15.829118 -0.328971
v -13.207440 15.795535 -0.406615
v -13.214182 15.774158 -0.510652
v -13.198784 15.795123 -0.613849
v -13.151145 15.828404 -0.687911
v -13.148885 15.932051 -0.715835
v -13.263277 15.933578 -0.513020
v -13.247530 15.933595 -0.393726
v -13.237636 15.933124 -0.630585
v -12.223157 16.040827 -0.675274
v -12.222696 15.922233 -0.706803
v -12.224884 15.804311 -0.674869
v -12.228936 15.745431 -0.588070
v -12.234115 15.713910 -0.469586
v -12.238830 15.745910 -0.351211
v -12.242021 15.805140 -0.264615
v -12.242484 15.923190 -0.233085
v -12.240294 16.041656 -0.265021
v -12.236039 16.128250 -0.351868
v -12.230861 16.159771 -0.470352
v -12.226145 16.127771 -0.588727
v -12.646956 16.045294 -0.692986
v -12.646496 15.926701 -0.724515
v -12.648683 15.808682 -0.692580
v -12.652771 15.744912 -0.605773
v -12.657950 15.713391 -0.487289
v -12.662665 15.745391 -0.368914
v -12.665820 15.809512 -0.282327
v -12.666284 15.927658 -0.250797
v -12.664093 16.046124 -0.282732
v -12.659838 16.132719 -0.369579
v -12.654658 16.164240 -0.488063
v -12.649944 16.132240 -0.606439
v -12.118502 16.040216 -0.671045
v -12.121282 16.112562 -0.584455
v -12.125961 16.144560 -0.466078
v -12.131478 16.113047 -0.347611
v -12.136164 16.041054 -0.260819
v -12.139093 15.922607 -0.228921
v -12.139292 15.804030 -0.260484
v -12.136686 15.718472 -0.347055
v -12.132008 15.686475 -0.465433
v -12.126490 15.717988 -0.583899
v -12.121631 15.803192 -0.670711
v -12.118700 15.921638 -0.702608
v -12.337695 16.041365 -0.680063
v -12.340959 16.115808 -0.593503
v -12.345753 16.147812 -0.475132
v -12.350852 16.116293 -0.356644
v -12.354832 16.042204 -0.269809
v -12.356728 15.923738 -0.237858
v -12.355974 15.805141 -0.269371
v -12.352761 15.720197 -0.355912
v -12.347967 15.688193 -0.474283
v -12.342867 15.719711 -0.592772
v -12.338838 15.804301 -0.679625
v -12.336941 15.922768 -0.711577
v -12.537141 16.042662 -0.688396
v -12.536386 15.924065 -0.719910
v -12.538282 15.805598 -0.687959
v -12.542311 15.721270 -0.601106
v -12.547411 15.689752 -0.482617
v -12.552205 15.721755 -0.364246
v -12.555419 15.806438 -0.277705
v -12.556173 15.925035 -0.246192
v -12.554277 16.043501 -0.278143
v -12.550298 16.117590 -0.364977
v -12.545197 16.149109 -0.483466
v -12.540404 16.117105 -0.601837
v -12.759318 16.046391 -0.697680
v -12.759152 15.927801 -0.729224
v -12.761637 15.809337 -0.697303
v -12.766089 15.724623 -0.610471
v -12.771346 15.693100 -0.491991
v -12.775983 15.725096 -0.373612
v -12.778774 15.810156 -0.287049
v -12.778940 15.928746 -0.255506
v -12.776456 16.047211 -0.287426
v -12.772108 16.121302 -0.374241
v -12.766850 16.152824 -0.492721
v -12.762215 16.120829 -0.611100
v -12.437506 16.041658 -0.684233
v -12.440831 16.116104 -0.597676
v -12.445651 16.148108 -0.479307
v -12.450725 16.116590 -0.360817
v -12.454642 16.042501 -0.273980
v -12.456441 15.924035 -0.242023
v -12.455588 15.805438 -0.273532
v -12.452313 15.718488 -0.360065
v -12.447494 15.686484 -0.478434
v -12.442419 15.718001 -0.596925
v -12.438452 15.804594 -0.683785
v -12.436653 15.923061 -0.715741
v -12.914811 16.048126 -0.704177
v -12.914742 15.929537 -0.735727
v -12.917326 15.811073 -0.703811
v -12.921867 15.724478 -0.616980
v -12.927151 15.692954 -0.498501
v -12.931762 15.724949 -0.380121
v -12.934463 15.811889 -0.293558
v -12.934530 15.930478 -0.262008
v -12.931948 16.048941 -0.293924
v -12.927782 16.100107 -0.380700
v -12.922498 16.131632 -0.499179
v -12.917888 16.099636 -0.617559
v -11.820748 16.038870 -0.659170
v -11.826606 16.111336 -0.572598
v -11.831203 16.143330 -0.454217
v -11.836747 16.111816 -0.335754
v -11.838450 16.039707 -0.248947
v -11.838549 15.920855 -0.217041
v -11.839001 15.799941 -0.248612
v -11.836571 15.711479 -0.335186
v -11.831903 15.679482 -0.453563
v -11.826273 15.710993 -0.572025
v -11.821165 15.799099 -0.658830
v -11.817952 15.919883 -0.690717
v -11.970308 16.039522 -0.665213
v -11.970727 15.920951 -0.696788
v -11.973914 15.801814 -0.664902
v -11.979010 15.714516 -0.578099
v -11.984640 15.683005 -0.459638
v -11.989307 15.715002 -0.341260
v -11.991751 15.802656 -0.254686
v -11.991323 15.921923 -0.223111
v -11.988145 16.040363 -0.254996
v -11.983281 16.112352 -0.341780
v -11.977651 16.143862 -0.460240
v -11.972983 16.111866 -0.578618
v -11.669251 16.038143 -0.653110
v -11.676354 16.110657 -0.566545
v -11.680884 16.142649 -0.448160
v -11.686343 16.111132 -0.329693
v -11.686820 16.038975 -0.242882
v -11.685765 15.920372 -0.210970
v -11.686193 15.801105 -0.242544
v -11.683751 15.713451 -0.329119
v -11.679084 15.681455 -0.447497
v -11.673453 15.712965 -0.565957
v -11.668357 15.800263 -0.652761
v -11.665170 15.919399 -0.684647
v -13.057719 16.049633 -0.710150
v -13.057651 15.931043 -0.741699
v -13.060233 15.812579 -0.709784
v -13.064775 15.725985 -0.622953
v -13.070059 15.694461 -0.504474
v -13.074669 15.726455 -0.386093
v -13.077371 15.813395 -0.299530
v -13.077438 15.931985 -0.267981
v -13.074856 16.050447 -0.299896
v -13.070690 16.101614 -0.386673
v -13.065406 16.133137 -0.505151
v -13.060796 16.101143 -0.623532
v -13.284184 16.034063 0.826942
v -13.315799 16.119184 0.920766
v -13.308827 16.143496 1.041024
v -13.279937 16.118366 1.157794
v -13.222069 16.032644 1.237490
v -13.218550 15.912678 1.269026
v -13.224640 15.792931 1.237051
v -13.283838 15.754530 1.157128
v -13.313256 15.730453 1.040267
v -13.319700 15.755348 0.920100
v -13.286756 15.794349 0.826503
v -13.290275 15.914315 0.794967
v -13.363842 15.914640 1.048557
v -13.321930 15.913948 1.180772
v -13.362919 15.914885 0.909859
v -12.331393 16.041300 0.652793
v -12.338164 15.904430 0.616218
v -12.333945 15.767941 0.652237
v -12.319580 15.699344 0.751261
v -12.299428 15.662169 0.886642
v -12.278591 15.698410 1.022174
v -12.262950 15.766322 1.121476
v -12.256186 15.902562 1.158049
v -12.260398 16.039680 1.122033
v -12.274465 16.140308 1.023074
v -12.294617 16.177483 0.887691
v -12.315454 16.141243 0.752161
v -12.769992 16.045881 0.719168
v -12.776763 15.909013 0.682593
v -12.772546 15.772411 0.718612
v -12.758232 15.698162 0.817624
v -12.738081 15.660988 0.953006
v -12.717243 15.697228 1.088538
v -12.701550 15.770794 1.187852
v -12.694785 15.907144 1.224424
v -12.698997 16.044264 1.188408
v -12.713064 16.144892 1.089450
v -12.733216 16.182066 0.954066
v -12.754053 16.145826 0.818536
v -12.219985 16.040329 0.635889
v -12.204051 16.123409 0.735200
v -12.183180 16.159649 0.870726
v -12.163160 16.122477 1.006128
v -12.149160 16.038713 1.105155
v -12.145271 15.901600 1.141218
v -12.152338 15.764736 1.104687
v -12.168450 15.666386 1.005351
v -12.189321 15.630146 0.869824
v -12.209340 15.667318 0.734423
v -12.223163 15.766353 0.635424
v -12.227052 15.903466 0.599359
v -12.449788 16.042240 0.670709
v -12.434072 16.127733 0.770059
v -12.413274 16.163975 0.905597
v -12.393084 16.126801 1.040973
v -12.378793 16.040625 1.139949
v -12.374437 15.903504 1.175943
v -12.381066 15.766635 1.139348
v -12.396881 15.669004 1.039970
v -12.417681 15.632764 0.904434
v -12.437870 15.669938 0.769056
v -12.452062 15.768251 0.670109
v -12.456416 15.905371 0.634112
v -12.656197 16.044041 0.701945
v -12.662826 15.907170 0.665348
v -12.658470 15.770051 0.701344
v -12.644278 15.672040 0.800293
v -12.624086 15.634866 0.935670
v -12.603289 15.671107 1.071206
v -12.587475 15.768435 1.170584
v -12.580847 15.905304 1.207179
v -12.585201 16.042423 1.171184
v -12.599492 16.128601 1.072208
v -12.619682 16.165775 0.936832
v -12.640481 16.129534 0.801295
v -12.886426 16.047058 0.736789
v -12.893339 15.910191 0.700235
v -12.889269 15.773072 0.736272
v -12.875284 15.674619 0.835251
v -12.855171 15.637444 0.970638
v -12.834295 15.673683 1.106164
v -12.818274 15.771453 1.205512
v -12.811361 15.908319 1.242066
v -12.815431 16.045437 1.206028
v -12.829543 16.131613 1.107027
v -12.849656 16.168787 0.971639
v -12.870532 16.132547 0.836114
v -12.553035 16.042984 0.686333
v -12.537349 16.128477 0.785687
v -12.516562 16.164719 0.921227
v -12.496360 16.127544 1.056601
v -12.482039 16.041368 1.155573
v -12.477637 15.904248 1.191560
v -12.484218 15.767378 1.154958
v -12.500018 15.667432 1.055571
v -12.520804 15.631190 0.920031
v -12.541007 15.668365 0.784657
v -12.555213 15.768993 0.685718
v -12.559615 15.906114 0.649729
v -13.047400 16.048780 0.761150
v -13.054360 15.911915 0.724603
v -13.050339 15.774797 0.760648
v -13.036410 15.674170 0.859627
v -13.016310 15.636994 0.995017
v -12.995421 15.673234 1.130541
v -12.979343 15.773176 1.229887
v -12.972383 15.910043 1.266434
v -12.976405 16.047159 1.230389
v -12.990771 16.106838 1.131335
v -13.010872 16.144014 0.995946
v -13.031760 16.107775 0.860422
v -11.894639 16.037596 0.585849
v -11.881083 16.120733 0.684903
v -11.860499 16.156979 0.820467
v -11.840815 16.119814 0.955915
v -11.824381 16.035994 1.055190
v -11.817889 15.898479 1.091472
v -11.825088 15.758908 1.054952
v -11.841304 15.657198 0.955618
v -11.862186 15.620959 0.820093
v -11.882161 15.658131 0.684687
v -11.895856 15.760524 0.585678
v -11.899605 15.900344 0.549603
v -12.058066 16.038960 0.611279
v -12.065231 15.902098 0.574761
v -12.061460 15.764182 0.610841
v -12.047753 15.662723 0.709849
v -12.027778 15.625551 0.845257
v -12.006896 15.661790 0.980782
v -11.990691 15.762567 1.080113
v -11.983516 15.900232 1.116632
v -11.987298 16.037344 1.080551
v -12.001223 16.121105 0.981514
v -12.021198 16.158278 0.846106
v -12.042080 16.122038 0.710581
v -11.729649 16.036196 0.560567
v -11.716957 16.119352 0.659515
v -11.696667 16.155605 0.795117
v -11.677268 16.118448 0.930604
v -11.659893 16.034605 1.029973
v -11.652253 15.897401 1.066313
v -11.659428 15.759735 1.029796
v -11.675632 15.658958 0.930466
v -11.696514 15.622720 0.794941
v -11.716490 15.659891 0.659532
v -11.730196 15.761351 0.560524
v -11.733968 15.899266 0.524445
v -13.195299 16.050325 0.783532
v -13.202260 15.913460 0.746986
v -13.198237 15.776342 0.783030
v -13.184310 15.675714 0.882010
v -13.164209 15.638540 1.017399
v -13.143321 15.674779 1.152923
v -13.127242 15.774721 1.252270
v -13.120282 15.911588 1.288816
v -13.124304 16.048706 1.252772
v -13.138671 16.108383 1.153717
v -13.158772 16.145559 1.018328
v -13.179660 16.109320 0.882804
v -13.538103 16.121147 0.021245
v -13.585146 16.210672 0.115735
v -13.591986 16.236393 0.242019
v -13.573720 16.210201 0.367065
v -13.518312 16.120329 0.456562
v -13.518117 15.994478 0.490058
v -13.520982 15.868753 0.456211
v -13.577771 15.828360 0.366532
v -13.596585 15.802910 0.241414
v -13.589198 15.828831 0.115203
v -13.540772 15.869571 0.020894
v -13.540969 15.995422 -0.012604
v -13.654600 15.996269 0.244415
v -13.623593 15.995741 0.386933
v -13.636653 15.996281 0.099672
v -12.445904 16.127649 -0.059583
v -12.448623 15.983944 -0.098291
v -12.447839 15.840756 -0.060026
v -12.443542 15.768929 0.045010
v -12.437273 15.730138 0.188580
v -12.430483 15.768397 0.332272
v -12.425219 15.839836 0.437527
v -12.422503 15.982882 0.476235
v -12.423284 16.126728 0.437968
v -12.427354 16.232174 0.332987
v -12.433623 16.270966 0.189415
v -12.440413 16.232706 0.045725
v -12.947145 16.132935 -0.036785
v -12.949866 15.989230 -0.075493
v -12.949082 15.845926 -0.037229
v -12.944826 15.768166 0.067798
v -12.938556 15.729375 0.211368
v -12.931766 15.767634 0.355060
v -12.926462 15.845006 0.460324
v -12.923746 15.988168 0.499032
v -12.924525 16.132015 0.460766
v -12.928596 16.237461 0.355785
v -12.934866 16.276251 0.212212
v -12.941656 16.237991 0.068522
v -12.318900 16.127037 -0.065455
v -12.312969 16.214376 0.039804
v -12.306005 16.252628 0.183489
v -12.300124 16.213850 0.327075
v -12.296653 16.126125 0.432111
v -12.296951 15.982317 0.470417
v -12.300693 15.838650 0.431747
v -12.306849 15.735287 0.326469
v -12.313813 15.697036 0.182785
v -12.319694 15.735812 0.039199
v -12.322941 15.839561 -0.065818
v -12.322641 15.983369 -0.104123
v -12.581432 16.128155 -0.053423
v -12.576305 16.218048 0.051871
v -12.569627 16.256310 0.195566
v -12.563246 16.217522 0.339134
v -12.558812 16.127245 0.444129
v -12.557616 15.983397 0.482378
v -12.559919 15.839689 0.443654
v -12.565095 15.737060 0.338339
v -12.571774 15.698796 0.194644
v -12.578156 15.737584 0.051077
v -12.582540 15.840599 -0.053899
v -12.583735 15.984447 -0.092146
v -12.817324 16.129530 -0.042697
v -12.819627 15.985823 -0.081420
v -12.818431 15.841974 -0.043172
v -12.814045 15.739277 0.061805
v -12.807663 15.700489 0.205371
v -12.800985 15.738752 0.349066
v -12.795811 15.841064 0.454381
v -12.793508 15.984773 0.493105
v -12.794703 16.128620 0.454855
v -12.799137 16.218897 0.349861
v -12.805518 16.257685 0.206293
v -12.812197 16.219423 0.062597
v -13.079979 16.134212 -0.030741
v -13.083115 15.990513 -0.069433
v -13.082752 15.846668 -0.031153
v -13.078964 15.743505 0.073845
v -13.072806 15.704712 0.217420
v -13.065905 15.742967 0.361106
v -13.060131 15.845737 0.466399
v -13.056995 15.989438 0.505091
v -13.057359 16.133282 0.466811
v -13.061270 16.223560 0.361794
v -13.067428 16.262352 0.218218
v -13.074329 16.224098 0.074533
v -12.699502 16.128355 -0.048056
v -12.694462 16.218248 0.057242
v -12.687820 16.256512 0.200938
v -12.681402 16.217724 0.344504
v -12.676881 16.127449 0.449497
v -12.675547 15.983600 0.487740
v -12.677711 15.839890 0.449010
v -12.682795 15.734829 0.343687
v -12.689436 15.696565 0.199993
v -12.695854 15.735352 0.056426
v -12.700331 15.840796 -0.048541
v -12.701666 15.984646 -0.086785
v -13.263864 16.136284 -0.022377
v -13.267138 15.992584 -0.061063
v -13.266914 15.848741 -0.022778
v -13.263251 15.743296 0.082221
v -13.257130 15.704502 0.225797
v -13.250192 15.742756 0.369482
v -13.244295 15.847806 0.474773
v -13.241019 15.991506 0.513461
v -13.241243 16.135349 0.475175
v -13.245363 16.197819 0.370117
v -13.251484 16.236612 0.226540
v -13.258423 16.198359 0.082856
v -11.951588 16.125891 -0.082798
v -11.948270 16.213375 0.022402
v -11.941333 16.251629 0.166087
v -11.935636 16.212858 0.309680
v -11.929585 16.124990 0.414779
v -11.927410 15.980685 0.453146
v -11.931539 15.834188 0.414486
v -11.937979 15.727308 0.309213
v -11.945001 15.689059 0.165531
v -11.950753 15.727832 0.021939
v -11.953663 15.835095 -0.083085
v -11.952957 15.981733 -0.121400
v -12.136059 16.126444 -0.074017
v -12.140140 15.982788 -0.112673
v -12.140812 15.838149 -0.074355
v -12.137887 15.731865 0.030670
v -12.132135 15.693092 0.174262
v -12.125113 15.731341 0.317943
v -12.118689 15.837241 0.423216
v -12.114594 15.981741 0.461873
v -12.113935 16.125536 0.423555
v -12.117167 16.213253 0.318508
v -12.122919 16.252026 0.174918
v -12.129940 16.213776 0.031235
v -11.765246 16.125237 -0.091545
v -11.762859 16.212772 0.013633
v -11.756004 16.251030 0.157320
v -11.750362 16.212263 0.300918
v -11.743362 16.124342 0.406036
v -11.740214 15.980340 0.444419
v -11.744309 15.835841 0.405762
v -11.750734 15.729940 0.300489
v -11.757756 15.691691 0.156806
v -11.763508 15.730464 0.013216
v -11.766434 15.836748 -0.091810
v -11.765761 15.981388 -0.130128
v -13.432885 16.138065 -0.014689
v -13.436160 15.994367 -0.053375
v -13.435936 15.850523 -0.015090
v -13.432273 15.745078 0.089908
v -13.426151 15.706285 0.233485
v -13.419213 15.744538 0.377170
v -13.413316 15.849589 0.482461
v -13.410041 15.993288 0.521148
v -13.410265 16.137133 0.482862
v -13.414385 16.199602 0.377805
v -13.420506 16.238396 0.234227
v -13.427444 16.200142 0.090543
v -10.840544 16.248051 0.566709
v -10.533935 16.246180 0.500968
v -10.820760 16.271639 0.327432
v -10.524861 16.267025 0.320150
v -10.820881 16.281061 0.139393
v -10.502546 16.280527 0.129589
v -10.192981 16.271927 0.109647
v -9.885392 16.258318 0.093060
v -9.650784 16.240942 0.085244
v -10.597795 16.259575 -0.138928
v -10.244066 16.273859 -0.128386
v -9.894828 16.277178 -0.123325
v -11.358294 16.190704 -0.166407
v -11.133259 16.221539 -0.157622
v -11.125900 16.234394 -0.024821
v -10.828855 16.261236 -0.027320
v -10.521087 16.272579 -0.047202
v -10.528168 16.266947 -0.218493
v -10.834188 16.251589 -0.256381
v -11.133191 16.230141 -0.276427
v -10.603842 16.211998 -0.618087
v -10.255565 16.241619 -0.590758
v -11.301315 16.136726 -0.751158
v -11.137891 16.156410 -0.756786
v -10.843289 16.191233 -0.730743
v -10.542118 16.219852 -0.688338
v -10.523832 16.232042 -0.532639
v -10.827557 16.210480 -0.534817
v -10.827389 16.241465 -0.390909
v -10.511766 16.255436 -0.368624
v -10.207772 16.263769 -0.349262
v -11.126732 16.148331 -0.888198
v -10.829657 16.186892 -0.859591
v -10.516239 16.212713 -0.829824
v -10.220720 16.227282 -0.802688
v -11.415198 15.666385 -1.012408
v -11.268699 15.651220 -1.030947
v -11.133071 15.649612 -1.017000
v -10.821823 15.606260 -0.983278
v -0.218676 17.736584 0.871087
v -0.244346 17.428011 0.896854
v -0.318595 16.734322 1.089358
v -0.324262 16.703394 1.213374
v -0.323602 16.639084 1.289501
v -0.601347 18.066154 0.701873
v -0.638298 18.168377 0.797823
v -0.810857 18.176294 1.122501
v -1.064201 18.247192 1.658706
v -0.832067 17.773668 0.516329
v -0.633340 17.756540 0.694324
v -0.633261 16.722591 0.983191
v -0.668593 16.671415 1.155437
v -0.301442 16.832701 1.033171
v -1.374670 16.709291 0.720805
v -1.671492 16.767025 0.431457
v -0.278332 17.084690 0.967439
v -1.611145 16.718990 0.586785
v -2.041347 7.786950 -0.319884
v -2.092879 7.787312 0.000555
v -2.041332 7.787312 0.337430
v -1.851840 7.787312 0.731423
v -1.589286 7.787312 0.936396
v -1.320468 7.787312 1.000024
v -1.044389 7.787312 0.916666
v -0.770748 7.787312 0.673369
v -0.659377 7.787512 0.334912
v -0.602750 7.782546 -0.018535
v -0.659377 7.787101 -0.332530
v -0.806240 7.778170 -0.612366
v -1.019586 7.771123 -0.772269
v -1.279375 7.772203 -0.838762
v -1.608586 7.777511 -0.777297
v -1.872020 7.784670 -0.593252
v -1.953880 6.562641 -0.280866
v -1.807268 6.562641 -0.512348
v -1.586049 6.562641 -0.681476
v -1.330787 6.562641 -0.740866
v -1.077440 6.562641 -0.681476
v -0.845508 6.562641 -0.522761
v -0.701999 6.562641 -0.287468
v -0.651605 6.562641 -0.005591
v -0.701999 6.562641 0.317006
v -0.827770 6.562641 0.641628
v -1.069037 6.562641 0.851589
v -1.330786 6.562641 0.920620
v -1.584315 6.562641 0.861236
v -1.804521 6.562641 0.668591
v -1.953919 6.562641 0.324113
v -2.004313 6.562641 0.002526
v -1.946828 4.429299 -0.302661
v -1.996781 4.429299 -0.010263
v -1.946828 4.429299 0.254558
v -1.804572 4.429299 0.471001
v -1.591671 4.429299 0.614776
v -1.340537 4.429299 0.665263
v -1.089404 4.429299 0.614776
v -0.876503 4.429299 0.471001
v -0.734248 4.429299 0.254558
v -0.684295 4.429299 -0.010263
v -0.734248 4.429299 -0.302661
v -0.876503 4.429299 -0.546217
v -1.089404 4.429299 -0.687798
v -1.340538 4.429299 -0.737817
v -1.591671 4.429299 -0.687798
v -1.804573 4.429299 -0.546216
v -1.809782 2.617695 -0.213876
v -1.704555 2.595085 -0.392258
v -1.536222 2.600835 -0.512300
v -1.342095 2.605866 -0.554938
v -1.146743 2.610692 -0.514129
v -0.981882 2.619372 -0.395451
v -0.874062 2.627501 -0.214926
v -0.835923 2.626963 -0.004581
v -0.873196 2.624888 0.202595
v -0.983507 2.624200 0.380135
v -1.147897 2.627387 0.497430
v -1.340580 2.624028 0.538079
v -1.533137 2.625851 0.497341
v -1.696518 2.619279 0.380748
v -1.806665 2.632125 0.204240
v -1.845337 2.633450 -0.004097
v -1.836576 1.711087 -0.295980
v -1.925328 1.707544 -0.163265
v -1.900877 1.518592 -0.175793
v -1.829268 1.522955 -0.304249
v -1.924067 1.719993 0.153391
v -1.836707 1.722193 0.281863
v -1.830111 1.551077 0.288877
v -1.898025 1.532237 0.167119
v -1.949089 1.716543 -0.003773
v -1.924227 1.525330 -0.004259
v -1.890506 1.912932 -0.001319
v -1.865652 1.908889 -0.157249
v -1.869804 1.910281 0.154565
v -1.806514 1.905535 0.270852
v -1.812105 1.883957 -0.269893
v -0.768240 1.829857 -0.162014
v -0.841860 1.821338 -0.297056
v -0.851893 1.622951 -0.302952
v -0.787442 1.623171 -0.176017
v -0.748426 1.829165 -0.002370
v -0.766101 1.622586 -0.001620
v -0.767247 1.833520 0.158750
v -0.793953 1.626683 0.170503
v -0.850735 1.823139 0.292560
v -0.860917 1.654951 0.286644
v -0.820678 2.000467 0.155661
v -0.874753 1.977036 0.271561
v -0.800243 1.998903 -0.001411
v -0.820742 1.999788 -0.158942
v -0.879246 1.991472 -0.275806
v -0.031507 31.327297 -0.342557
v -0.059930 31.327297 -0.357040
v -0.082486 31.327297 -0.379596
v -0.096968 31.327297 -0.408019
v -0.101959 31.327297 -0.439526
v -0.096968 31.327297 -0.471033
v -0.082486 31.327297 -0.499455
v -0.059930 31.327297 -0.522012
v -0.031507 31.327297 -0.536494
v -0.206516 31.244246 -0.506627
v -0.175673 31.244246 -0.567159
v -0.127634 31.244246 -0.615198
v -0.067101 31.244246 -0.646041
v -0.067101 31.244246 -0.233010
v -0.127634 31.244246 -0.263853
v -0.175673 31.244246 -0.311892
v -0.206515 31.244246 -0.372425
v -0.217143 31.244246 -0.439526
v -0.255272 31.369381 -0.522469
v -0.217147 31.369381 -0.597292
v -0.157767 31.369381 -0.656673
v -0.082943 31.369381 -0.694798
v -0.082943 31.369381 -0.184254
v -0.157767 31.369381 -0.222378
v -0.217147 31.369381 -0.281759
v -0.255272 31.369381 -0.356583
v -0.268409 31.369381 -0.439526
v -0.408008 31.407318 -0.572095
v -0.347072 31.407318 -0.691688
v -0.252163 31.407318 -0.786598
v -0.132570 31.407318 -0.847533
v -0.132570 31.407318 -0.031518
v -0.252162 31.407318 -0.092454
v -0.347072 31.407318 -0.187363
v -0.408007 31.407318 -0.306956
v -0.429004 31.407318 -0.439526
v -0.231722 31.290545 -0.514817
v -0.243647 31.290545 -0.439526
v -0.231722 31.290545 -0.364235
v -0.197115 31.290545 -0.296314
v -0.143212 31.290545 -0.242411
v -0.075291 31.290545 -0.207804
v -0.075291 31.290545 -0.671248
v -0.143212 31.290545 -0.636640
v -0.197115 31.290545 -0.582738
v -0.054323 29.589460 4.160480
v -0.066916 29.150267 4.428964
v -0.093018 28.069389 4.989746
v -0.095672 27.429001 5.279122
v -0.089562 26.707260 5.574009
v -0.081597 25.964710 5.847702
v -0.106581 24.572346 6.199137
v -0.137627 23.267134 6.245281
v -0.239391 22.627398 6.172982
v -0.402627 22.122215 6.079562
v -0.689085 19.651854 4.769360
v -0.677657 19.203604 4.239130
v -0.476108 18.354237 2.542835
v -1.357542 19.677675 4.687067
v -1.345950 19.236515 4.159164
v -0.935111 18.371311 2.379038
v -0.734999 18.229626 1.842751
v -0.357247 18.219110 1.988395
v -2.998198 29.605047 -3.191719
v -3.885246 29.607967 -2.401655
v -4.513352 29.606934 -1.321718
v -4.744821 29.609385 -0.050987
v -4.532519 29.606665 1.221910
v -3.874337 29.590090 2.379772
v -2.976346 29.606152 3.184730
v -0.778835 29.589529 4.221693
v -2.134331 29.575006 -3.682181
v -1.053074 28.840960 -4.349589
v -0.535717 18.807505 -1.537816
v -0.631195 19.059629 -1.967263
v -0.758290 19.427683 -2.474427
v -1.333996 23.041685 -4.708764
v -1.382111 24.566391 -4.965855
v -1.340859 26.234600 -4.927639
v -1.278682 27.108435 -4.789183
v -1.177596 28.067223 -4.565377
v -1.028158 29.526651 -4.128405
v -1.417445 16.862066 0.483990
v -1.191071 16.822191 0.640390
v -1.018888 17.107695 0.581832
v -0.903353 17.456451 0.526333
v -0.909965 16.824902 0.779563
v -0.807261 17.094629 0.738904
v -0.698500 17.443394 0.699587
v -0.599859 16.833206 0.921502
v -0.550115 17.082508 0.874824
v -0.481708 17.434818 0.816898
v -0.433413 17.743908 0.797336
v -0.397900 18.048880 0.816418
v -0.424735 18.135988 0.938225
v -0.531640 18.151585 1.293962
v -1.252317 17.193186 0.077013
v -1.090377 17.515804 0.050306
v -0.998395 17.822098 0.066681
v -0.978379 18.146608 0.091833
v -1.038617 18.299755 0.108142
v -1.308861 18.341406 0.169351
v -1.698445 18.418648 0.272299
v -2.337539 16.830078 -0.129031
v -1.967376 16.916500 -0.187445
v -1.568395 17.053471 -0.211152
v -1.239876 17.235847 -0.249861
v -1.064758 17.537060 -0.272734
v -0.975464 17.849880 -0.256007
v -0.958424 18.190361 -0.240378
v -1.021033 18.351421 -0.244292
v -1.261960 18.412554 -0.233885
v -1.621547 18.495771 -0.218164
v -2.347377 16.791580 -0.523398
v -1.907535 16.861032 -0.601511
v -1.431572 16.998535 -0.654960
v -1.117257 17.237848 -0.614991
v -0.942991 17.542301 -0.573088
v -0.864805 17.869865 -0.555421
v -0.854685 18.233131 -0.550976
v -0.912731 18.391878 -0.570988
v -1.139331 18.485844 -0.579898
v -1.432549 18.576912 -0.640365
v -1.130055 18.621370 -0.964992
v -0.873332 18.664482 -1.182849
v -0.728359 21.041185 5.727381
v -1.557661 21.030951 5.534791
v -2.708651 20.890621 5.007344
v -0.710111 20.433702 5.424133
v -1.400732 20.432987 5.243129
v -2.238825 20.420959 4.866273
v -2.582962 20.450344 4.686724
v -0.717394 20.460112 5.432630
v -1.418864 20.458694 5.266210
v -2.281150 20.450075 4.882451
v -0.660449 20.386717 4.808637
v -1.314743 20.366659 4.702905
v -2.163609 20.383154 4.474950
v -2.492620 20.438364 4.409001
v -0.680905 20.446169 4.869573
v -1.351417 20.447348 4.765388
v -2.141727 20.454117 4.531979
v -1.387764 20.128389 5.093321
v -2.296113 20.209021 4.762927
v -2.769517 20.440622 4.636338
v -2.441139 20.643488 4.950204
v -1.474892 20.690317 5.379129
v -0.733279 20.690165 5.555519
v -0.699805 20.109528 5.213085
v -0.670040 20.493990 5.162183
v -1.326650 20.474020 4.973914
v -2.128376 20.462122 4.660638
v -2.489825 20.445496 4.545567
v -2.137178 20.384617 4.701294
v -1.350310 20.361752 4.969027
v -0.678575 20.363192 5.098195
v -2.558620 21.912949 5.482536
v -2.705809 22.218840 5.433692
v -2.781860 22.498245 5.289881
v -2.496191 27.009630 5.035745
v -2.375762 27.571522 4.989007
v -4.176098 21.945024 4.543096
v -4.085885 22.191662 4.640349
v -4.000844 22.399321 4.666678
v -3.826128 27.087652 4.294017
v -3.920110 27.585463 4.099923
v -2.029495 20.688437 5.169424
v -1.919293 20.452644 5.073301
v -1.775006 20.374672 4.858782
v -1.771067 20.457876 4.646543
v -1.880308 20.152988 4.933543
v -1.875357 20.430004 5.049497
v -1.773422 20.464310 4.810723
v -1.789841 20.364630 4.578806
v -2.181650 20.997885 5.294341
v -3.090779 28.207373 4.347938
v -3.989678 28.081005 3.729488
v -5.152800 28.146751 1.795144
v -5.700195 27.179251 1.547304
v -6.059622 26.302555 1.442124
v -6.384607 24.573856 1.477109
v -6.122099 22.971821 1.999943
v -5.722765 22.018538 2.473516
v -4.246938 21.229366 4.258966
v -3.276762 21.126095 4.885753
v -2.306875 21.275356 5.386745
v -1.582783 21.326511 5.652472
v -0.682185 21.364643 5.860073
v -3.043281 29.146063 3.561331
v -1.202015 30.301065 -3.716407
v -1.254479 30.963606 -3.411065
v -1.240607 31.573158 -3.113222
v -1.210638 32.155186 -2.768953
v -1.189240 32.557461 -2.462389
v -1.164740 32.958279 -2.075081
v -1.135119 33.399288 -1.519648
v -1.172406 33.615421 -1.140408
v -1.195636 33.703583 -0.853111
v -1.182318 33.609280 -0.547679
v -1.169887 33.351486 -0.117885
v -1.187928 32.964954 0.527598
v -1.224410 32.568016 1.154341
v -1.263706 32.152863 1.710119
v -1.307979 31.581358 2.343404
v -1.348553 30.961498 2.931347
v -1.381823 30.345369 3.456357
v -1.441059 29.623993 4.008605
v -2.237232 29.622335 3.640470
v -2.278051 29.156143 4.000833
v -2.317632 28.150103 4.734160
v -1.511198 29.167614 4.328807
v -1.591398 28.105349 4.956944
v -1.495591 23.601057 5.708040
v -0.031507 31.329721 -0.439526
v -0.031507 31.328934 -0.471033
v -0.031507 31.328934 -0.408019
v -0.059930 31.328228 -0.408019
v -0.059930 31.328743 -0.439526
v -0.059930 31.328228 -0.471033
v -0.157391 31.291786 -0.490665
v -0.133885 31.291786 -0.536799
v -0.097273 31.291786 -0.573410
v -0.051139 31.291786 -0.596916
v -0.051139 31.291786 -0.282135
v -0.097273 31.291786 -0.305641
v -0.133885 31.291786 -0.342253
v -0.157391 31.291786 -0.388386
v -0.165490 31.291786 -0.439526
v -0.334443 11.678907 -1.056828
v -0.716006 11.680366 -1.010421
v -1.269274 11.703552 -0.818571
v -1.689222 11.709065 -0.473088
v -1.975994 11.702669 -0.054135
v -2.078896 11.697529 0.427217
v -1.980772 11.692713 0.925567
v -1.690996 11.692117 1.379015
v -1.232261 11.691876 1.802457
v -0.642404 11.692010 2.083174
v -1.917869 3.996531 -0.316877
v -1.782409 3.996531 -0.542978
v -1.579676 3.996531 -0.680142
v -1.340538 3.996531 -0.728305
v -1.101399 3.996531 -0.680142
v -0.898667 3.996531 -0.542979
v -0.763206 3.996531 -0.316877
v -0.715639 3.996531 -0.025442
v -0.763206 3.996531 0.237726
v -0.898667 3.996531 0.447828
v -1.101399 3.996531 0.585116
v -1.340537 3.996531 0.633325
v -1.579676 3.996531 0.585116
v -1.782408 3.996531 0.447829
v -1.917869 3.996531 0.237727
v -1.965436 3.996531 -0.025441
v -1.877944 3.565471 -0.303216
v -1.751852 3.565471 -0.504883
v -1.563139 3.565471 -0.635751
v -1.340538 3.565471 -0.681704
v -1.117937 3.565471 -0.635751
v -0.929224 3.565471 -0.504884
v -0.803131 3.565471 -0.303217
v -0.758853 3.565471 -0.031917
v -0.803131 3.565471 0.223965
v -0.929224 3.565471 0.427207
v -1.117937 3.565471 0.558172
v -1.340537 3.565471 0.604161
v -1.563139 3.565471 0.558172
v -1.751851 3.565471 0.427207
v -1.877944 3.565471 0.223965
v -1.922222 3.565471 -0.031916
v -5.522675 25.183033 2.972425
v -5.714089 25.253555 2.791123
v -5.972068 25.358448 2.418708
v -6.289103 25.449089 1.420016
v -6.362091 25.452705 0.828885
v -6.287402 25.449003 -0.331668
v -5.955517 25.440266 -1.437531
v -5.145473 25.430182 -2.783169
v -4.038558 25.421589 -3.839226
v -2.742607 25.408415 -4.562670
v -1.374300 25.401754 -4.985488
v -0.091865 25.275766 6.055471
v -0.698294 25.263458 5.922282
v -1.007719 25.240499 5.740844
v -1.276150 25.168198 5.573165
v -5.558605 23.933289 3.087722
v -5.750980 23.909130 2.916259
v -6.006662 23.865196 2.617704
v -6.328495 23.742685 1.678229
v -6.394824 23.753157 1.013736
v -6.309324 23.767563 -0.188183
v -5.963889 23.777563 -1.330395
v -5.133444 23.785679 -2.680701
v -4.030493 23.792755 -3.733839
v -2.745852 23.795504 -4.457676
v -1.368626 23.796824 -4.876857
v -0.110144 23.920357 6.258679
v -0.701097 23.941170 6.153896
v -1.072542 24.017868 5.938118
v -1.337715 24.094793 5.723859
v -1.540574 25.012432 5.357516
v -1.527886 24.601597 5.435493
v -1.566024 24.204437 5.494493
v -1.688224 23.832588 5.504992
v -1.979821 23.430241 5.421833
v -2.373287 23.161055 5.359433
v -2.879811 22.990662 5.300757
v -3.392407 22.911242 5.177936
v -4.017048 22.905230 4.888699
v -4.521269 22.992161 4.523532
v -4.962257 23.223139 4.030754
v -5.275330 23.616982 3.554132
v -5.421591 24.051474 3.276628
v -5.458569 24.562977 3.137611
v -5.385533 25.066858 3.171346
v -5.220494 25.514282 3.343747
v -4.966277 25.886831 3.641214
v -4.514256 26.238108 4.112095
v -3.939436 26.386513 4.527818
v -3.374201 26.383802 4.832459
v -2.818362 26.270147 5.043442
v -2.368582 26.087547 5.154480
v -1.968474 25.816002 5.204162
v -1.678140 25.426430 5.237700
v -1.474976 25.052992 5.380236
v -1.472522 24.607691 5.477293
v -1.525403 24.175491 5.529153
v -1.656554 23.764622 5.519073
v -1.938089 23.305237 5.410958
v -2.334506 23.011950 5.298139
v -2.837458 22.833174 5.210743
v -3.350422 22.752573 5.077162
v -3.966551 22.750532 4.779094
v -4.475075 22.846226 4.408238
v -4.935885 23.110447 3.934284
v -5.273335 23.542625 3.492899
v -5.440000 24.014378 3.236086
v -5.482390 24.558083 3.104402
v -5.396420 25.097496 3.117651
v -5.205941 25.590454 3.249663
v -4.926774 26.023800 3.499254
v -4.456671 26.419571 3.906371
v -3.833271 26.597982 4.265372
v -3.246778 26.603746 4.567678
v -2.679716 26.486412 4.820506
v -2.228490 26.276800 4.998372
v -1.897010 25.936102 5.129560
v -1.601609 25.500376 5.230537
v -4.952408 27.970633 2.478338
v -5.525741 27.043352 2.127940
v -5.906133 26.243191 1.979742
v -6.170362 25.423967 1.936994
v -6.281814 24.576326 1.993354
v -6.221082 23.822683 2.137203
v -5.979710 23.062119 2.431464
v -5.589938 22.338055 2.952353
v -4.237458 21.577971 4.390373
v -3.355026 21.467098 5.003171
v -2.459362 21.590569 5.449943
v -1.575125 21.694790 5.743222
v -0.554992 21.741968 5.984678
v -0.081498 28.697153 4.674231
v -0.819552 28.703835 4.743434
v -1.573693 28.695606 4.625906
v -2.298579 28.686813 4.359526
v -3.075496 28.692860 3.953394
v -4.060635 28.524286 3.226824
v -3.561353 20.707857 4.465404
v -2.404149 20.449402 4.430334
v -2.408939 20.393738 4.588810
v -2.520771 20.452608 4.735754
v -2.709508 20.571337 4.764569
v -3.038433 20.648350 4.694810
v -4.197940 20.786390 3.996433
v -2.756470 19.336954 3.541782
v -5.437697 21.129766 1.313838
v -5.409770 21.203505 0.126153
v -5.197643 21.049313 2.355314
v -3.246023 19.089794 2.031908
v -3.742984 22.242924 -3.377636
v -2.550772 22.250870 -4.055155
v -1.276775 22.254095 -4.446068
v -5.074434 21.265974 -1.012243
v -4.380891 21.329565 -2.146932
v -3.445609 21.377541 -3.066264
v -2.352056 21.390146 -3.696134
v -1.187915 21.393940 -4.059994
v -4.764915 20.876297 3.293301
v -4.997459 21.866070 3.724280
v -5.015040 21.498150 3.521590
v -3.488003 20.357153 4.242853
v -3.918220 20.292830 3.767154
v -4.304479 20.246529 3.105390
v -4.629279 20.232508 2.216654
v -4.807360 20.237133 1.242069
v -4.771770 20.288628 0.158391
v -4.474710 20.365152 -0.876442
v -3.871236 20.448519 -1.875447
v -3.056892 20.521463 -2.692014
v -2.091436 20.560946 -3.260512
v -1.059170 20.576803 -3.589495
v -2.404172 20.415030 4.413736
v -2.383009 20.468475 4.568116
v -2.477921 20.422461 4.732943
v -2.591123 20.298517 4.650208
v -2.833130 20.151346 4.451178
v -3.136217 19.989092 4.098748
v -3.429127 19.812807 3.598421
v -3.709647 19.682095 2.952304
v -3.970330 19.607986 2.119308
v -4.133927 19.595650 1.213602
v -4.114887 19.623892 0.238552
v -3.859723 19.682537 -0.691003
v -3.319451 19.761902 -1.568478
v -2.608965 19.844355 -2.283418
v -1.794836 19.903309 -2.789791
v -0.907573 19.940304 -3.075262
v -2.587632 19.593418 4.045972
v -2.412206 19.938530 4.496322
v -1.314012 18.876715 3.574468
v -0.648383 18.825371 3.659757
v -1.221714 18.600245 2.953264
v -0.590706 18.552032 3.086793
v -1.917265 19.751650 4.581923
v -1.980071 19.345575 4.067801
v -2.024510 19.029741 3.490166
v -2.015249 18.723749 2.691386
v 0.764892 19.802439 4.487596
v 1.489331 19.801802 4.367009
v 2.572929 19.948116 4.137471
v 2.975499 20.459620 4.208862
v -0.000000 19.773792 4.562712
v -0.000000 21.137569 5.209614
v 0.730781 21.130653 5.147065
v 1.496142 21.101646 4.976826
v 2.624676 20.908516 4.546957
v 0.766391 19.558298 4.050628
v 1.490190 19.573967 3.977617
v 2.645992 19.803757 3.842383
v 3.210835 20.473928 3.972837
v -0.000000 19.511019 4.108900
v -0.000000 21.512627 5.226699
v 0.766347 21.510756 5.173016
v 1.546876 21.461088 5.000420
v 2.898301 21.224457 4.430456
v 0.582261 19.371088 0.726620
v 1.327636 19.354750 0.726618
v 2.695952 19.609528 0.726617
v 3.296506 20.350073 0.726621
v -0.000000 19.386070 0.726620
v -0.000000 21.701603 0.726636
v 0.820095 21.692150 0.726635
v 1.591876 21.647516 0.720281
v 2.801772 21.204653 0.725784
v 0.770362 19.371088 2.286990
v 1.753462 19.314720 2.206440
v 3.356708 19.616444 2.164780
v 3.601195 20.452732 2.383274
v 3.583934 21.519953 2.723918
v 2.046106 21.776943 2.997156
v 1.085030 21.771400 3.043171
v -0.000000 21.780853 3.089661
v -0.000000 19.386070 2.308349
v 0.774777 19.378944 2.902103
v 1.645597 19.346767 2.861220
v 3.123842 19.635374 2.858048
v 3.499731 20.438648 3.052247
v 3.494041 21.498838 3.483144
v 1.936402 21.765806 3.977479
v 1.018055 21.771400 4.030153
v -0.000000 21.780853 4.080649
v -0.000000 19.366795 2.927543
v 0.699770 19.371088 1.506805
v 1.718660 19.315815 1.464060
v 3.214165 19.617756 1.445815
v 3.549315 20.434986 1.553681
v 3.508493 21.495358 1.723500
v 1.951410 21.784958 1.853109
v 0.985604 21.771400 1.884903
v -0.000000 21.780853 1.908148
v -0.000000 19.386070 1.517484
v 0.641015 19.371088 1.116712
v 1.536592 19.337729 1.096235
v 2.994483 19.610010 1.085304
v 3.498244 20.404549 1.136968
v 3.301637 21.404322 1.224928
v 1.765635 21.762180 1.290482
v 0.902849 21.692150 1.305769
v -0.000000 19.386070 1.122052
v 0.271988 19.004740 0.535594
v 0.502569 19.004740 0.364926
v 0.665028 19.004740 0.070678
v 0.710740 19.004740 -0.191788
v -0.000000 19.004742 0.595525
v -0.000000 19.004740 -0.979100
v 0.271989 19.004740 -0.919169
v 0.502569 19.004740 -0.748501
v 0.666458 19.004740 -0.454174
v 0.447287 19.219969 0.601438
v 0.865248 19.210039 0.504377
v 1.620704 19.375710 0.314886
v 1.983661 19.795124 0.140424
v 1.742668 20.249371 -0.009706
v 1.090922 20.547924 -0.153304
v 0.554369 20.583593 -0.229618
v -0.000000 20.589148 -0.256194
v -0.000000 19.228771 0.637261
v 0.360746 19.115253 0.561079
v 0.686712 19.111160 0.424972
v 1.136394 19.199156 0.183021
v 1.331203 19.416594 -0.052068
v 1.185334 19.661064 -0.280461
v 0.792016 19.800707 -0.488687
v 0.410623 19.818577 -0.612171
v -0.000000 19.821379 -0.655286
v -0.000000 19.119022 0.610196
v 0.524297 19.311157 0.647518
v 1.029440 19.298077 0.591674
v 2.182359 19.523491 0.470576
v 2.758069 20.136566 0.360166
v 2.279446 20.834761 0.266010
v 1.310732 21.206787 0.197718
v 0.689862 21.255688 0.170906
v -0.000000 21.263542 0.159249
v -0.000000 19.322983 0.669010
v 0.253949 18.824024 0.487352
v 0.469237 18.824024 0.328003
v 0.615880 18.824024 0.045220
v 0.663602 18.824024 -0.191788
v -0.000000 18.824026 0.543308
v -0.000000 18.824024 -0.926883
v 0.253950 18.824024 -0.870927
v 0.469238 18.824024 -0.711578
v 0.617358 18.824024 -0.428709
v 0.253950 18.824024 -0.191788
v -0.000000 18.824024 -0.191789
v -0.000000 18.824024 0.119036
v 0.246254 18.824024 0.099605
v -0.000000 18.824024 -0.502612
v 0.246418 18.824024 -0.483180
v 0.271988 18.824024 0.535594
v 0.502569 18.824024 0.364926
v 0.665028 18.824024 0.070678
v 0.710740 18.824024 -0.191788
v 0.666458 18.824024 -0.454174
v 0.502569 18.824024 -0.748501
v 0.271989 18.824024 -0.919169
v -0.000000 18.824024 -0.979100
v -0.000000 18.824026 0.595525
v 0.209954 21.641201 1.317529
v -0.000000 21.642906 1.182297
v 0.146238 21.641201 1.216490
v 0.168660 21.641201 1.419318
v -0.000000 21.642906 1.455758
v 0.161997 20.736876 1.317872
v -0.000000 20.690619 1.318434
v -0.000000 20.738190 1.213528
v 0.112835 20.736876 1.239911
v 0.130135 20.736876 1.396410
v -0.000000 20.738190 1.424527
v 0.556401 21.666676 1.311649
v 0.577132 21.666676 1.652110
v -0.000000 21.672255 1.681953
v -0.000000 21.672255 0.954466
v 0.483166 21.666676 0.971563
v 0.185805 21.526911 1.317702
v 0.149261 21.526911 1.407782
v -0.000000 21.528418 1.440031
v -0.000000 21.528418 1.198023
v 0.129418 21.526911 1.228284
v 0.171314 21.217485 1.317805
v 0.119324 21.217485 1.235361
v -0.000000 21.218876 1.207461
v -0.000000 21.218876 1.430594
v 0.137620 21.217485 1.400860
v 0.301776 21.062635 1.316874
v 0.210194 21.062635 1.171646
v -0.000000 21.064310 1.122499
v -0.000000 21.064310 1.515556
v 0.242422 21.062635 1.463179
v 0.296488 20.876150 1.316912
v 0.206511 20.876150 1.174229
v -0.000000 20.878555 1.125942
v -0.000000 20.878555 1.512112
v 0.238174 20.876150 1.460653
v 1.378368 20.137112 4.517551
v 2.328391 20.162861 4.306593
v 2.647047 20.422609 4.330774
v 2.323948 20.652225 4.534553
v 1.386692 20.700075 4.815207
v 0.722381 20.701473 4.959697
v -0.000000 20.713272 5.045155
v -0.000000 20.134073 4.709946
v 0.702400 20.136087 4.636782
v 1.877208 20.688709 4.677461
v 2.089005 21.055017 4.775012
v 2.227207 21.405220 4.770905
v 2.948386 21.711897 3.849881
v 3.098083 21.722336 2.877261
v 3.040698 21.730324 1.797089
v 2.811561 21.639076 1.260977
v 2.298663 21.473698 0.723757
v 1.837804 21.057055 0.231787
v 1.474636 20.426167 -0.079633
v 1.032179 19.741539 -0.375482
v 0.606784 19.004740 -0.594711
v 0.606784 18.824024 -0.594711
v 0.558844 18.824024 -0.553873
v 0.240679 18.824024 -0.654338
v -0.000000 18.824024 -0.686386
v 1.897540 20.134985 4.396911
v 2.101128 19.860254 4.242523
v 2.115710 19.655170 3.895690
v 2.403996 19.393490 2.828055
v 2.593414 19.352119 2.148752
v 2.502424 19.359186 1.437306
v 2.294461 19.378775 1.082253
v 2.034159 19.401661 0.726617
v 1.622692 19.346064 0.532228
v 1.257175 19.247309 0.414499
v 0.951969 19.137211 0.297190
v 0.606685 19.004740 0.211143
v 0.606685 18.824024 0.211143
v 0.558744 18.824024 0.170303
v 0.240678 18.824024 0.270763
v -0.000000 18.824024 0.302811
v -0.000000 18.824024 -0.318839
v 0.255200 18.824024 -0.311889
v 0.655946 18.824024 -0.296195
v 0.701314 18.824024 -0.303013
v 0.701314 19.004740 -0.303013
v 1.294972 19.543133 -0.166199
v 1.919716 20.038116 0.060404
v 2.624723 20.490604 0.312456
v 3.176459 20.781979 0.727015
v 3.487729 20.926746 1.181889
v 3.621142 20.975912 1.636837
v 3.705653 20.997461 2.547794
v 3.615381 20.986441 3.251219
v 3.190976 20.866861 4.188547
v 2.911401 20.721407 4.354846
v 2.600610 20.553665 4.408333
v -0.000000 18.824024 -0.064738
v 0.254982 18.824024 -0.071687
v 0.654045 18.824024 -0.087086
v 0.699498 18.824024 -0.080269
v 0.699498 19.004740 -0.080269
v 1.279676 19.310331 0.048695
v 1.859404 19.552523 0.231480
v 2.564515 19.779953 0.417574
v 3.095018 19.920315 0.726543
v 3.321668 19.946848 1.104167
v 3.438970 19.968672 1.487667
v 3.505181 19.977318 2.250403
v 3.340573 19.977413 2.927091
v 3.042527 20.076130 3.839340
v 2.864896 20.170864 4.106963
v 2.601280 20.286255 4.278595
v -0.000000 19.410774 3.537225
v 0.745833 19.455276 3.506428
v 1.483607 19.460964 3.496173
v 2.110158 19.529509 3.478374
v 2.704113 19.717184 3.502472
v 3.150841 20.018881 3.550247
v 3.365808 20.481550 3.679364
v 3.400435 20.971155 3.910883
v 3.161432 21.455698 4.211943
v 2.416834 21.661549 4.674125
v 1.608449 21.724533 4.878201
v 0.822113 21.782576 5.037622
v -0.000000 21.780853 5.087802
v -0.764892 19.802439 4.487596
v -1.489331 19.801802 4.367009
v -2.572929 19.948116 4.137471
v -2.975499 20.459620 4.208862
v -0.730781 21.130653 5.147065
v -1.496142 21.101646 4.976826
v -2.624676 20.908516 4.546957
v -0.766391 19.558298 4.050628
v -1.490190 19.573967 3.977617
v -2.645992 19.803757 3.842383
v -3.210835 20.473928 3.972837
v -0.766347 21.510756 5.173016
v -1.546876 21.461088 5.000420
v -2.898301 21.224457 4.430456
v -0.582261 19.371088 0.726620
v -1.327636 19.354750 0.726618
v -2.695952 19.609528 0.726617
v -3.296506 20.350073 0.726621
v -0.820095 21.692150 0.726635
v -1.591876 21.647516 0.720281
v -2.801772 21.204653 0.725784
v -0.770362 19.371088 2.286990
v -1.753462 19.314720 2.206440
v -3.356708 19.616444 2.164780
v -3.601195 20.452732 2.383274
v -3.583934 21.519953 2.723918
v -2.046106 21.776943 2.997156
v -1.085030 21.771400 3.043171
v -0.774777 19.378944 2.902103
v -1.645597 19.346767 2.861220
v -3.123842 19.635374 2.858048
v -3.499731 20.438648 3.052247
v -3.494041 21.498838 3.483144
v -1.936402 21.765806 3.977479
v -1.018055 21.771400 4.030153
v -0.699770 19.371088 1.506805
v -1.718660 19.315815 1.464060
v -3.214165 19.617756 1.445815
v -3.549315 20.434986 1.553681
v -3.508493 21.495358 1.723500
v -1.951410 21.784958 1.853109
v -0.985604 21.771400 1.884903
v -0.641015 19.371088 1.116712
v -1.536592 19.337729 1.096235
v -2.994483 19.610010 1.085304
v -3.498244 20.404549 1.136968
v -3.301637 21.404322 1.224928
v -1.765635 21.762180 1.290482
v -0.902849 21.692150 1.305769
v -0.271988 19.004740 0.535594
v -0.502569 19.004740 0.364926
v -0.665028 19.004740 0.070678
v -0.710740 19.004740 -0.191788
v -0.271989 19.004740 -0.919169
v -0.502569 19.004740 -0.748501
v -0.666458 19.004740 -0.454174
v -0.447287 19.219969 0.601438
v -0.865248 19.210039 0.504377
v -1.620704 19.375710 0.314886
v -1.983661 19.795124 0.140424
v -1.742668 20.249371 -0.009706
v -1.090922 20.547924 -0.153304
v -0.554369 20.583593 -0.229618
v -0.360746 19.115253 0.561079
v -0.686712 19.111160 0.424972
v -1.136394 19.199156 0.183021
v -1.331203 19.416594 -0.052068
v -1.185334 19.661064 -0.280461
v -0.792016 19.800707 -0.488687
v -0.410623 19.818577 -0.612171
v -0.524297 19.311157 0.647518
v -1.029440 19.298077 0.591674
v -2.182359 19.523491 0.470576
v -2.758069 20.136566 0.360166
v -2.279446 20.834761 0.266010
v -1.310732 21.206787 0.197718
v -0.689862 21.255688 0.170906
v -0.253949 18.824024 0.487352
v -0.469237 18.824024 0.328003
v -0.615880 18.824024 0.045220
v -0.663602 18.824024 -0.191788
v -0.253950 18.824024 -0.870927
v -0.469238 18.824024 -0.711578
v -0.617358 18.824024 -0.428709
v -0.253950 18.824024 -0.191788
v -0.246254 18.824024 0.099605
v -0.246418 18.824024 -0.483180
v -0.271988 18.824024 0.535594
v -0.502569 18.824024 0.364926
v -0.665028 18.824024 0.070678
v -0.710740 18.824024 -0.191788
v -0.666458 18.824024 -0.454174
v -0.502569 18.824024 -0.748501
v -0.271989 18.824024 -0.919169
v -0.209954 21.641201 1.317529
v -0.146238 21.641201 1.216490
v -0.168660 21.641201 1.419318
v -0.161997 20.736876 1.317872
v -0.112835 20.736876 1.239911
v -0.130135 20.736876 1.396410
v -0.556401 21.666676 1.311649
v -0.577132 21.666676 1.652110
v -0.483166 21.666676 0.971563
v -0.185805 21.526911 1.317702
v -0.149261 21.526911 1.407782
v -0.129418 21.526911 1.228284
v -0.171314 21.217485 1.317805
v -0.119324 21.217485 1.235361
v -0.137620 21.217485 1.400860
v -0.301776 21.062635 1.316874
v -0.210194 21.062635 1.171646
v -0.242422 21.062635 1.463179
v -0.296488 20.876150 1.316912
v -0.206511 20.876150 1.174229
v -0.238174 20.876150 1.460653
v -1.378368 20.137112 4.517551
v -2.328391 20.162861 4.306593
v -2.647047 20.422609 4.330774
v -2.323948 20.652225 4.534553
v -1.386692 20.700075 4.815207
v -0.722381 20.701473 4.959697
v -0.702400 20.136087 4.636782
v -1.877208 20.688709 4.677461
v -2.089005 21.055017 4.775012
v -2.227207 21.405220 4.770905
v -2.948386 21.711897 3.849881
v -3.098083 21.722336 2.877261
v -3.040698 21.730324 1.797089
v -2.811561 21.639076 1.260977
v -2.298663 21.473698 0.723757
v -1.837804 21.057055 0.231787
v -1.474636 20.426167 -0.079633
v -1.032179 19.741539 -0.375482
v -0.606784 19.004740 -0.594711
v -0.606784 18.824024 -0.594711
v -0.558844 18.824024 -0.553873
v -0.240679 18.824024 -0.654338
v -1.897540 20.134985 4.396911
v -2.101128 19.860254 4.242523
v -2.115710 19.655170 3.895690
v -2.403996 19.393490 2.828055
v -2.593414 19.352119 2.148752
v -2.502424 19.359186 1.437306
v -2.294461 19.378775 1.082253
v -2.034159 19.401661 0.726617
v -1.622692 19.346064 0.532228
v -1.257175 19.247309 0.414499
v -0.951969 19.137211 0.297190
v -0.606685 19.004740 0.211143
v -0.606685 18.824024 0.211143
v -0.558744 18.824024 0.170303
v -0.240678 18.824024 0.270763
v -0.255200 18.824024 -0.311889
v -0.655946 18.824024 -0.296195
v -0.701314 18.824024 -0.303013
v -0.701314 19.004740 -0.303013
v -1.294972 19.543133 -0.166199
v -1.919716 20.038116 0.060404
v -2.624723 20.490604 0.312456
v -3.176459 20.781979 0.727015
v -3.487729 20.926746 1.181889
v -3.621142 20.975912 1.636837
v -3.705653 20.997461 2.547794
v -3.615381 20.986441 3.251219
v -3.190976 20.866861 4.188547
v -2.911401 20.721407 4.354846
v -2.600610 20.553665 4.408333
v -0.254982 18.824024 -0.071687
v -0.654045 18.824024 -0.087086
v -0.699498 18.824024 -0.080269
v -0.699498 19.004740 -0.080269
v -1.279676 19.310331 0.048695
v -1.859404 19.552523 0.231480
v -2.564515 19.779953 0.417574
v -3.095018 19.920315 0.726543
v -3.321668 19.946848 1.104167
v -3.438970 19.968672 1.487667
v -3.505181 19.977318 2.250403
v -3.340573 19.977413 2.927091
v -3.042527 20.076130 3.839340
v -2.864896 20.170864 4.106963
v -2.601280 20.286255 4.278595
v -0.745833 19.455276 3.506428
v -1.483607 19.460964 3.496173
v -2.110158 19.529509 3.478374
v -2.704113 19.717184 3.502472
v -3.150841 20.018881 3.550247
v -3.365808 20.481550 3.679364
v -3.400435 20.971155 3.910883
v -3.161432 21.455698 4.211943
v -2.416834 21.661549 4.674125
v -1.608449 21.724533 4.878201
v -0.822113 21.782576 5.037622
v 1.901414 24.580713 3.671229
v 1.898336 24.939268 3.656886
v 1.944590 25.261375 3.618061
v 2.032665 25.505913 3.566870
v 2.208134 25.649345 3.472390
v 2.445120 25.744019 3.350048
v 2.737564 25.783085 3.202449
v 3.052628 25.751511 3.044874
v 3.365082 25.647346 2.895173
v 3.615073 25.465715 2.779073
v 3.873554 24.531845 2.691349
v 3.838902 24.879705 2.694182
v 3.758950 25.198137 2.720365
v 2.280924 23.369980 3.534325
v 2.527931 23.270554 3.412181
v 3.417459 23.361176 2.970124
v 3.658895 23.547750 2.843958
v 3.868677 24.171997 2.709268
v 1.990284 23.848583 3.660235
v 1.929491 24.203978 3.675663
v 3.802749 23.837370 2.756524
v 3.127802 23.258144 3.117929
v 2.812572 23.228436 3.275272
v 2.097174 23.547899 3.619325
v -1.898679 24.939074 3.656631
v -1.944060 25.261524 3.617800
v -2.032051 25.506094 3.566503
v -2.208134 25.649345 3.472390
v -2.445120 25.744019 3.350048
v -2.737564 25.783085 3.202449
v -3.365082 25.647346 2.895173
v -3.615073 25.465715 2.779073
v -1.901414 24.580713 3.671229
v -1.990284 23.848583 3.660235
v -2.097174 23.547899 3.619325
v -2.280924 23.369980 3.534325
v -2.527931 23.270554 3.412181
v -2.812572 23.228436 3.275272
v -3.127579 23.257915 3.117419
v -3.416959 23.361084 2.969381
v -3.658895 23.547750 2.843958
v -3.802749 23.837370 2.756524
v -3.868677 24.171997 2.709268
v -1.929491 24.203978 3.675663
v -3.873554 24.531845 2.691349
v -3.838902 24.879705 2.694182
v -3.052628 25.751511 3.044874
v -3.758950 25.198137 2.720365
v 1.479503 24.622093 4.181444
v 1.523256 24.060211 4.185736
v 1.627515 23.505405 4.160888
v 1.823095 22.956766 4.094730
v 2.111679 22.634203 3.965125
v 2.482041 22.458750 3.782170
v 2.874171 22.395506 3.587238
v 3.391599 22.447096 3.327007
v 3.834032 22.616430 3.099617
v 4.255403 22.993856 2.874798
v 4.535637 23.507521 2.713869
v 4.629081 24.020241 2.645473
v 4.614602 24.563887 2.633142
v 4.562917 25.065697 2.637718
v 4.440507 25.549191 2.677200
v 4.206959 26.024965 2.772779
v 3.758343 26.394640 2.975296
v 3.241917 26.571543 3.222558
v 2.761661 26.600786 3.458616
v 2.321530 26.511206 3.680990
v 1.988807 26.350807 3.855608
v 1.703956 26.095356 4.014784
v 1.529593 25.726656 4.122763
v 1.456986 25.186296 4.176162
v -1.479503 24.622093 4.181444
v -1.523256 24.060211 4.185736
v -1.627515 23.505405 4.160888
v -1.823095 22.956766 4.094730
v -2.111679 22.634203 3.965125
v -2.482041 22.458750 3.782170
v -2.874171 22.395506 3.587238
v -3.391599 22.447096 3.327007
v -3.834032 22.616430 3.099617
v -4.255403 22.993856 2.874798
v -4.535637 23.507521 2.713869
v -4.629081 24.020241 2.645473
v -4.614602 24.563887 2.633142
v -4.562917 25.065697 2.637718
v -4.440507 25.549191 2.677200
v -4.206959 26.024965 2.772779
v -3.758343 26.394640 2.975296
v -3.241917 26.571543 3.222558
v -2.761661 26.600786 3.458616
v -2.321530 26.511206 3.680990
v -1.988807 26.350807 3.855608
v -1.703956 26.095356 4.014784
v -1.529593 25.726656 4.122763
v -1.456986 25.186296 4.176162
v 1.672685 24.594820 3.880417
v 1.704251 24.143105 3.884256
v 1.788164 23.698055 3.863581
v 1.945893 23.258511 3.808311
v 2.181223 22.996677 3.703020
v 2.484632 22.850657 3.555690
v 2.805295 22.796663 3.397697
v 3.227889 22.836718 3.186084
v 3.589073 22.973602 3.001027
v 3.932885 23.279329 2.817788
v 4.163281 23.695711 2.685757
v 4.243488 24.109213 2.628114
v 4.236368 24.546869 2.614636
v 4.194209 24.951044 2.618227
v 4.091370 25.340084 2.652011
v 3.897209 25.723988 2.731547
v 3.531313 26.026304 2.897425
v 3.110071 26.170540 3.099010
v 2.718433 26.193680 3.291399
v 2.359506 26.119221 3.472403
v 2.088020 25.986273 3.613937
v 1.855185 25.775059 3.741903
v 1.712259 25.474123 3.828610
v 1.655318 25.043827 3.872451
v -1.672755 24.594702 3.880346
v -1.704251 24.143105 3.884256
v -1.788164 23.698055 3.863581
v -1.945893 23.258511 3.808311
v -2.181223 22.996677 3.703020
v -2.484632 22.850657 3.555690
v -2.805295 22.796663 3.397697
v -3.227889 22.836718 3.186084
v -3.589073 22.973602 3.001027
v -3.932885 23.279329 2.817788
v -4.163281 23.695711 2.685757
v -4.243488 24.109213 2.628114
v -4.236368 24.546869 2.614636
v -4.194209 24.951044 2.618227
v -4.091370 25.340084 2.652011
v -3.897209 25.723988 2.731547
v -3.531313 26.026304 2.897425
v -3.110071 26.170540 3.099010
v -2.718433 26.193680 3.291399
v -2.359506 26.119221 3.472403
v -2.088020 25.986273 3.613937
v -1.855185 25.775059 3.741903
v -1.712259 25.474123 3.828610
v -1.655318 25.043827 3.872451
v 2.813838 24.530283 3.174173
v -2.814125 24.530684 3.173559
v 2.801945 24.831701 3.167470
v -2.801945 24.831701 3.167470
v 2.818767 24.224785 3.180254
v -2.818767 24.224785 3.180254
v 2.564937 24.836546 3.285670
v 2.577418 24.535744 3.292474
v 2.583171 24.230701 3.300050
v -2.564937 24.836546 3.285670
v -2.577418 24.535744 3.292474
v -2.583171 24.230701 3.300050
v 3.045084 24.828110 3.045188
v 3.056591 24.527710 3.051475
v 3.061287 24.222790 3.054875
v -3.045084 24.828110 3.045188
v -3.056807 24.528038 3.050481
v -3.061287 24.222790 3.054875
v 3.291879 24.825459 2.916464
v 3.304435 24.525326 2.918716
v 3.309815 24.220751 2.929778
v -3.291879 24.825459 2.916464
v -3.304435 24.525326 2.918716
v -3.309815 24.220751 2.929778
v 2.337478 24.846617 3.398772
v 2.347850 24.544857 3.406992
v 2.358312 24.237694 3.415959
v -2.337478 24.846617 3.398772
v -2.347850 24.544857 3.406992
v -2.358860 24.238056 3.415408
v 3.547934 24.836552 2.793738
v 3.571391 24.525885 2.797843
v 3.570629 24.209837 2.813550
v -3.547934 24.836552 2.793738
v -3.571391 24.525885 2.797843
v -3.570629 24.209837 2.813550
v 2.324135 25.130632 3.392058
v 2.544963 25.131292 3.282637
v 2.784459 25.131521 3.162682
v 3.033091 25.123196 3.039776
v 3.276617 25.109821 2.915072
v 3.509105 25.116695 2.804549
v -2.324135 25.130632 3.392058
v -2.544870 25.131800 3.282825
v -2.784459 25.131521 3.162682
v -3.032631 25.124166 3.038834
v -3.276617 25.109821 2.915072
v -3.509105 25.116695 2.804549
v 2.364243 23.938408 3.426032
v 2.581450 23.922979 3.312347
v 2.818604 23.913349 3.191028
v 3.065295 23.915966 3.065078
v 3.308134 23.926510 2.944267
v 3.544279 23.918207 2.840003
v -2.364243 23.938408 3.426032
v -2.581450 23.922979 3.312347
v -2.818604 23.913349 3.191028
v -3.065295 23.915966 3.065078
v -3.308134 23.926510 2.944267
v -3.544279 23.918207 2.840003
v 2.292530 25.391050 3.403809
v 2.509739 25.426476 3.297368
v 2.763034 25.440554 3.171409
v 3.031027 25.422148 3.039170
v 3.282494 25.374315 2.915155
v -2.292530 25.391050 3.403809
v -2.509739 25.426476 3.297368
v -2.763034 25.440554 3.171409
v -3.031027 25.422148 3.039170
v -3.282494 25.374315 2.915155
v 2.351415 23.658117 3.454283
v 2.567465 23.609631 3.345692
v 2.817825 23.588110 3.220555
v 3.081462 23.602434 3.086825
v 3.325185 23.646830 2.961365
v -2.351833 23.658783 3.453487
v -2.567465 23.609631 3.345692
v -2.817825 23.588110 3.220555
v -3.081462 23.602434 3.086825
v -3.325185 23.646830 2.961365
v 2.146588 25.348387 3.481761
v 2.127702 25.154490 3.495883
v 2.116971 24.875721 3.514671
v 2.121737 24.558369 3.525942
v 2.139796 24.233488 3.529910
v 2.169983 23.933191 3.529554
v 2.202842 23.713814 3.528468
v -2.146588 25.348387 3.481761
v -2.127702 25.154490 3.495883
v -2.116971 24.875721 3.514671
v -2.121737 24.558369 3.525942
v -2.139796 24.233488 3.529910
v -2.169983 23.933191 3.529554
v -2.202842 23.713814 3.528468
v 3.466796 25.318304 2.829550
v -3.466796 25.318304 2.829550
v 3.507551 23.701056 2.873576
v -3.507548 23.700926 2.872794
v 0.546885 0.071328 1.767382
v 0.523828 0.249513 1.768199
v 0.521884 0.537036 1.765204
v 0.675864 0.822768 1.767385
v 0.949748 1.002699 1.773666
v 1.402975 1.019223 1.784893
v 1.834712 0.833513 1.762897
v 2.072079 0.636372 1.741371
v 2.223257 0.375662 1.726614
v 2.243639 0.172585 1.729645
v 2.225092 0.055926 1.729783
v 2.175966 0.006943 1.729678
v 2.057424 0.004747 1.736953
v 1.781516 0.005594 1.736948
v 1.418055 0.006632 1.736943
v 1.052066 0.006968 1.749269
v 0.747148 0.007297 1.759530
v 0.597056 0.011619 1.765292
v -0.546885 0.071328 1.767382
v -0.523828 0.249513 1.768199
v -0.521884 0.537036 1.765204
v -0.675864 0.822768 1.767385
v -0.949748 1.002699 1.773666
v -1.402975 1.019223 1.784893
v -1.834712 0.833513 1.762897
v -2.072079 0.636372 1.741371
v -2.223257 0.375662 1.726614
v -2.243639 0.172585 1.729645
v -2.225092 0.055926 1.729783
v -2.175966 0.006943 1.729678
v -2.057424 0.004747 1.736953
v -1.781516 0.005594 1.736948
v -1.418055 0.006632 1.736943
v -1.052066 0.006968 1.749269
v -0.747148 0.007297 1.759530
v -0.597056 0.011619 1.765292
v 2.060577 0.004511 1.398490
v 2.147739 0.007344 1.383523
v 2.191763 0.061476 1.384572
v 2.213707 0.203631 1.392805
v 2.193551 0.433858 1.398268
v 2.054087 0.727849 1.421111
v 1.820418 0.960717 1.442262
v 1.394275 1.134057 1.493556
v 0.949127 1.087474 1.447575
v 0.703301 0.865177 1.433252
v 0.573337 0.551016 1.417181
v 0.578103 0.258454 1.414520
v 0.598997 0.073012 1.415233
v 0.642596 0.011439 1.414759
v 0.769174 0.006503 1.410971
v 1.063703 0.006339 1.405300
v 1.416920 0.006154 1.398486
v 1.776012 0.005261 1.398489
v -2.060577 0.004511 1.398490
v -2.147739 0.007344 1.383523
v -2.191763 0.061476 1.384572
v -2.213707 0.203631 1.392805
v -2.193551 0.433858 1.398268
v -2.054087 0.727849 1.421111
v -1.820418 0.960717 1.442262
v -1.394275 1.134057 1.493556
v -0.949127 1.087474 1.447575
v -0.703301 0.865177 1.433252
v -0.573337 0.551016 1.417181
v -0.578103 0.258454 1.414520
v -0.598997 0.073012 1.415233
v -0.642596 0.011439 1.414759
v -0.769174 0.006503 1.410971
v -1.063703 0.006339 1.405300
v -1.416920 0.006154 1.398486
v -1.776012 0.005261 1.398489
vt 0.569907 0.455166
vt 0.679504 0.486024
vt 0.575108 0.468741
vt 0.585881 0.479832
vt 0.600547 0.487017
vt 0.616127 0.490589
vt 0.635221 0.493227
vt 0.656020 0.492053
vt 0.702926 0.472092
vt 1.924911 0.781124
vt 1.910900 0.775576
vt 1.920453 0.757939
vt 1.899817 0.754106
vt 1.912059 0.730494
vt 1.889260 0.736203
vt 1.897941 0.703738
vt 1.875564 0.719962
vt 1.876414 0.683730
vt 1.859718 0.706517
vt 1.767526 0.680831
vt 1.927941 0.784359
vt 1.923388 0.759806
vt 1.915063 0.730570
vt 1.900482 0.702322
vt 1.878136 0.681313
vt 1.765724 0.678626
vt 0.570342 0.441011
vt 0.571964 0.453400
vt 0.576365 0.465911
vt 0.587070 0.476943
vt 0.601502 0.484082
vt 0.616775 0.487660
vt 0.576595 0.451170
vt 0.574231 0.452159
vt 0.580788 0.462084
vt 0.578572 0.463964
vt 0.590182 0.472050
vt 0.588607 0.474486
vt 0.603516 0.478917
vt 0.602497 0.481489
vt 0.617448 0.485077
vt 0.618153 0.482508
vt 0.678038 0.480428
vt 0.677208 0.477777
vt 0.721923 0.440421
vt 0.719299 0.439420
vt 0.710989 0.388102
vt 0.667987 0.375109
vt 0.593912 0.392904
vt 0.568201 0.441449
vt 1.885156 0.874625
vt 1.908169 0.878579
vt 1.869048 0.888503
vt 1.837791 0.883272
vt 1.849659 0.901424
vt 1.891232 0.902408
vt 1.867049 0.924785
vt 1.828720 0.910696
vt 1.837363 0.936408
vt 1.798699 0.911847
vt 1.796931 0.939062
vt 1.772424 0.904260
vt 1.759197 0.865622
vt 1.746446 0.885814
vt 1.762256 0.926613
vt 1.732620 0.898300
vt 1.727071 0.857846
vt 1.716864 0.859993
vt 1.714328 0.860089
vt 1.760638 0.928998
vt 1.730272 0.899814
vt 1.796500 0.941932
vt 1.838041 0.939323
vt 1.893976 0.903579
vt 1.868867 0.927147
vt 1.911398 0.878111
vt 0.707966 0.392715
vt 0.667870 0.377881
vt 0.667737 0.380637
vt 0.595342 0.395087
vt 0.596803 0.397238
vt 1.929317 0.808044
vt 1.925547 0.806712
vt 1.917446 0.803571
vt 1.709365 0.797390
vt 1.712862 0.769311
vt 1.722647 0.767478
vt 1.711102 0.797213
vt 1.715112 0.768464
vt 1.715912 0.796717
vt 0.572459 0.440573
vt 0.574570 0.440291
vt 1.836475 0.695958
vt 1.844143 0.670128
vt 1.844882 0.667188
vt 0.635826 0.487874
vt 0.636155 0.485401
vt 0.635518 0.490367
vt 1.779917 0.703480
vt 1.809193 0.694218
vt 1.807117 0.666970
vt 1.806625 0.664063
vt 0.655632 0.486609
vt 0.655399 0.484066
vt 0.678826 0.483097
vt 0.655836 0.489166
vt 1.753199 0.722175
vt 1.737229 0.712465
vt 1.734496 0.711493
vt 0.700490 0.466443
vt 0.699043 0.463639
vt 0.701872 0.469144
vt 1.735062 0.743196
vt 1.723549 0.740878
vt 1.720562 0.741112
vt 0.713924 0.455028
vt 0.711723 0.452801
vt 0.715961 0.457123
vt 0.724520 0.441424
vt 0.717411 0.459598
vt 0.726296 0.442638
vt 0.706268 0.395168
vt 0.709627 0.390228
vt 0.728749 0.422983
vt 0.723174 0.403464
vt 0.727049 0.423258
vt 0.721608 0.404703
vt 0.724416 0.423631
vt 0.721779 0.423991
vt 0.717022 0.407990
vt 0.719319 0.406358
vt 1.709365 0.828072
vt 1.711354 0.828487
vt 1.729765 0.824582
vt 1.717775 0.829202
vt 0.688353 0.382170
vt 0.687476 0.384997
vt 0.668144 0.372131
vt 0.690132 0.376586
vt 0.689176 0.379327
vt 0.649025 0.379618
vt 0.649211 0.382607
vt 0.648584 0.373310
vt 0.648832 0.376640
vt 0.627101 0.381507
vt 0.627564 0.384185
vt 0.626146 0.375732
vt 0.626637 0.378828
vt 0.611032 0.386826
vt 0.611899 0.389361
vt 0.592974 0.390074
vt 0.609404 0.381346
vt 0.610189 0.384284
vt 0.583479 0.405569
vt 0.585558 0.407110
vt 0.580411 0.401267
vt 0.581423 0.403996
vt 0.572874 0.429159
vt 0.575744 0.418072
vt 0.578355 0.418779
vt 0.575173 0.429461
vt 0.568291 0.428044
vt 0.571413 0.415231
vt 0.573141 0.417356
vt 0.570505 0.429014
vt 1.928235 0.830141
vt 1.923199 0.852418
vt 1.902882 0.857099
vt 1.924922 0.829888
vt 1.920013 0.853536
vt 1.886253 0.852161
vt 1.914583 0.832638
vt 2.791222 0.413677
vt 2.797171 0.416024
vt 2.791027 0.424688
vt 2.798143 0.427257
vt 2.791283 0.419137
vt 2.798406 0.421131
vt 2.789000 0.429887
vt 2.795120 0.432751
vt 2.759782 0.445622
vt 2.864870 0.402161
vt 2.868607 0.398074
vt 2.871792 0.393474
vt 2.874631 0.388399
vt 2.877480 0.382975
vt 2.753118 0.422190
vt 2.754354 0.428138
vt 2.755898 0.434075
vt 2.757611 0.439630
vt 2.767259 0.449859
vt 2.856430 0.402783
vt 2.876631 0.374709
vt 2.757160 0.415000
vt 2.741682 0.432098
vt 2.738824 0.420706
vt 2.740190 0.426224
vt 2.889663 0.383045
vt 2.887877 0.389155
vt 2.885798 0.395404
vt 2.882738 0.401385
vt 2.882479 0.412775
vt 2.878040 0.406897
vt 2.867672 0.413420
vt 2.873133 0.411095
vt 2.751046 0.456471
vt 2.747890 0.450363
vt 2.764748 0.444103
vt 2.762125 0.451436
vt 2.860308 0.405803
vt 2.860279 0.399091
vt 2.864285 0.394726
vt 2.867780 0.389929
vt 2.870564 0.385458
vt 2.873595 0.380102
vt 2.880299 0.377448
vt 2.751960 0.416643
vt 2.758103 0.421007
vt 2.759164 0.426732
vt 2.760506 0.432388
vt 2.762385 0.438231
vt 2.769792 0.442481
vt 2.772596 0.448013
vt 2.856204 0.395538
vt 2.852196 0.399774
vt 2.859896 0.391363
vt 2.863310 0.387007
vt 2.866507 0.382294
vt 2.869606 0.377067
vt 2.872734 0.371740
vt 2.763212 0.419439
vt 2.762798 0.413795
vt 2.763978 0.425378
vt 2.765295 0.431227
vt 2.767184 0.436670
vt 2.750572 0.435686
vt 2.749026 0.429798
vt 2.746325 0.418398
vt 2.747633 0.423919
vt 2.884290 0.380189
vt 2.881838 0.385898
vt 2.879312 0.391608
vt 2.876549 0.396964
vt 2.873169 0.401833
vt 2.864074 0.409026
vt 2.868907 0.405925
vt 2.757049 0.453330
vt 2.754322 0.447372
vt 2.776610 0.439921
vt 2.780009 0.445051
vt 2.850465 0.391037
vt 2.846156 0.395225
vt 2.854261 0.386910
vt 2.857666 0.382607
vt 2.860837 0.377924
vt 2.863926 0.372831
vt 2.867031 0.367539
vt 2.770564 0.417652
vt 2.770849 0.412718
vt 2.770625 0.423728
vt 2.771802 0.429735
vt 2.773580 0.434418
vt 2.730448 0.435424
vt 2.728345 0.422496
vt 2.728876 0.428121
vt 2.897440 0.384590
vt 2.895403 0.390530
vt 2.891882 0.397977
vt 2.869451 0.417066
vt 2.875324 0.415356
vt 2.747988 0.460577
vt 2.742761 0.455644
vt 2.782449 0.436993
vt 2.785725 0.434204
vt 2.786789 0.441125
vt 2.790601 0.436782
vt 2.845575 0.386528
vt 2.841142 0.390117
vt 2.838619 0.386144
vt 2.840392 0.381769
vt 2.849343 0.382816
vt 2.843616 0.377561
vt 2.852508 0.378675
vt 2.847471 0.373904
vt 2.855453 0.374172
vt 2.851662 0.371764
vt 2.858430 0.369211
vt 2.854635 0.367093
vt 2.861376 0.363874
vt 2.857184 0.362183
vt 2.777518 0.417199
vt 2.778817 0.412762
vt 2.784462 0.414486
vt 2.782845 0.418791
vt 2.776496 0.422723
vt 2.782230 0.422800
vt 2.777347 0.428218
vt 2.782076 0.426653
vt 2.778995 0.432332
vt 2.782449 0.430848
vt 2.871090 0.456586
vt 2.659255 0.526508
vt 2.924470 0.481213
vt 2.724204 0.491808
vt 2.925764 0.455223
vt 2.947085 0.459528
vt 2.952450 0.460793
vt 2.899247 0.443187
vt 2.907566 0.448435
vt 2.917117 0.452629
vt 2.700004 0.432608
vt 2.959407 0.415025
vt 2.947950 0.472826
vt 2.663910 0.538845
vt 2.688690 0.538108
vt 2.700394 0.535420
vt 2.723101 0.524552
vt 2.738357 0.503763
vt 2.741664 0.496977
vt 2.859268 0.431336
vt 2.863787 0.436500
vt 2.888628 0.463632
vt 2.913364 0.472359
vt 2.899773 0.469609
vt 2.923588 0.474604
vt 2.943780 0.473023
vt 2.948746 0.469335
vt 2.662956 0.535241
vt 2.687904 0.531244
vt 2.684129 0.520535
vt 2.732717 0.499506
vt 2.737230 0.492434
vt 2.863107 0.427382
vt 2.868587 0.419756
vt 2.867808 0.431748
vt 2.893020 0.455300
vt 2.914513 0.464852
vt 2.902506 0.461106
vt 2.923741 0.467575
vt 2.943999 0.468933
vt 2.960672 0.422424
vt 2.954961 0.431517
vt 2.954699 0.419515
vt 2.948249 0.428040
vt 2.948827 0.415053
vt 2.941664 0.424657
vt 2.942161 0.411733
vt 2.934592 0.421077
vt 2.936117 0.408207
vt 2.927697 0.417348
vt 2.714539 0.454654
vt 2.667137 0.475642
vt 2.658315 0.480304
vt 2.652452 0.485919
vt 2.644205 0.499806
vt 2.966262 0.434693
vt 2.957205 0.452205
vt 2.654032 0.517774
vt 2.679928 0.511733
vt 2.711713 0.492365
vt 2.711540 0.487633
vt 2.714982 0.481614
vt 2.905991 0.432733
vt 2.921854 0.440859
vt 2.913671 0.437243
vt 2.929828 0.443881
vt 2.937930 0.446378
vt 2.886642 0.420727
vt 2.876248 0.419769
vt 2.870030 0.419672
vt 2.740543 0.459666
vt 2.747216 0.463850
vt 2.906351 0.384562
vt 2.902944 0.393000
vt 2.717234 0.423543
vt 2.717907 0.430553
vt 2.720043 0.439240
vt 2.897502 0.402472
vt 2.876942 0.430433
vt 2.872053 0.427317
vt 2.871141 0.423182
vt 2.876632 0.424437
vt 2.748652 0.473461
vt 2.747256 0.468274
vt 2.739822 0.475706
vt 2.739094 0.464913
vt 2.719004 0.450081
vt 2.910007 0.397475
vt 2.913486 0.411720
vt 2.905083 0.407921
vt 2.881759 0.433616
vt 2.882392 0.426047
vt 2.969611 0.424842
vt 2.970551 0.419422
vt 2.641490 0.489375
vt 2.641094 0.483810
vt 2.921160 0.387703
vt 2.914418 0.386267
vt 2.698845 0.424005
vt 2.707149 0.424212
vt 2.708184 0.432057
vt 2.703501 0.443259
vt 2.711898 0.441501
vt 2.687088 0.461516
vt 2.698470 0.465465
vt 2.918220 0.400813
vt 2.749524 0.522732
vt 2.743304 0.506354
vt 2.745549 0.499323
vt 2.856566 0.434278
vt 2.860453 0.438948
vt 2.867570 0.449311
vt 2.747110 0.522476
vt 2.873215 0.461975
vt 2.886330 0.468396
vt 2.695454 0.546303
vt 2.926354 0.491124
vt 2.702219 0.542660
vt 2.679348 0.544957
vt 2.665103 0.542692
vt 2.672797 0.543099
vt 2.947588 0.476760
vt 2.943488 0.476886
vt 2.734466 0.522449
vt 2.742460 0.521321
vt 2.743480 0.520059
vt 2.738932 0.517140
vt 2.870891 0.466878
vt 2.864941 0.469135
vt 2.870465 0.464421
vt 2.866920 0.467961
vt 2.726802 0.529233
vt 2.735247 0.509733
vt 2.733619 0.513984
vt 2.730774 0.518075
vt 2.740235 0.522535
vt 2.734911 0.525149
vt 2.748775 0.522616
vt 2.870818 0.466262
vt 2.866322 0.468340
vt 2.744475 0.519922
vt 2.741739 0.513050
vt 2.750131 0.522851
vt 2.870280 0.463305
vt 2.867210 0.467581
vt 2.706299 0.523729
vt 2.718949 0.535225
vt 2.722188 0.535655
vt 2.717076 0.548510
vt 2.716131 0.542560
vt 2.718055 0.540972
vt 2.717356 0.547288
vt 2.897005 0.486245
vt 2.896648 0.487395
vt 2.894768 0.475218
vt 2.897115 0.481008
vt 2.895747 0.481201
vt 2.717081 0.550173
vt 2.714201 0.545526
vt 2.714936 0.544978
vt 2.717204 0.549567
vt 2.897291 0.485301
vt 2.897519 0.485155
vt 2.898758 0.480616
vt 2.898237 0.481190
vt 2.923520 0.486905
vt 2.690160 0.548764
vt 2.686648 0.553040
vt 2.693693 0.544568
vt 2.693040 0.537801
vt 2.924334 0.486195
vt 2.919975 0.480968
vt 2.926500 0.490514
vt 2.688377 0.549101
vt 2.686124 0.553454
vt 2.688327 0.545332
vt 2.685446 0.555479
vt 2.685861 0.551079
vt 2.686575 0.549795
vt 2.685642 0.554111
vt 2.926720 0.489962
vt 2.926391 0.488897
vt 2.925827 0.485372
vt 2.925364 0.485764
vt 2.912698 0.478453
vt 2.877851 0.463929
vt 2.878687 0.456511
vt 2.878113 0.467743
vt 2.898555 0.476391
vt 2.902740 0.477431
vt 2.928650 0.481501
vt 2.951130 0.450633
vt 2.945198 0.448859
vt 2.960592 0.433033
vt 2.965982 0.418774
vt 2.965009 0.423989
vt 2.962481 0.418446
vt 2.646298 0.489155
vt 2.646665 0.484410
vt 2.650299 0.489412
vt 2.654491 0.496351
vt 2.649661 0.498245
vt 2.659398 0.515599
vt 2.664788 0.524942
vt 2.670491 0.523500
vt 2.668001 0.534256
vt 2.673219 0.538176
vt 2.668250 0.538363
vt 2.669159 0.542780
vt 2.970484 0.415267
vt 2.964847 0.414678
vt 2.641535 0.479703
vt 2.648505 0.479475
vt 0.818950 0.888587
vt 0.903191 0.723061
vt 0.898318 0.694088
vt 0.889203 0.664709
vt 0.875656 0.633878
vt 0.806144 0.896822
vt 0.861278 0.855529
vt 0.877922 0.832493
vt 0.890654 0.806587
vt 0.899474 0.779293
vt 0.903414 0.750981
vt 0.877588 0.724153
vt 0.873099 0.700852
vt 0.864392 0.676154
vt 0.853083 0.654372
vt 0.797695 0.859785
vt 0.842627 0.828487
vt 0.856572 0.810494
vt 0.867130 0.790470
vt 0.874548 0.769067
vt 0.878026 0.746653
vt 0.858762 0.724857
vt 0.854273 0.705507
vt 0.846691 0.687010
vt 0.836683 0.671606
vt 0.793556 0.829829
vt 0.829886 0.807600
vt 0.841855 0.793761
vt 0.850421 0.778380
vt 0.856551 0.761521
vt 0.859430 0.743485
vt 0.840540 0.727989
vt 0.837192 0.715101
vt 0.830140 0.701509
vt 0.801053 0.724744
vt 0.793467 0.749630
vt 0.820542 0.785938
vt 0.828704 0.777120
vt 0.834076 0.767065
vt 0.838654 0.754080
vt 0.840866 0.740223
vt 0.795476 0.735735
vt 0.840231 0.875221
vt 0.824035 0.844614
vt 0.806915 0.854203
vt 0.813723 0.819918
vt 0.800471 0.826649
vt 0.807678 0.793271
vt 0.797042 0.796607
vt 2.486732 0.956656
vt 2.463599 0.042931
vt 2.455308 0.039888
vt 1.434059 0.088162
vt 1.453718 0.095741
vt 0.594342 0.120234
vt 0.629558 0.083717
vt 0.616258 0.103509
vt 1.375615 0.074463
vt 1.397690 0.091829
vt 1.421798 0.104821
vt 0.620119 0.143122
vt 0.659821 0.099464
vt 0.643281 0.122890
vt 1.357602 0.052387
vt 1.349819 0.094621
vt 1.377996 0.113713
vt 1.408120 0.127730
vt 1.438484 0.136923
vt 0.651585 0.169759
vt 0.675540 0.148040
vt 0.696850 0.121439
vt 1.326613 0.070472
vt 0.549390 0.228069
vt 0.587445 0.244791
vt 1.249780 0.233159
vt 0.554180 0.315566
vt 0.829836 0.288693
vt 0.785241 0.303444
vt 1.206623 0.212435
vt 0.717184 0.342130
vt 1.237465 0.268760
vt 1.294389 0.284333
vt 1.348661 0.295384
vt 1.400831 0.302602
vt 0.741014 0.364886
vt 0.847500 0.332257
vt 0.801803 0.341791
vt 1.192927 0.251503
vt 1.225796 0.336298
vt 1.285407 0.346811
vt 1.342143 0.355092
vt 1.396710 0.361228
vt 0.866954 0.413162
vt 0.822399 0.415265
vt 1.181008 0.327171
vt 1.224109 0.411691
vt 1.283815 0.415989
vt 1.341542 0.420986
vt 1.396644 0.425166
vt 0.863101 0.500868
vt 0.819647 0.496959
vt 1.178680 0.410392
vt 1.228169 0.452118
vt 1.286790 0.453118
vt 1.344080 0.456396
vt 1.397969 0.459368
vt 0.741442 0.518757
vt 0.853093 0.547674
vt 1.182356 0.454973
vt 1.237430 0.497550
vt 1.293504 0.495174
vt 1.349118 0.496628
vt 1.400030 0.497910
vt 0.834138 0.600325
vt 1.190547 0.505703
vt 1.298213 0.648050
vt 1.334483 0.640862
vt 1.365592 0.639131
vt 1.391004 0.639982
vt 0.644910 0.734202
vt 0.673473 0.738508
vt 0.737353 0.767856
vt 0.707479 0.749348
vt 1.263899 0.662004
vt 1.313044 0.674327
vt 1.342046 0.667162
vt 1.367029 0.665215
vt 1.387674 0.665750
vt 0.645169 0.765340
vt 0.667774 0.769857
vt 0.717682 0.796686
vt 0.694381 0.780068
vt 1.285956 0.687668
vt 1.325100 0.693391
vt 1.348079 0.686416
vt 1.368217 0.684425
vt 1.384954 0.684764
vt 0.645846 0.789703
vt 0.663765 0.793789
vt 0.702807 0.817337
vt 0.684506 0.803040
vt 1.304138 0.705431
vt 1.339479 0.713774
vt 1.354393 0.707229
vt 1.369185 0.704903
vt 1.381590 0.705123
vt 0.635104 0.813407
vt 0.646956 0.814427
vt 0.659763 0.817965
vt 0.685107 0.837998
vt 0.672840 0.826175
vt 1.324970 0.724000
vt 1.349349 0.726471
vt 1.357988 0.719726
vt 0.657502 0.830110
vt 0.672805 0.850346
vt 0.664539 0.839678
vt 1.339039 0.735660
vt 1.462679 0.067410
vt 1.474823 0.081840
vt 1.455207 0.072237
vt 1.481064 0.073306
vt 0.500000 0.082433
vt 0.516878 0.081660
vt 2.486984 0.962406
vt 2.500000 0.962358
vt 2.458038 0.034628
vt 2.489215 0.743269
vt 2.474734 0.624895
vt 2.405759 0.386730
vt 2.404583 0.363685
vt 2.426637 0.361316
vt 2.386717 0.388130
vt 2.408790 0.625836
vt 2.430317 0.624930
vt 2.426547 0.646527
vt 2.406853 0.647021
vt 2.365033 0.389030
vt 2.368273 0.367521
vt 2.386641 0.365698
vt 2.456829 0.384988
vt 2.451785 0.359006
vt 2.473951 0.647095
vt 2.449091 0.647057
vt 2.451819 0.437505
vt 2.447804 0.162827
vt 2.472819 0.163364
vt 2.472768 0.136741
vt 2.474010 0.607536
vt 2.439090 0.079027
vt 2.484664 0.926000
vt 2.465773 0.914155
vt 2.479470 0.893662
vt 2.482907 0.910574
vt 2.455598 0.067922
vt 2.420502 0.109727
vt 2.410693 0.072333
vt 2.474996 0.743707
vt 2.473827 0.249978
vt 2.447943 0.249953
vt 2.423302 0.250329
vt 2.403012 0.251392
vt 2.365944 0.255857
vt 2.384670 0.253463
vt 2.421599 0.205304
vt 2.445970 0.208425
vt 2.472266 0.210351
vt 2.485394 0.806973
vt 2.463378 0.806776
vt 2.487066 0.668418
vt 2.439886 0.454001
vt 2.451233 0.455012
vt 2.415875 0.453640
vt 2.428656 0.453999
vt 2.399246 0.454086
vt 2.407694 0.587420
vt 2.485264 0.530561
vt 2.485301 0.518648
vt 2.435758 0.569386
vt 2.447093 0.550140
vt 2.457535 0.545441
vt 2.465599 0.539480
vt 2.472739 0.528761
vt 2.882876 0.208114
vt 2.895758 0.207642
vt 2.906971 0.207424
vt 2.919670 0.206756
vt 2.932338 0.205891
vt 2.943423 0.204863
vt 2.969858 0.202781
vt 2.956089 0.203871
vt 2.768856 0.201613
vt 2.782141 0.203729
vt 2.794852 0.205744
vt 2.806770 0.207398
vt 2.818140 0.208506
vt 2.829569 0.208968
vt 2.841660 0.208950
vt 2.854751 0.208769
vt 2.868640 0.208507
vt 2.886890 0.296654
vt 2.901195 0.296526
vt 2.915222 0.296055
vt 2.928076 0.295296
vt 2.940295 0.294102
vt 2.953414 0.292406
vt 2.968445 0.290019
vt 2.763264 0.288575
vt 2.780107 0.291222
vt 2.797030 0.293335
vt 2.809794 0.294603
vt 2.822109 0.295368
vt 2.836958 0.295966
vt 2.856787 0.296315
vt 2.872224 0.296538
vt 2.459473 0.431689
vt 2.470988 0.433185
vt 2.462791 0.444921
vt 2.485380 0.487047
vt 2.478843 0.487601
vt 2.483148 0.473644
vt 2.471031 0.473166
vt 2.474845 0.487080
vt 2.477843 0.530807
vt 2.478739 0.518131
vt 2.475128 0.516371
vt 2.472746 0.457126
vt 2.479037 0.456211
vt 2.476912 0.474597
vt 2.464656 0.461102
vt 2.363818 0.405384
vt 2.386102 0.406546
vt 2.385995 0.429838
vt 2.365354 0.424444
vt 2.406594 0.410136
vt 2.403285 0.432128
vt 2.422532 0.418363
vt 2.417503 0.435424
vt 2.439644 0.429003
vt 2.432380 0.440142
vt 2.444658 0.444255
vt 2.456260 0.448673
vt 2.468453 0.458687
vt 2.476893 0.487256
vt 2.473926 0.473766
vt 2.476941 0.517298
vt 2.469328 0.540930
vt 2.475111 0.529877
vt 2.433510 0.589150
vt 2.431984 0.607537
vt 2.408854 0.608375
vt 2.365535 0.442854
vt 2.385286 0.454725
vt 2.410718 0.567677
vt 2.360171 0.453331
vt 2.362026 0.450062
vt 2.371969 0.455198
vt 2.358927 0.456760
vt 2.417821 0.557676
vt 2.419452 0.554371
vt 2.434559 0.557554
vt 2.432106 0.554354
vt 2.473404 0.591130
vt 2.454102 0.590456
vt 2.453605 0.607804
vt 2.452044 0.624990
vt 2.461929 0.548439
vt 2.415399 0.560699
vt 2.454295 0.559456
vt 2.436905 0.560856
vt 2.450188 0.554387
vt 2.478733 0.550342
vt 2.474217 0.542919
vt 2.443741 0.425568
vt 2.431648 0.386266
vt 2.427744 0.411302
vt 2.442726 0.409490
vt 2.462097 0.407450
vt 2.480301 0.405525
vt 2.484740 0.433918
vt 2.488202 0.456553
vt 2.486093 0.444317
vt 2.492466 0.485779
vt 2.491002 0.472589
vt 2.500000 0.485191
vt 2.500000 0.517932
vt 2.500000 0.530077
vt 2.493042 0.530075
vt 2.492490 0.518205
vt 2.493867 0.541241
vt 2.500000 0.541808
vt 2.500000 0.551904
vt 2.470650 0.442852
vt 2.455677 0.434336
vt 2.450125 0.420568
vt 2.466622 0.420279
vt 2.500000 0.590728
vt 2.500000 0.606656
vt 2.885307 0.235883
vt 2.897707 0.235671
vt 2.908372 0.235933
vt 2.921965 0.235383
vt 2.935448 0.234096
vt 2.946291 0.232402
vt 2.970206 0.228948
vt 2.958373 0.230808
vt 2.759668 0.227338
vt 2.773585 0.229748
vt 2.790459 0.232465
vt 2.803268 0.234148
vt 2.816004 0.235330
vt 2.828557 0.236011
vt 2.840548 0.236172
vt 2.858445 0.236081
vt 2.872872 0.236022
vt 2.881945 0.162691
vt 2.894372 0.161993
vt 2.905596 0.161287
vt 2.916867 0.160612
vt 2.928224 0.160132
vt 2.939689 0.159680
vt 2.952568 0.159096
vt 2.784594 0.159041
vt 2.796772 0.160661
vt 2.808842 0.161971
vt 2.820858 0.162914
vt 2.832827 0.163473
vt 2.844717 0.163674
vt 2.856566 0.163593
vt 2.868735 0.163266
vt 2.746939 0.285864
vt 2.982982 0.287381
vt 2.880410 0.097948
vt 2.890886 0.097687
vt 2.901340 0.097739
vt 2.911546 0.097613
vt 2.921759 0.097361
vt 2.932070 0.096843
vt 2.954000 0.094584
vt 2.942452 0.096044
vt 2.783638 0.095342
vt 2.795102 0.096373
vt 2.805817 0.097006
vt 2.815964 0.097474
vt 2.825982 0.097656
vt 2.835996 0.097840
vt 2.846248 0.097765
vt 2.857029 0.097996
vt 2.868627 0.098062
vt 2.884576 0.021313
vt 2.796663 0.030642
vt 2.876527 0.029842
vt 2.868693 0.039656
vt 2.869167 0.030087
vt 2.860761 0.039195
vt 2.861862 0.029969
vt 2.846172 0.031894
vt 2.837015 0.051142
vt 2.836296 0.033384
vt 2.827255 0.051046
vt 2.826258 0.033883
vt 2.817641 0.052120
vt 2.816308 0.034830
vt 2.799984 0.045030
vt 2.798733 0.038031
vt 2.794053 0.047071
vt 2.786604 0.048688
vt 2.784089 0.041639
vt 2.791604 0.039974
vt 2.950663 0.047014
vt 2.952348 0.039411
vt 2.943057 0.046149
vt 2.944803 0.038526
vt 2.929808 0.035755
vt 2.919839 0.050245
vt 2.920216 0.034504
vt 2.909643 0.049200
vt 2.910564 0.034045
vt 2.899525 0.048116
vt 2.900969 0.032830
vt 2.882946 0.038747
vt 2.876628 0.039685
vt 2.883838 0.030255
vt 2.483074 0.829816
vt 2.458739 0.830039
vt 2.447288 0.187229
vt 2.472748 0.188802
vt 2.390631 0.843266
vt 2.409840 0.918411
vt 2.397926 0.081012
vt 2.399386 0.115921
vt 2.389077 0.803966
vt 2.377976 0.822042
vt 2.375841 0.795946
vt 2.367247 0.813402
vt 2.422632 0.183498
vt 2.425225 0.161381
vt 2.500000 0.870912
vt 2.480722 0.871907
vt 2.481334 0.852950
vt 2.500000 0.852531
vt 2.454941 0.853175
vt 2.453190 0.872577
vt 2.411369 0.853747
vt 2.391517 0.855524
vt 2.387236 0.831148
vt 2.399144 0.818809
vt 2.923687 0.680824
vt 2.915163 0.682429
vt 2.905334 0.684022
vt 2.894652 0.685423
vt 2.883931 0.686426
vt 2.874018 0.687019
vt 2.866352 0.687260
vt 2.858652 0.687435
vt 2.849863 0.687499
vt 2.841258 0.687387
vt 2.831360 0.686961
vt 2.820652 0.686152
vt 2.809978 0.684934
vt 2.800149 0.683513
vt 2.784076 0.680738
vt 2.791612 0.682066
vt 2.931197 0.679339
vt 2.374528 0.189194
vt 2.355500 0.194204
vt 2.348457 0.174439
vt 2.361549 0.172973
vt 2.372879 0.170521
vt 2.378522 0.161230
vt 2.379984 0.150264
vt 2.380222 0.135722
vt 2.378812 0.121638
vt 2.421401 0.197958
vt 2.446835 0.202040
vt 2.472567 0.203980
vt 2.402788 0.191466
vt 2.401563 0.201110
vt 2.384367 0.182399
vt 2.403848 0.177493
vt 2.388836 0.171754
vt 2.405681 0.158710
vt 2.393171 0.153377
vt 2.411574 0.134233
vt 2.396588 0.134546
vt 2.489522 0.636334
vt 2.471623 0.667806
vt 2.412715 0.749858
vt 2.449882 0.136737
vt 2.451322 0.118451
vt 2.415618 0.118091
vt 2.467083 0.070273
vt 2.477891 0.071776
vt 2.405955 0.095866
vt 2.392256 0.102769
vt 2.374754 0.109798
vt 2.368938 0.096151
vt 2.385240 0.087881
vt 2.396137 0.914001
vt 2.379039 0.908026
vt 2.410202 0.869484
vt 2.390881 0.867937
vt 2.500000 0.212989
vt 2.472291 0.213626
vt 2.446134 0.212597
vt 2.421742 0.211516
vt 2.401912 0.210623
vt 2.359295 0.214315
vt 2.379423 0.212289
vt 2.363373 0.234720
vt 2.398194 0.788216
vt 2.385258 0.780477
vt 2.391073 0.763228
vt 2.406137 0.769344
vt 2.412430 0.798722
vt 2.468211 0.782473
vt 2.472582 0.757982
vt 2.487674 0.782483
vt 2.489204 0.757958
vt 2.409445 0.835007
vt 2.422292 0.776828
vt 2.429929 0.753973
vt 2.395973 0.745287
vt 2.382662 0.232627
vt 2.402398 0.231128
vt 2.422415 0.230897
vt 2.446984 0.231211
vt 2.472979 0.231788
vt 2.437487 0.781024
vt 2.430503 0.135544
vt 2.432761 0.118654
vt 2.432714 0.852782
vt 2.431051 0.871574
vt 2.428114 0.804660
vt 2.445554 0.806462
vt 2.438200 0.829808
vt 2.452576 0.782231
vt 2.444799 0.756165
vt 2.500000 0.271665
vt 2.474741 0.271740
vt 2.449432 0.271977
vt 2.424737 0.272749
vt 2.404004 0.274092
vt 2.366822 0.278168
vt 2.385755 0.276017
vt 2.400710 0.726469
vt 2.437339 0.733840
vt 2.418796 0.730098
vt 2.486974 0.710367
vt 2.459558 0.723800
vt 2.450153 0.737770
vt 2.459176 0.757570
vt 2.462853 0.744237
vt 2.475832 0.729342
vt 2.466652 0.730201
vt 2.474512 0.720056
vt 2.488366 0.728578
vt 2.487441 0.719481
vt 2.500000 0.336307
vt 2.475360 0.336646
vt 2.450486 0.337945
vt 2.426742 0.339878
vt 2.406036 0.341984
vt 2.367532 0.346510
vt 2.386520 0.344326
vt 2.407324 0.666525
vt 2.427036 0.666742
vt 2.449147 0.667352
vt 2.947061 0.827915
vt 2.933419 0.829893
vt 2.921371 0.831647
vt 2.909549 0.833042
vt 2.897733 0.833888
vt 2.885706 0.834343
vt 2.873350 0.834545
vt 2.859314 0.834864
vt 2.846496 0.835095
vt 2.833735 0.835076
vt 2.821084 0.834774
vt 2.808535 0.834007
vt 2.795957 0.832846
vt 2.783250 0.831278
vt 2.770375 0.829593
vt 2.970253 0.976740
vt 2.962701 0.959402
vt 2.954024 0.982165
vt 2.947865 0.962967
vt 2.938223 0.984857
vt 2.933800 0.965706
vt 2.923489 0.986628
vt 2.920688 0.967721
vt 2.908931 0.988646
vt 2.907432 0.969034
vt 2.893451 0.990338
vt 2.892947 0.970021
vt 2.876794 0.991576
vt 2.876942 0.970644
vt 2.860070 0.992156
vt 2.860312 0.970788
vt 2.842959 0.990870
vt 2.843660 0.970647
vt 2.827992 0.989779
vt 2.827764 0.969958
vt 2.810837 0.987536
vt 2.812622 0.968983
vt 2.793316 0.986295
vt 2.798421 0.967684
vt 2.779757 0.986122
vt 2.784832 0.966215
vt 2.767054 0.985517
vt 2.771344 0.964369
vt 2.754160 0.982876
vt 2.739307 0.978984
vt 2.741903 0.958125
vt 2.757103 0.961410
vt 2.987406 0.973940
vt 2.977758 0.955198
vt 2.959901 0.826345
vt 2.757421 0.828215
vt 2.779602 0.751797
vt 2.790468 0.753742
vt 2.801859 0.755371
vt 2.813596 0.756630
vt 2.825351 0.757463
vt 2.836776 0.757919
vt 2.847702 0.758083
vt 2.858259 0.758060
vt 2.868822 0.757870
vt 2.879757 0.757505
vt 2.891192 0.756838
vt 2.902960 0.755773
vt 2.914703 0.754296
vt 2.926081 0.752443
vt 2.936923 0.750289
vt 2.952735 0.904319
vt 2.938447 0.906758
vt 2.925864 0.908686
vt 2.914267 0.910105
vt 2.902594 0.911166
vt 2.889825 0.911945
vt 2.875228 0.912484
vt 2.859247 0.912734
vt 2.843454 0.912699
vt 2.829277 0.912396
vt 2.816799 0.911850
vt 2.805311 0.911075
vt 2.793894 0.909916
vt 2.781586 0.908354
vt 2.752268 0.903789
vt 2.767694 0.906282
vt 2.968395 0.901520
vt 2.947345 0.747844
vt 2.769144 0.749546
vt 2.471039 0.057836
vt 2.480607 0.059330
vt 2.451471 0.052379
vt 2.471672 0.941940
vt 2.485858 0.940743
vt 2.891739 0.015103
vt 2.891626 0.007404
vt 2.901742 0.007739
vt 2.902038 0.016511
vt 2.932828 0.018576
vt 2.932992 0.009945
vt 2.785686 0.614470
vt 2.783613 0.627970
vt 2.780911 0.641577
vt 2.640996 0.611719
vt 2.641780 0.635262
vt 2.640832 0.623565
vt 2.611414 0.626348
vt 2.610575 0.612466
vt 2.678564 0.809518
vt 2.680268 0.803199
vt 2.680281 0.798868
vt 2.715619 0.812448
vt 2.704129 0.815367
vt 2.690843 0.814799
vt 2.691854 0.806966
vt 2.692000 0.801948
vt 2.703733 0.807098
vt 2.703991 0.801730
vt 2.709258 0.802790
vt 2.704871 0.794316
vt 2.707184 0.781383
vt 2.712763 0.796091
vt 2.717258 0.783915
vt 2.679137 0.792304
vt 2.676414 0.780410
vt 2.691706 0.794395
vt 2.691120 0.780684
vt 2.668489 0.802496
vt 2.675123 0.797676
vt 2.734533 0.795516
vt 2.724312 0.807128
vt 2.726031 0.788193
vt 2.696918 0.681689
vt 2.626434 0.689376
vt 2.655649 0.683234
vt 2.750244 0.761942
vt 2.735329 0.755802
vt 2.724366 0.751279
vt 2.710409 0.747728
vt 2.691705 0.746385
vt 2.673111 0.748742
vt 2.662233 0.750966
vt 2.643931 0.757422
vt 2.613209 0.640750
vt 2.630065 0.636541
vt 2.764515 0.637587
vt 2.701052 0.192628
vt 2.713706 0.194374
vt 2.688282 0.193001
vt 2.678558 0.200495
vt 2.721380 0.296604
vt 2.710413 0.296036
vt 2.695935 0.295306
vt 2.681325 0.295074
vt 2.669164 0.294907
vt 2.727129 0.250534
vt 2.720509 0.204993
vt 2.722775 0.203083
vt 2.713561 0.198836
vt 2.700788 0.197481
vt 2.687941 0.197453
vt 2.680549 0.202697
vt 2.720553 0.320183
vt 2.726649 0.320338
vt 2.709344 0.319824
vt 2.694813 0.319375
vt 2.679296 0.319583
vt 2.665282 0.319760
vt 2.701235 0.189260
vt 2.687393 0.189853
vt 2.714934 0.191342
vt 2.676182 0.198263
vt 2.729974 0.250671
vt 2.665388 0.263472
vt 2.669057 0.247751
vt 2.725399 0.201145
vt 2.729417 0.320523
vt 2.654179 0.319857
vt 2.657419 0.319765
vt 2.718186 0.359288
vt 2.716289 0.359108
vt 2.712320 0.366330
vt 2.702866 0.373059
vt 2.691623 0.378420
vt 2.679297 0.377876
vt 2.669141 0.374290
vt 2.661376 0.353055
vt 2.665225 0.366790
vt 2.663215 0.367503
vt 2.658819 0.353824
vt 2.766672 0.625161
vt 2.776463 0.626299
vt 2.774037 0.639481
vt 2.767890 0.612513
vt 2.778038 0.613123
vt 2.628711 0.611279
vt 2.628792 0.623932
vt 2.618919 0.624891
vt 2.618392 0.611762
vt 2.620344 0.638410
vt 2.633644 0.688069
vt 2.643741 0.686491
vt 2.642630 0.732364
vt 2.646758 0.756270
vt 2.652415 0.754030
vt 2.669606 0.800909
vt 2.670796 0.798476
vt 2.679279 0.807968
vt 2.703878 0.813053
vt 2.691283 0.812514
vt 2.714847 0.810240
vt 2.713406 0.805544
vt 2.722872 0.804598
vt 2.719479 0.799845
vt 2.731578 0.792775
vt 2.744631 0.759726
vt 2.723330 0.238054
vt 2.712110 0.237619
vt 2.698677 0.237027
vt 2.685381 0.236200
vt 2.674276 0.235464
vt 2.669672 0.235187
vt 2.742531 0.670888
vt 2.779091 0.023954
vt 2.775941 0.017053
vt 2.639665 0.673369
vt 2.629977 0.675539
vt 2.912042 0.007986
vt 2.922310 0.008866
vt 2.922397 0.017284
vt 2.912174 0.016800
vt 2.754930 0.624464
vt 2.755726 0.612753
vt 2.847951 0.006430
vt 2.859321 0.006666
vt 2.859829 0.013930
vt 2.847939 0.016449
vt 2.622776 0.677585
vt 2.730698 0.238236
vt 2.723119 0.250486
vt 2.727773 0.238188
vt 2.711734 0.250065
vt 2.698069 0.249423
vt 2.684708 0.248662
vt 2.673574 0.247916
vt 2.666169 0.247529
vt 2.666729 0.234982
vt 2.767040 0.689742
vt 2.770657 0.677999
vt 2.763684 0.676325
vt 2.759714 0.688363
vt 2.753937 0.674097
vt 2.749283 0.686590
vt 2.789274 0.021991
vt 2.787793 0.013991
vt 2.800063 0.012147
vt 2.801510 0.022357
vt 2.691034 0.767414
vt 2.674604 0.768538
vt 2.665191 0.769688
vt 2.656722 0.771768
vt 2.650522 0.775050
vt 2.725743 0.338181
vt 2.723175 0.337884
vt 2.655190 0.340700
vt 2.658188 0.340128
vt 2.742002 0.782955
vt 2.737935 0.780218
vt 2.730893 0.775846
vt 2.720562 0.771516
vt 2.708942 0.768627
vt 2.668047 0.780697
vt 2.671970 0.791372
vt 2.662869 0.793921
vt 2.657017 0.784070
vt 2.660501 0.782146
vt 2.665490 0.792019
vt 2.661752 0.795438
vt 2.655627 0.785188
vt 2.722353 0.348624
vt 2.711489 0.364748
vt 2.714692 0.350262
vt 2.719980 0.348317
vt 2.702427 0.370725
vt 2.705468 0.352341
vt 2.691685 0.375550
vt 2.692965 0.354299
vt 2.679852 0.375170
vt 2.678354 0.354678
vt 2.670098 0.372119
vt 2.667144 0.354469
vt 2.659822 0.308278
vt 2.656599 0.308134
vt 2.753487 0.749604
vt 2.746968 0.747633
vt 2.736506 0.744144
vt 2.724840 0.739698
vt 2.711768 0.736054
vt 2.693026 0.734489
vt 2.673471 0.737343
vt 2.661929 0.740057
vt 2.651266 0.743514
vt 2.641230 0.746965
vt 2.729230 0.310061
vt 2.726444 0.309920
vt 2.717461 0.338348
vt 2.719611 0.329296
vt 2.725609 0.329138
vt 2.707314 0.338756
vt 2.708625 0.329307
vt 2.693817 0.339243
vt 2.694331 0.329309
vt 2.678026 0.339762
vt 2.678577 0.329669
vt 2.664656 0.340241
vt 2.663907 0.329953
vt 2.654244 0.330253
vt 2.657265 0.329914
vt 2.746971 0.772754
vt 2.741978 0.770172
vt 2.733648 0.765888
vt 2.722459 0.761373
vt 2.709923 0.758228
vt 2.691242 0.756896
vt 2.673440 0.758673
vt 2.663240 0.760338
vt 2.652338 0.773896
vt 2.649016 0.765133
vt 2.654091 0.762869
vt 2.646658 0.766362
vt 2.728256 0.329368
vt 2.684617 0.679171
vt 2.709754 0.679686
vt 2.669043 0.662535
vt 2.675501 0.671459
vt 2.660000 0.623189
vt 2.660434 0.633037
vt 2.660296 0.613363
vt 2.735876 0.623306
vt 2.736476 0.613526
vt 2.734280 0.633239
vt 2.718104 0.672077
vt 2.724599 0.662872
vt 2.944370 0.019232
vt 2.944405 0.011175
vt 2.956288 0.013139
vt 2.954875 0.020607
vt 2.728980 0.653227
vt 2.732051 0.643324
vt 2.758078 0.662053
vt 2.746977 0.659073
vt 2.750510 0.647433
vt 2.761761 0.649862
vt 2.771400 0.651825
vt 2.767526 0.664497
vt 2.774335 0.666402
vt 2.778434 0.653217
vt 2.667738 0.222604
vt 2.669866 0.208689
vt 2.672708 0.209392
vt 2.670727 0.222796
vt 2.676315 0.209855
vt 2.674991 0.222772
vt 2.687250 0.207029
vt 2.686139 0.223053
vt 2.699356 0.224043
vt 2.700269 0.207012
vt 2.712650 0.224469
vt 2.713212 0.208418
vt 2.727977 0.225833
vt 2.723800 0.225379
vt 2.723782 0.212444
vt 2.727415 0.212344
vt 2.730338 0.211873
vt 2.730951 0.225929
vt 2.615225 0.652347
vt 2.619061 0.665900
vt 2.626112 0.663963
vt 2.622463 0.650900
vt 2.632288 0.649147
vt 2.635712 0.661541
vt 2.661921 0.643120
vt 2.664692 0.653055
vt 2.870083 0.013577
vt 2.870205 0.006853
vt 2.881060 0.006914
vt 2.880393 0.014012
vt 2.835578 0.018878
vt 2.835964 0.006685
vt 2.824232 0.008903
vt 2.825229 0.020308
vt 2.811565 0.009718
vt 2.814696 0.021936
vt 2.651079 0.670287
vt 2.660893 0.666672
vt 2.666540 0.678594
vt 2.643823 0.646976
vt 2.653431 0.645066
vt 2.656554 0.655849
vt 2.647022 0.658576
vt 2.650690 0.623239
vt 2.651566 0.634351
vt 2.650980 0.612580
vt 2.745200 0.623749
vt 2.745818 0.612887
vt 2.743518 0.634575
vt 2.753119 0.635953
vt 2.737539 0.656343
vt 2.741028 0.645374
vt 2.726224 0.679283
vt 2.732837 0.667480
vt 2.737040 0.683376
vt 2.475728 0.357294
vt 2.477800 0.383165
vt 2.482394 0.420173
vt 2.488410 0.652575
vt 2.495924 0.638737
vt 2.496974 0.624172
vt 2.489333 0.623849
vt 2.488516 0.606488
vt 2.496873 0.606336
vt 2.488361 0.590827
vt 2.496402 0.590856
vt 2.476053 0.556162
vt 2.467283 0.551751
vt 2.494902 0.551330
vt 2.486239 0.550794
vt 2.484989 0.541498
vt 2.487059 0.558741
vt 2.495937 0.560164
vt 2.500000 0.576988
vt 2.488332 0.567041
vt 2.497383 0.569079
vt 2.496572 0.578061
vt 2.488732 0.577171
vt 2.474314 0.563667
vt 2.473543 0.574123
vt 2.454084 0.571803
vt 0.562631 0.071658
vt 0.567585 0.083633
vt 0.571870 0.066785
vt 0.580300 0.056558
vt 0.590753 0.062605
vt 0.581533 0.074790
vt 2.492307 0.041682
vt 2.500000 0.041433
vt 0.568148 0.385919
vt 0.574520 0.389179
vt 0.623259 0.354718
vt 0.695975 0.360459
vt 0.553378 0.442671
vt 0.557840 0.485123
vt 0.566821 0.479572
vt 0.565667 0.504284
vt 0.577377 0.495503
vt 0.587781 0.374241
vt 0.577921 0.520435
vt 0.588616 0.507243
vt 0.671441 0.351037
vt 0.714735 0.498839
vt 0.688748 0.510163
vt 0.533754 0.520481
vt 0.531536 0.492082
vt 0.540796 0.374686
vt 0.555673 0.352350
vt 0.809050 0.540115
vt 0.788621 0.588600
vt 0.700780 0.355410
vt 0.707683 0.351342
vt 0.621951 0.337796
vt 0.583543 0.369071
vt 0.573271 0.362207
vt 0.555894 0.379327
vt 0.542332 0.442082
vt 0.546766 0.491788
vt 0.554369 0.515551
vt 0.595404 0.553446
vt 0.723460 0.507874
vt 0.739596 0.478106
vt 0.730577 0.473140
vt 0.747984 0.421517
vt 0.738371 0.422358
vt 0.728424 0.370143
vt 0.620266 0.731878
vt 0.625446 0.762848
vt 0.629954 0.787675
vt 0.578232 0.103013
vt 0.608174 0.072911
vt 0.596572 0.089568
vt 1.247516 0.530964
vt 1.301093 0.528399
vt 1.354430 0.528457
vt 0.626017 0.556985
vt 0.810665 0.637041
vt 0.758467 0.622719
vt 1.195344 0.543246
vt 1.448312 0.648273
vt 1.433212 0.672525
vt 1.422255 0.690791
vt 1.383535 0.753573
vt 1.377907 0.764119
vt 0.605456 0.819335
vt 0.589176 0.791534
vt 0.574497 0.767237
vt 0.555662 0.736858
vt 0.510557 0.666398
vt 1.481678 0.601233
vt 1.284583 0.621018
vt 1.327118 0.614460
vt 1.363969 0.613144
vt 1.394258 0.614270
vt 1.447785 0.620615
vt 1.464626 0.623799
vt 0.898921 0.614957
vt 0.913916 0.654349
vt 0.923443 0.687432
vt 0.928867 0.721804
vt 0.929103 0.755249
vt 0.924644 0.789349
vt 0.914544 0.822310
vt 0.899956 0.853502
vt 0.880387 0.881343
vt 0.856829 0.904392
vt 0.830542 0.963123
vt 0.817823 0.932422
vt 0.832155 0.921583
vt 0.535946 0.705904
vt 0.615759 0.701121
vt 0.645494 0.703302
vt 0.679888 0.707280
vt 0.756669 0.737659
vt 0.720696 0.718175
vt 1.243922 0.634634
vt 0.902867 0.624827
vt 0.879371 0.641820
vt 0.855862 0.659949
vt 0.839104 0.675427
vt 0.803802 0.726167
vt 0.799052 0.737158
vt 0.810422 0.742020
vt 0.831138 0.750933
vt 0.820486 0.746607
vt 0.816979 0.773300
vt 0.825370 0.772407
vt 1.373391 0.761592
vt 0.635692 0.877168
vt 0.640065 0.874733
vt 0.613480 0.816378
vt 0.813418 0.730021
vt 0.807278 0.755039
vt 0.630809 0.865626
vt 0.635018 0.863380
vt 0.648221 0.854360
vt 0.655695 0.848327
vt 0.827982 0.723163
vt 0.834844 0.729384
vt 0.833456 0.738959
vt 0.823203 0.734628
vt 0.828188 0.762959
vt 0.817668 0.759132
vt 1.490121 0.591230
vt 0.974566 0.759453
vt 0.973337 0.715914
vt 0.966343 0.672143
vt 0.876222 0.952888
vt 0.905234 0.925120
vt 0.933749 0.888138
vt 0.954835 0.848112
vt 0.968498 0.804749
vt 1.389201 0.735827
vt 1.409537 0.712101
vt 1.393525 0.737704
vt 0.808872 0.709723
vt 0.821018 0.691238
vt 0.791677 0.797842
vt 0.792090 0.770563
vt 0.627003 0.845479
vt 0.621728 0.847916
vt 0.640540 0.837664
vt 0.648149 0.833957
vt 0.654150 0.865422
vt 0.662321 0.859217
vt 1.358997 0.751403
vt 1.350359 0.744814
vt 1.366356 0.741795
vt 1.358829 0.735416
vt 1.375494 0.728951
vt 1.367793 0.724978
vt 0.823297 0.693799
vt 0.817391 0.716761
vt 0.811133 0.711620
vt 0.805770 0.772459
vt 0.796509 0.770614
vt 0.797170 0.750593
vt 1.492589 0.610364
vt 1.491509 0.600530
vt 1.486524 0.617828
vt 1.484370 0.609191
vt 1.472578 0.635724
vt 1.468999 0.629294
vt 1.452320 0.654126
vt 1.455372 0.660605
vt 1.436785 0.678916
vt 1.439204 0.685617
vt 1.425157 0.697737
vt 1.426884 0.704879
vt 1.398274 0.739860
vt 1.412303 0.718687
vt 1.414101 0.724946
vt 1.402093 0.741898
vt 1.388906 0.754411
vt 1.393412 0.754998
vt 1.383559 0.764816
vt 1.388127 0.764973
vt 0.630169 0.877123
vt 0.625732 0.876716
vt 0.625739 0.865351
vt 0.621666 0.864875
vt 0.617063 0.848166
vt 0.613313 0.848180
vt 0.602919 0.823079
vt 0.601364 0.826643
vt 0.587291 0.796198
vt 0.586633 0.801110
vt 0.572499 0.771752
vt 0.571674 0.777243
vt 0.553875 0.740674
vt 0.552394 0.746659
vt 0.534041 0.709249
vt 0.532214 0.715451
vt 0.511075 0.677313
vt 0.511630 0.685906
vt 0.921696 0.609936
vt 0.915727 0.601735
vt 0.922757 0.596370
vt 0.929268 0.591170
vt 0.927892 0.601488
vt 0.869774 0.929751
vt 0.872614 0.942394
vt 0.891098 0.895905
vt 0.897740 0.908364
vt 0.914651 0.866919
vt 0.922961 0.876302
vt 0.940162 0.838735
vt 0.948270 0.843881
vt 0.954373 0.801093
vt 0.961931 0.803018
vt 0.959851 0.760259
vt 0.967705 0.759866
vt 0.948384 0.720883
vt 0.958979 0.718881
vt 0.937783 0.683717
vt 0.948889 0.679714
vt 0.842141 0.980769
vt 0.845658 0.957720
vt 0.838097 0.976383
vt 0.834643 0.972606
vt 0.941566 0.638875
vt 0.932013 0.645335
vt 0.840476 0.978966
vt 0.874467 0.947975
vt 0.901070 0.914904
vt 0.927158 0.881307
vt 0.952351 0.846380
vt 0.965709 0.803986
vt 0.971633 0.759690
vt 0.967690 0.716969
vt 0.957503 0.675641
vt 0.948074 0.633081
vt 0.933546 0.590037
vt 0.939703 0.588419
vt 0.953146 0.628601
vt 0.974634 0.140037
vt 0.961149 0.143688
vt 0.978166 0.185168
vt 0.964653 0.185140
vt 0.971330 0.230289
vt 0.958184 0.227102
vt 0.955005 0.274557
vt 0.931540 0.311797
vt 0.919568 0.303372
vt 0.942818 0.267322
vt 0.752773 0.018349
vt 0.754574 0.032363
vt 0.798206 0.014171
vt 0.797934 0.027799
vt 0.840144 0.017907
vt 0.838879 0.031184
vt 0.886258 0.033249
vt 0.880345 0.045635
vt 0.925478 0.059375
vt 0.916159 0.069899
vt 0.955664 0.096232
vt 0.943828 0.103638
vt 0.949767 0.147131
vt 0.953251 0.185250
vt 0.946983 0.224672
vt 0.909991 0.296257
vt 0.932105 0.262194
vt 0.756807 0.044617
vt 0.797762 0.040030
vt 0.837071 0.043641
vt 0.875259 0.057208
vt 0.908420 0.079383
vt 0.933895 0.110338
vt 0.937569 0.151412
vt 0.941627 0.186056
vt 0.935466 0.222444
vt 0.900420 0.288532
vt 0.921132 0.257168
vt 0.760000 0.058700
vt 0.797838 0.053969
vt 0.834667 0.057494
vt 0.869799 0.069894
vt 0.900113 0.090102
vt 0.923229 0.118056
vt 0.924995 0.156406
vt 0.928725 0.188126
vt 0.922663 0.220355
vt 0.891356 0.280718
vt 0.910277 0.252103
vt 0.763821 0.073043
vt 0.798461 0.068842
vt 0.831656 0.074081
vt 0.863009 0.085496
vt 0.891253 0.101640
vt 0.912123 0.126549
vt 0.911916 0.162114
vt 0.915874 0.190739
vt 0.911590 0.219148
vt 0.882362 0.272494
vt 0.900236 0.247513
vt 0.768804 0.089354
vt 0.799637 0.084055
vt 0.829194 0.088253
vt 0.857606 0.098102
vt 0.882324 0.113335
vt 0.900521 0.135774
vt 0.899031 0.168091
vt 0.902436 0.193071
vt 0.899135 0.218445
vt 0.873592 0.263955
vt 0.889372 0.242603
vt 0.774704 0.106368
vt 0.800981 0.101271
vt 0.827376 0.103101
vt 0.851955 0.111471
vt 0.872985 0.125813
vt 0.889024 0.145142
vt 0.881338 0.176276
vt 0.884308 0.196119
vt 0.881926 0.216208
vt 0.861755 0.251448
vt 0.874302 0.235148
vt 0.783301 0.128149
vt 0.803549 0.123521
vt 0.824214 0.124687
vt 0.843616 0.131259
vt 0.860323 0.142657
vt 0.873178 0.158030
vt 0.861881 0.184290
vt 0.864209 0.198302
vt 0.862745 0.212407
vt 0.848759 0.236520
vt 0.857520 0.225534
vt 0.793444 0.150662
vt 0.807167 0.147088
vt 0.821425 0.147761
vt 0.834970 0.152381
vt 0.846753 0.160468
vt 0.855931 0.171372
vt 0.840373 0.191327
vt 0.841784 0.198805
vt 0.841212 0.206280
vt 0.834275 0.218840
vt 0.838671 0.213165
vt 0.804600 0.173038
vt 0.811551 0.171219
vt 0.818870 0.171652
vt 0.825921 0.174177
vt 0.832147 0.178542
vt 0.837084 0.184404
vt 2.637980 0.469037
vt 2.641050 0.476045
vt 2.966151 0.402723
vt 2.971967 0.404476
vt 2.969993 0.411621
vt 2.963556 0.410316
vt 2.960012 0.400431
vt 2.955193 0.409132
vt 2.953676 0.397011
vt 2.947256 0.404702
vt 2.947369 0.392815
vt 2.941065 0.400804
vt 2.941255 0.388365
vt 2.934258 0.396314
vt 2.936059 0.383140
vt 2.682775 0.431549
vt 2.681311 0.424486
vt 2.690577 0.423945
vt 2.691314 0.431946
vt 2.682128 0.438577
vt 2.690698 0.442275
vt 2.679277 0.443662
vt 2.687794 0.449429
vt 2.675216 0.447484
vt 2.681920 0.454571
vt 2.669507 0.451846
vt 2.675333 0.460037
vt 2.663088 0.456291
vt 2.669203 0.464437
vt 2.656411 0.460518
vt 2.662085 0.468868
vt 2.649908 0.464121
vt 2.654984 0.472835
vt 2.643788 0.466806
vt 2.647591 0.474637
vt 2.867851 0.441442
vt 2.871749 0.446477
vt 2.864040 0.444168
vt 2.740531 0.487546
vt 2.743986 0.482879
vt 2.744612 0.491299
vt 2.747599 0.486821
vt 2.747855 0.494233
vt 2.750483 0.489125
vt 2.884510 0.449281
vt 2.695399 0.455328
vt 2.697343 0.445645
vt 2.711368 0.459186
vt 2.694143 0.424081
vt 2.696873 0.432432
vt 2.928358 0.387430
vt 2.926952 0.402233
vt 2.925172 0.387888
vt 2.718983 0.475543
vt 2.723166 0.470147
vt 2.734767 0.480576
vt 2.729719 0.485758
vt 2.876908 0.440855
vt 2.872328 0.436162
vt 2.906890 0.419899
vt 2.913224 0.423115
vt 2.927965 0.430494
vt 2.920582 0.426809
vt 2.935637 0.433782
vt 2.943171 0.436836
vt 2.955875 0.441878
vt 2.949590 0.439620
vt 2.961899 0.443656
vt 2.648582 0.509153
vt 2.654325 0.506716
vt 2.692934 0.469842
vt 2.701719 0.481243
vt 2.708272 0.465613
vt 2.705713 0.473197
vt 2.920095 0.413491
vt 2.887572 0.405429
vt 2.889254 0.416204
vt 2.893551 0.409828
vt 2.899813 0.414937
vt 2.899693 0.427885
vt 2.894297 0.421351
vt 2.881964 0.419807
vt 2.891099 0.436278
vt 2.888612 0.426155
vt 2.730053 0.459149
vt 2.726744 0.464911
vt 2.725064 0.445937
vt 2.732993 0.453773
vt 2.732407 0.441414
vt 2.737384 0.449459
vt 2.743227 0.437987
vt 2.745431 0.444934
vt 2.752201 0.441239
vt 2.939645 0.719421
vt 2.933312 0.690974
vt 2.785228 0.722773
vt 2.776273 0.720927
vt 2.782024 0.692374
vt 2.789884 0.693818
vt 2.794898 0.724482
vt 2.798696 0.695309
vt 2.805484 0.725996
vt 2.808721 0.696739
vt 2.816697 0.727204
vt 2.819554 0.697935
vt 2.827971 0.728075
vt 2.830434 0.698782
vt 2.838732 0.728567
vt 2.840593 0.699234
vt 2.848669 0.728751
vt 2.849590 0.699372
vt 2.857969 0.728740
vt 2.857653 0.699335
vt 2.867808 0.728530
vt 2.866780 0.699163
vt 2.877318 0.728161
vt 2.874988 0.698863
vt 2.888068 0.727479
vt 2.885116 0.698239
vt 2.899327 0.726401
vt 2.895954 0.697208
vt 2.910520 0.724996
vt 2.906740 0.695823
vt 2.921078 0.723292
vt 2.916716 0.694217
vt 2.930719 0.721415
vt 2.925486 0.692566
vt 2.946560 0.807180
vt 2.942603 0.778644
vt 2.933763 0.809343
vt 2.930594 0.780890
vt 2.921056 0.811261
vt 2.918412 0.782821
vt 2.908407 0.812770
vt 2.906121 0.784345
vt 2.895824 0.813732
vt 2.893866 0.785358
vt 2.883323 0.814243
vt 2.881823 0.785955
vt 2.870909 0.814462
vt 2.870057 0.786257
vt 2.858574 0.814544
vt 2.858489 0.786389
vt 2.846279 0.814582
vt 2.846931 0.786445
vt 2.833968 0.814632
vt 2.835186 0.786350
vt 2.821627 0.814388
vt 2.823180 0.785977
vt 2.809245 0.813761
vt 2.810978 0.785218
vt 2.796799 0.812433
vt 2.798730 0.783934
vt 2.784231 0.810776
vt 2.786554 0.782271
vt 2.771487 0.808950
vt 2.758411 0.807266
vt 2.762586 0.778070
vt 2.774525 0.780308
vt 2.959574 0.805055
vt 2.954500 0.776125
vt 2.964272 0.874093
vt 2.960909 0.846364
vt 2.769978 0.878036
vt 2.755416 0.875855
vt 2.757908 0.848002
vt 2.771386 0.849619
vt 2.783373 0.879981
vt 2.784366 0.851325
vt 2.795494 0.881541
vt 2.796493 0.852843
vt 2.806897 0.882688
vt 2.807991 0.853958
vt 2.818352 0.883338
vt 2.819525 0.854580
vt 2.830619 0.883664
vt 2.831792 0.854837
vt 2.844267 0.883735
vt 2.845048 0.854875
vt 2.859165 0.883628
vt 2.859005 0.854779
vt 2.874387 0.883351
vt 2.873352 0.854588
vt 2.888231 0.882925
vt 2.886584 0.854138
vt 2.900598 0.882283
vt 2.898884 0.853511
vt 2.912126 0.881356
vt 2.910481 0.852565
vt 2.923604 0.880062
vt 2.922046 0.851365
vt 2.935818 0.878379
vt 2.934197 0.849798
vt 2.949396 0.876340
vt 2.947138 0.848068
vt 2.956625 0.932117
vt 2.942229 0.934963
vt 2.929254 0.937135
vt 2.917013 0.938887
vt 2.904682 0.940128
vt 2.891332 0.941039
vt 2.876279 0.941638
vt 2.859859 0.941867
vt 2.843555 0.941691
vt 2.828728 0.941123
vt 2.815510 0.940289
vt 2.803290 0.939432
vt 2.791100 0.938162
vt 2.778039 0.936471
vt 2.747947 0.931208
vt 2.763607 0.934109
vt 2.972260 0.928686
vt 2.659047 0.558643
vt 2.662052 0.560851
vt 2.664912 0.563086
vt 2.667695 0.565400
vt 2.670445 0.567883
vt 2.940947 0.502862
vt 2.943662 0.500807
vt 2.946981 0.498486
vt 2.950426 0.496315
vt 2.953358 0.494533
vt 2.641297 0.590358
vt 2.967300 0.528057
vt 2.962931 0.529714
vt 2.645471 0.592426
vt 2.970481 0.524651
vt 2.638728 0.586465
vt 2.959386 0.502561
vt 2.956084 0.504572
vt 2.952811 0.506698
vt 2.949652 0.508984
vt 2.946612 0.511361
vt 2.664104 0.575923
vt 2.661439 0.573396
vt 2.658477 0.570748
vt 2.655370 0.568266
vt 2.652432 0.566058
vt 2.646898 0.566466
vt 2.964844 0.503477
vt 2.945619 0.516786
vt 2.664571 0.581528
vt 2.656640 0.561331
vt 2.659521 0.563499
vt 2.662542 0.565913
vt 2.665486 0.568413
vt 2.673242 0.570514
vt 2.671012 0.573474
vt 2.668147 0.570829
vt 2.937883 0.505304
vt 2.939901 0.508372
vt 2.942980 0.505969
vt 2.946052 0.503740
vt 2.949192 0.501588
vt 2.952358 0.499467
vt 2.956701 0.492460
vt 2.958856 0.495288
vt 2.955550 0.497390
vt 2.655917 0.556384
vt 2.653514 0.559006
vt 2.649267 0.563743
vt 2.962729 0.500489
vt 2.961441 0.505479
vt 2.958354 0.507307
vt 2.954828 0.509567
vt 2.951448 0.512040
vt 2.948647 0.514270
vt 2.943525 0.513808
vt 2.666947 0.578654
vt 2.661836 0.578709
vt 2.659077 0.575957
vt 2.656223 0.573398
vt 2.653250 0.570985
vt 2.650102 0.568698
vt 2.644524 0.569409
vt 2.963556 0.508470
vt 2.967092 0.506609
vt 2.960169 0.510369
vt 2.956850 0.512483
vt 2.953678 0.514804
vt 2.950693 0.517272
vt 2.947777 0.519875
vt 2.659349 0.581446
vt 2.661962 0.584420
vt 2.656860 0.578730
vt 2.653971 0.576028
vt 2.650872 0.573578
vt 2.647822 0.571521
vt 2.654541 0.563688
vt 2.657444 0.565890
vt 2.660500 0.568345
vt 2.663457 0.570916
vt 2.669008 0.576058
vt 2.666137 0.573382
vt 2.941684 0.511092
vt 2.944762 0.508693
vt 2.947865 0.506369
vt 2.951014 0.504158
vt 2.954222 0.502023
vt 2.960802 0.497845
vt 2.957498 0.499937
vt 2.651400 0.561349
vt 2.641391 0.573706
vt 2.966301 0.512742
vt 2.969956 0.511370
vt 2.962770 0.514369
vt 2.959486 0.516355
vt 2.956453 0.518676
vt 2.953686 0.521332
vt 2.951057 0.524143
vt 2.655750 0.585016
vt 2.658028 0.588253
vt 2.653706 0.582462
vt 2.650865 0.579601
vt 2.647639 0.577203
vt 2.644837 0.575534
vt 2.666560 0.550384
vt 2.669606 0.551998
vt 2.672796 0.553824
vt 2.675668 0.555949
vt 2.680145 0.561062
vt 2.677966 0.558183
vt 2.931190 0.495147
vt 2.933771 0.492458
vt 2.936608 0.490239
vt 2.939819 0.488442
vt 2.943185 0.486823
vt 2.950308 0.483690
vt 2.946724 0.485305
vt 2.663150 0.548639
vt 2.660642 0.551394
vt 2.657964 0.554226
vt 2.949162 0.488691
vt 2.952604 0.486849
vt 2.954934 0.490066
vt 2.951568 0.492057
vt 2.945757 0.490415
vt 2.948250 0.493875
vt 2.942490 0.492203
vt 2.945035 0.495761
vt 2.939420 0.494198
vt 2.942012 0.497879
vt 2.936528 0.496489
vt 2.939108 0.500206
vt 2.933667 0.499044
vt 2.936114 0.502679
vt 2.675071 0.561757
vt 2.677584 0.564541
vt 2.675094 0.567972
vt 2.672372 0.565297
vt 2.672696 0.559442
vt 2.669855 0.562977
vt 2.669883 0.557205
vt 2.666998 0.560606
vt 2.666862 0.555162
vt 2.663993 0.558383
vt 2.663926 0.553379
vt 2.661139 0.556405
vt 2.669972 0.544477
vt 2.668775 0.547401
vt 2.674176 0.545412
vt 2.672224 0.548697
vt 2.678842 0.546651
vt 2.675889 0.550266
vt 2.682944 0.548829
vt 2.679099 0.552354
vt 2.685352 0.552115
vt 2.685237 0.556603
vt 2.682717 0.557951
vt 2.681316 0.554750
vt 2.926302 0.488091
vt 2.928702 0.491606
vt 2.926895 0.484702
vt 2.930698 0.488408
vt 2.930084 0.482004
vt 2.933529 0.486189
vt 2.934617 0.480598
vt 2.937091 0.484559
vt 2.939104 0.479665
vt 2.940866 0.483237
vt 2.943437 0.478815
vt 2.947459 0.478041
vt 2.948569 0.480749
vt 2.944711 0.482021
vt 2.665750 0.543885
vt 2.665064 0.546149
vt 2.638808 0.578094
vt 2.637980 0.581615
vt 2.968181 0.517035
vt 2.971843 0.516404
vt 2.971967 0.520065
vt 2.968867 0.520006
vt 2.964872 0.518115
vt 2.967017 0.522099
vt 2.961824 0.519753
vt 2.964441 0.523730
vt 2.959143 0.521964
vt 2.961948 0.525496
vt 2.956836 0.524653
vt 2.959313 0.526392
vt 2.954776 0.527774
vt 2.958057 0.529392
vt 2.652232 0.587988
vt 2.653764 0.591393
vt 2.650324 0.592526
vt 2.649616 0.589515
vt 2.650575 0.585513
vt 2.647380 0.587639
vt 2.648135 0.582732
vt 2.645372 0.585810
vt 2.645055 0.580642
vt 2.643308 0.584040
vt 2.642370 0.579292
vt 2.641191 0.582046
vt 2.692571 0.573169
vt 2.697140 0.573040
vt 2.701596 0.573055
vt 2.706048 0.573217
vt 2.710597 0.573541
vt 2.899447 0.508441
vt 2.903545 0.508763
vt 2.908367 0.509341
vt 2.913147 0.510210
vt 2.917168 0.511083
vt 2.699545 0.616977
vt 2.901851 0.552667
vt 2.896583 0.550519
vt 2.705121 0.615814
vt 2.907512 0.552274
vt 2.694134 0.615175
vt 2.915903 0.523310
vt 2.911325 0.522330
vt 2.906683 0.521508
vt 2.902003 0.520954
vt 2.897335 0.520593
vt 2.710543 0.585976
vt 2.706066 0.585584
vt 2.701205 0.585287
vt 2.696335 0.585232
vt 2.691836 0.585308
vt 2.686885 0.589831
vt 2.920057 0.528731
vt 2.891857 0.524631
vt 2.715152 0.590921
vt 2.692302 0.577585
vt 2.696717 0.577522
vt 2.701460 0.577578
vt 2.706196 0.577770
vt 2.715305 0.573962
vt 2.715344 0.578454
vt 2.710592 0.578078
vt 2.894722 0.508136
vt 2.893904 0.512459
vt 2.898637 0.512822
vt 2.903197 0.513311
vt 2.907732 0.513938
vt 2.912254 0.514651
vt 2.921794 0.512101
vt 2.921414 0.516425
vt 2.916764 0.515478
vt 2.687839 0.573339
vt 2.687529 0.577679
vt 2.687047 0.585434
vt 2.920591 0.524293
vt 2.915361 0.527648
vt 2.911096 0.526697
vt 2.906084 0.525780
vt 2.901021 0.525196
vt 2.896668 0.524883
vt 2.892555 0.520257
vt 2.715307 0.586417
vt 2.710431 0.590340
vt 2.705713 0.589806
vt 2.701048 0.589512
vt 2.696381 0.589430
vt 2.691640 0.589588
vt 2.686821 0.594445
vt 2.914763 0.532086
vt 2.919461 0.533387
vt 2.910171 0.530953
vt 2.905459 0.530079
vt 2.900707 0.529525
vt 2.896001 0.529271
vt 2.891164 0.529170
vt 2.710140 0.594826
vt 2.714859 0.595651
vt 2.705693 0.594115
vt 2.700880 0.593709
vt 2.696058 0.593690
vt 2.691580 0.594005
vt 2.692060 0.581444
vt 2.696528 0.581388
vt 2.701337 0.581453
vt 2.706135 0.581697
vt 2.715348 0.582415
vt 2.710582 0.582029
vt 2.893197 0.516322
vt 2.897940 0.516695
vt 2.902607 0.517140
vt 2.907206 0.517743
vt 2.911783 0.518490
vt 2.921047 0.520322
vt 2.916385 0.519385
vt 2.687272 0.581531
vt 2.687061 0.600929
vt 2.913670 0.538179
vt 2.918068 0.540009
vt 2.909170 0.536686
vt 2.904593 0.535727
vt 2.899957 0.535280
vt 2.895270 0.535362
vt 2.890647 0.535751
vt 2.709375 0.600953
vt 2.714093 0.602317
vt 2.705491 0.600058
vt 2.700606 0.599463
vt 2.695699 0.599591
vt 2.691750 0.600096
vt 2.693298 0.558177
vt 2.697433 0.557371
vt 2.702001 0.556851
vt 2.706525 0.556995
vt 2.714896 0.558780
vt 2.710559 0.557549
vt 2.897424 0.493308
vt 2.901905 0.492659
vt 2.906253 0.492608
vt 2.910634 0.493267
vt 2.914966 0.494375
vt 2.923360 0.497940
vt 2.919141 0.495964
vt 2.688839 0.559340
vt 2.688665 0.564252
vt 2.688163 0.569496
vt 2.918359 0.501603
vt 2.922776 0.503014
vt 2.922186 0.508282
vt 2.917632 0.507145
vt 2.914050 0.500255
vt 2.913285 0.506010
vt 2.909771 0.499329
vt 2.908951 0.505151
vt 2.905439 0.498809
vt 2.904569 0.504668
vt 2.900995 0.498702
vt 2.900088 0.504471
vt 2.896393 0.498782
vt 2.895414 0.504268
vt 2.710424 0.563532
vt 2.714939 0.564324
vt 2.715196 0.569953
vt 2.710509 0.569428
vt 2.706338 0.563065
vt 2.706285 0.569048
vt 2.701861 0.562865
vt 2.701711 0.568825
vt 2.697367 0.563119
vt 2.697136 0.568919
vt 2.693232 0.563605
vt 2.692880 0.569185
vt 2.692590 0.553066
vt 2.696979 0.551625
vt 2.701910 0.544601
vt 2.702121 0.550630
vt 2.708681 0.543904
vt 2.707183 0.550596
vt 2.714248 0.545864
vt 2.717063 0.550336
vt 2.715274 0.553673
vt 2.711431 0.551473
vt 2.897565 0.485094
vt 2.898088 0.488291
vt 2.900215 0.480790
vt 2.901986 0.486669
vt 2.906079 0.479838
vt 2.906601 0.486278
vt 2.912623 0.481021
vt 2.911561 0.487067
vt 2.918796 0.483358
vt 2.916376 0.488598
vt 2.924283 0.493662
vt 2.920625 0.490880
vt 2.688467 0.555205
vt 2.687895 0.607082
vt 2.689757 0.611084
vt 2.911784 0.543566
vt 2.915571 0.546059
vt 2.912643 0.549422
vt 2.909931 0.546785
vt 2.907939 0.541772
vt 2.906546 0.547110
vt 2.903862 0.540699
vt 2.902897 0.546424
vt 2.899637 0.540448
vt 2.899211 0.545932
vt 2.895350 0.540943
vt 2.896119 0.544548
vt 2.890937 0.542046
vt 2.892512 0.546196
vt 2.708274 0.606455
vt 2.712327 0.608560
vt 2.709865 0.612247
vt 2.706914 0.609893
vt 2.704807 0.605340
vt 2.703345 0.609783
vt 2.700359 0.604517
vt 2.700032 0.609543
vt 2.695821 0.604831
vt 2.696710 0.609400
vt 2.692222 0.605555
vt 2.693169 0.609082
vt 2.777442 0.515374
vt 2.776884 0.510096
vt 2.776547 0.504912
vt 2.776369 0.499698
vt 2.776301 0.494354
vt 2.832190 0.448262
vt 2.833648 0.452929
vt 2.835277 0.458527
vt 2.836638 0.464161
vt 2.837617 0.468907
vt 2.823043 0.502399
vt 2.790042 0.468634
vt 2.790132 0.462032
vt 2.821085 0.496140
vt 2.792821 0.474608
vt 2.821631 0.508815
vt 2.824887 0.472288
vt 2.823994 0.466905
vt 2.822870 0.461505
vt 2.821427 0.456177
vt 2.819791 0.450959
vt 2.789100 0.493135
vt 2.789062 0.498351
vt 2.789209 0.503999
vt 2.789694 0.509624
vt 2.790340 0.514790
vt 2.795788 0.519961
vt 2.821123 0.478866
vt 2.813607 0.446740
vt 2.793913 0.487250
vt 2.782165 0.515165
vt 2.781617 0.510068
vt 2.781228 0.504556
vt 2.781008 0.499025
vt 2.776231 0.488864
vt 2.780852 0.488364
vt 2.780935 0.493888
vt 2.830551 0.442950
vt 2.826120 0.443900
vt 2.827729 0.449205
vt 2.829202 0.454415
vt 2.830576 0.459663
vt 2.831869 0.464920
vt 2.838642 0.474343
vt 2.834043 0.475609
vt 2.833020 0.470181
vt 2.778138 0.520809
vt 2.782839 0.520647
vt 2.791127 0.520272
vt 2.825783 0.477767
vt 2.820386 0.473349
vt 2.819654 0.468340
vt 2.818523 0.462526
vt 2.816968 0.456804
vt 2.815417 0.451986
vt 2.818106 0.445662
vt 2.789159 0.487585
vt 2.793645 0.492821
vt 2.793459 0.498318
vt 2.793601 0.503724
vt 2.794050 0.509103
vt 2.794849 0.514536
vt 2.800651 0.519477
vt 2.815783 0.474379
vt 2.816237 0.479998
vt 2.815148 0.468961
vt 2.814127 0.463525
vt 2.812694 0.458187
vt 2.810928 0.453030
vt 2.808935 0.447897
vt 2.798340 0.492721
vt 2.798925 0.487159
vt 2.797928 0.497899
vt 2.797963 0.503466
vt 2.798516 0.508997
vt 2.799472 0.514089
vt 2.786254 0.514984
vt 2.785674 0.509840
vt 2.785235 0.504266
vt 2.785048 0.498678
vt 2.784966 0.487961
vt 2.785008 0.493496
vt 2.822144 0.444737
vt 2.823761 0.450033
vt 2.825315 0.455313
vt 2.826700 0.460591
vt 2.827921 0.465907
vt 2.829953 0.476728
vt 2.828971 0.471290
vt 2.786968 0.520474
vt 2.807439 0.518414
vt 2.809383 0.475502
vt 2.809107 0.480977
vt 2.809190 0.470072
vt 2.808336 0.464792
vt 2.806859 0.459673
vt 2.804754 0.454736
vt 2.802332 0.449898
vt 2.804784 0.492970
vt 2.805998 0.487541
vt 2.804111 0.497508
vt 2.803938 0.503161
vt 2.804684 0.508749
vt 2.805797 0.513183
vt 2.759684 0.516207
vt 2.759050 0.511636
vt 2.759005 0.506470
vt 2.759458 0.501171
vt 2.760537 0.490824
vt 2.759973 0.496255
vt 2.846005 0.439157
vt 2.848157 0.444278
vt 2.850346 0.449288
vt 2.852316 0.454255
vt 2.854043 0.459275
vt 2.855754 0.469692
vt 2.855169 0.464388
vt 2.761138 0.521136
vt 2.767441 0.520931
vt 2.773758 0.520897
vt 2.848444 0.466175
vt 2.849277 0.471575
vt 2.842960 0.473196
vt 2.841974 0.467813
vt 2.847372 0.460982
vt 2.840989 0.462587
vt 2.845931 0.455902
vt 2.839729 0.457440
vt 2.844170 0.450855
vt 2.838090 0.452352
vt 2.842242 0.445769
vt 2.836295 0.447260
vt 2.840377 0.440545
vt 2.834606 0.442011
vt 2.765898 0.495639
vt 2.766112 0.490215
vt 2.772014 0.489395
vt 2.772021 0.494890
vt 2.765681 0.500548
vt 2.771995 0.499881
vt 2.765557 0.505840
vt 2.772049 0.505273
vt 2.765812 0.511034
vt 2.772406 0.510602
vt 2.766421 0.515743
vt 2.772985 0.515495
vt 2.745639 0.519896
vt 2.752696 0.517315
vt 2.744556 0.514010
vt 2.751949 0.512639
vt 2.745604 0.507425
vt 2.752312 0.507097
vt 2.747806 0.500707
vt 2.753269 0.501574
vt 2.749466 0.495702
vt 2.751601 0.490212
vt 2.755598 0.491040
vt 2.754388 0.496459
vt 2.855265 0.435341
vt 2.851038 0.437516
vt 2.858506 0.440122
vt 2.853629 0.442461
vt 2.861811 0.445122
vt 2.856303 0.447450
vt 2.865173 0.450380
vt 2.858836 0.452489
vt 2.868302 0.455907
vt 2.860995 0.457640
vt 2.869696 0.461877
vt 2.867600 0.466947
vt 2.862020 0.467992
vt 2.862141 0.462832
vt 2.750973 0.523265
vt 2.755083 0.521594
vt 2.813772 0.516702
vt 2.817720 0.514177
vt 2.803403 0.475559
vt 2.802191 0.480617
vt 2.797772 0.478883
vt 2.799523 0.474896
vt 2.803767 0.470724
vt 2.797908 0.471405
vt 2.803237 0.465942
vt 2.797141 0.467180
vt 2.801737 0.461347
vt 2.796107 0.463003
vt 2.799398 0.456996
vt 2.796175 0.459172
vt 2.796309 0.452753
vt 2.792876 0.456007
vt 2.810589 0.493702
vt 2.812669 0.488911
vt 2.816732 0.491234
vt 2.814311 0.494854
vt 2.809649 0.497746
vt 2.814404 0.498897
vt 2.809188 0.502896
vt 2.814472 0.502710
vt 2.810097 0.508017
vt 2.814731 0.506518
vt 2.811394 0.511996
vt 2.814962 0.510543
vt 2.743785 0.563516
vt 2.747761 0.559521
vt 2.751762 0.555707
vt 2.755867 0.552005
vt 2.760138 0.548327
vt 2.857719 0.496303
vt 2.862203 0.498535
vt 2.867405 0.501365
vt 2.872427 0.504493
vt 2.876571 0.507288
vt 2.786871 0.594234
vt 2.840742 0.545997
vt 2.835810 0.541168
vt 2.790658 0.588454
vt 2.847278 0.548167
vt 2.780689 0.597340
vt 2.869642 0.520167
vt 2.864955 0.516955
vt 2.860115 0.513902
vt 2.855101 0.511143
vt 2.850012 0.508611
vt 2.770320 0.558796
vt 2.766108 0.562309
vt 2.761629 0.566236
vt 2.757350 0.570378
vt 2.753521 0.574309
vt 2.753111 0.582337
vt 2.871851 0.528087
vt 2.842060 0.510531
vt 2.778399 0.559006
vt 2.747349 0.567451
vt 2.751180 0.563623
vt 2.755418 0.559598
vt 2.759749 0.555674
vt 2.764543 0.544596
vt 2.768247 0.548352
vt 2.763841 0.552136
vt 2.852544 0.493785
vt 2.849736 0.498131
vt 2.854895 0.500708
vt 2.859817 0.503337
vt 2.864652 0.506103
vt 2.869428 0.508962
vt 2.881314 0.510537
vt 2.878922 0.515149
vt 2.874131 0.511950
vt 2.739777 0.567671
vt 2.743284 0.571602
vt 2.749509 0.578525
vt 2.874443 0.523444
vt 2.867093 0.524689
vt 2.862750 0.521647
vt 2.857540 0.518309
vt 2.852112 0.515337
vt 2.847357 0.513002
vt 2.844787 0.506054
vt 2.774794 0.555082
vt 2.773839 0.562552
vt 2.769306 0.566140
vt 2.765024 0.569891
vt 2.760925 0.573829
vt 2.756979 0.578041
vt 2.756964 0.586252
vt 2.864426 0.529280
vt 2.869080 0.532928
vt 2.859808 0.525880
vt 2.854928 0.522732
vt 2.849844 0.519938
vt 2.844672 0.517512
vt 2.839275 0.515204
vt 2.777323 0.566555
vt 2.782094 0.563231
vt 2.772879 0.569751
vt 2.768384 0.573529
vt 2.764220 0.577655
vt 2.760651 0.581777
vt 2.750432 0.570888
vt 2.754279 0.567011
vt 2.758544 0.562931
vt 2.762945 0.559005
vt 2.771514 0.551680
vt 2.767088 0.555455
vt 2.847247 0.502036
vt 2.852413 0.504621
vt 2.857468 0.507249
vt 2.862372 0.510022
vt 2.867184 0.512955
vt 2.876746 0.519279
vt 2.871946 0.516073
vt 2.746372 0.575061
vt 2.762650 0.591463
vt 2.860469 0.535447
vt 2.864530 0.539548
vt 2.856129 0.531692
vt 2.851450 0.528514
vt 2.846460 0.525896
vt 2.841163 0.523860
vt 2.835790 0.522209
vt 2.781775 0.572336
vt 2.787008 0.569488
vt 2.777667 0.574884
vt 2.772959 0.578556
vt 2.768864 0.582880
vt 2.765926 0.586709
vt 2.730685 0.549315
vt 2.734127 0.545418
vt 2.738198 0.541356
vt 2.742699 0.537733
vt 2.751636 0.531676
vt 2.746913 0.534675
vt 2.862157 0.478495
vt 2.867580 0.479900
vt 2.872639 0.481721
vt 2.877424 0.484225
vt 2.881948 0.487187
vt 2.889910 0.494702
vt 2.886033 0.490661
vt 2.727376 0.553756
vt 2.732018 0.558833
vt 2.736577 0.564024
vt 2.882416 0.496926
vt 2.886772 0.500465
vt 2.883553 0.506363
vt 2.878931 0.503040
vt 2.878116 0.493564
vt 2.874516 0.499836
vt 2.873628 0.490702
vt 2.869976 0.496953
vt 2.868894 0.488241
vt 2.865209 0.494449
vt 2.863872 0.486122
vt 2.860223 0.492184
vt 2.858642 0.484061
vt 2.855059 0.489787
vt 2.751675 0.539854
vt 2.756287 0.536419
vt 2.761125 0.541205
vt 2.756641 0.544863
vt 2.747552 0.543034
vt 2.752576 0.548229
vt 2.743242 0.546687
vt 2.748253 0.551982
vt 2.739233 0.550663
vt 2.744171 0.555995
vt 2.735734 0.554453
vt 2.740514 0.559787
vt 2.725018 0.544566
vt 2.728509 0.540315
vt 2.727861 0.530634
vt 2.733008 0.535961
vt 2.737960 0.531967
vt 2.748105 0.526964
vt 2.742805 0.529095
vt 2.864846 0.473358
vt 2.870298 0.473534
vt 2.875884 0.474932
vt 2.885229 0.471091
vt 2.881343 0.477596
vt 2.891672 0.475551
vt 2.886339 0.481008
vt 2.893089 0.489815
vt 2.890263 0.485148
vt 2.722504 0.549478
vt 2.768556 0.595878
vt 2.773500 0.597629
vt 2.855960 0.540473
vt 2.859028 0.545024
vt 2.854281 0.547368
vt 2.852468 0.543158
vt 2.852490 0.536693
vt 2.848554 0.541940
vt 2.848424 0.533621
vt 2.844779 0.539488
vt 2.843811 0.531411
vt 2.840865 0.537248
vt 2.838782 0.530015
vt 2.838023 0.534318
vt 2.833324 0.529257
vt 2.833222 0.534526
vt 2.785422 0.577873
vt 2.790704 0.576236
vt 2.791691 0.581406
vt 2.787140 0.581905
vt 2.781494 0.579877
vt 2.783965 0.584825
vt 2.776976 0.582977
vt 2.780913 0.587454
vt 2.773365 0.587139
vt 2.777952 0.590188
vt 2.770920 0.590846
vt 2.774688 0.592981
vt 2.717780 0.499117
vt 2.728966 0.504702
vt 2.726495 0.507947
vt 2.720410 0.496249
vt 2.723431 0.511106
vt 2.714459 0.501691
vt 2.707099 0.491894
vt 2.716531 0.516489
vt 2.708758 0.506255
vt 2.700983 0.495343
vt 2.685770 0.474739
vt 2.693312 0.485019
vt 2.680181 0.466965
vt 2.679595 0.479301
vt 2.687417 0.491312
vt 2.674269 0.471064
vt 2.713705 0.538605
vt 2.709196 0.541092
vt 2.710713 0.532507
vt 2.706491 0.533310
vt 2.715775 0.530589
vt 2.710301 0.521121
vt 2.703593 0.510270
vt 2.696068 0.499618
vt 2.695127 0.503850
vt 2.700469 0.512985
vt 2.666448 0.488727
vt 2.673414 0.499650
vt 2.685254 0.545590
vt 2.686045 0.538283
vt 2.684577 0.531861
vt 2.680796 0.520990
vt 2.676399 0.510219
vt 2.691334 0.502709
vt 2.697025 0.514294
vt 2.702683 0.525671
vt 2.697587 0.528022
vt 2.691484 0.530156
vt 2.692300 0.516510
vt 2.687166 0.518884
vt 2.686270 0.504922
vt 2.681193 0.508135
vt 2.673455 0.483542
vt 2.679980 0.494128
vt 2.680037 0.538228
vt 2.679211 0.532442
vt 2.673152 0.533349
vt 2.675947 0.522074
vt 2.671064 0.511497
vt 2.665199 0.513078
vt 2.660202 0.492992
vt 2.665856 0.501782
vt 2.659501 0.504173
vt 2.934070 0.479372
vt 2.938859 0.478248
vt 2.939270 0.473282
vt 2.932446 0.473740
vt 2.939552 0.468817
vt 2.932425 0.468589
vt 2.933950 0.456925
vt 2.941381 0.458636
vt 2.472912 0.119293
vt 2.470997 0.109105
vt 2.491580 0.047711
vt 2.490404 0.060128
vt 2.500000 0.060341
vt 2.488992 0.072784
vt 2.485863 0.107877
vt 2.500000 0.114533
vt 2.486210 0.111863
vt 2.465004 0.037337
vt 2.475377 0.040196
vt 0.546609 0.076248
vt 0.564796 0.133231
vt 0.557048 0.111787
vt 2.500000 0.104213
vt 2.485568 0.102669
vt 2.500000 0.098542
vt 2.470820 0.101775
vt 2.456915 0.095685
vt 2.471923 0.096560
vt 2.454601 0.101551
vt 2.443321 0.095051
vt 2.435362 0.109927
vt 2.454169 0.109611
vt 2.436943 0.102648
vt 2.411696 0.103889
vt 2.420664 0.097412
vt 2.486145 0.097968
vt 2.487332 0.087210
vt 2.500000 0.087883
vt 2.461715 0.084507
vt 2.474510 0.086295
vt 2.450303 0.082496
vt 2.425641 0.101907
vt 2.871739 0.325408
vt 2.871213 0.354209
vt 2.855901 0.325168
vt 2.854227 0.353883
vt 2.835514 0.324553
vt 2.833879 0.353135
vt 2.819890 0.323763
vt 2.818132 0.352282
vt 2.806860 0.322866
vt 2.804382 0.351353
vt 2.793228 0.321592
vt 2.790139 0.350072
vt 2.775901 0.319510
vt 2.771906 0.347952
vt 2.759064 0.317071
vt 2.754869 0.345533
vt 2.742161 0.314284
vt 2.737628 0.342523
vt 2.972777 0.318534
vt 2.987780 0.315750
vt 2.992515 0.343949
vt 2.977080 0.347000
vt 2.957841 0.320521
vt 2.961295 0.347394
vt 2.945244 0.321843
vt 2.949591 0.346458
vt 2.932608 0.323093
vt 2.936487 0.347533
vt 2.916873 0.324355
vt 2.918490 0.350688
vt 2.901829 0.325207
vt 2.903214 0.353102
vt 2.886824 0.325472
vt 2.887380 0.354133
vt 2.886271 0.266363
vt 2.899288 0.266311
vt 2.912533 0.265991
vt 2.924982 0.265335
vt 2.937274 0.264141
vt 2.950491 0.262452
vt 2.976783 0.257857
vt 2.963381 0.260349
vt 2.753374 0.256327
vt 2.768734 0.259091
vt 2.785064 0.261834
vt 2.800133 0.263810
vt 2.812927 0.265085
vt 2.825287 0.265795
vt 2.839188 0.266148
vt 2.857051 0.266236
vt 2.872575 0.266283
vt 2.869490 0.184115
vt 2.856926 0.184498
vt 2.844413 0.184682
vt 2.831970 0.184543
vt 2.819592 0.183930
vt 2.807209 0.182858
vt 2.794757 0.181293
vt 2.782169 0.179409
vt 2.771904 0.157111
vt 2.769374 0.177448
vt 2.966476 0.158356
vt 2.967577 0.179478
vt 2.954498 0.179826
vt 2.941540 0.180196
vt 2.929911 0.180525
vt 2.918163 0.180947
vt 2.906476 0.181788
vt 2.894997 0.182666
vt 2.882272 0.183528
vt 2.878869 0.074663
vt 2.889425 0.073772
vt 2.888416 0.046880
vt 2.899945 0.074231
vt 2.909987 0.074503
vt 2.919983 0.074590
vt 2.930090 0.074733
vt 2.930041 0.051954
vt 2.950638 0.073927
vt 2.940426 0.074648
vt 2.787806 0.074811
vt 2.797935 0.074859
vt 2.807920 0.074837
vt 2.807787 0.052410
vt 2.817675 0.074926
vt 2.827285 0.074673
vt 2.836962 0.074719
vt 2.846937 0.074370
vt 2.846987 0.050038
vt 2.857363 0.075057
vt 2.868069 0.075261
vt 2.854889 0.021542
vt 2.861516 0.021065
vt 2.877746 0.021035
vt 2.869652 0.021062
vt 2.878186 0.050529
vt 2.868173 0.052957
vt 2.857881 0.052480
vt 2.854585 0.029825
vt 2.854101 0.038776
vt 2.891471 0.031081
vt 2.938488 0.028503
vt 2.953560 0.030218
vt 2.945202 0.029258
vt 2.781858 0.032978
vt 2.790023 0.031002
vt 2.806442 0.036535
vt 2.797421 0.053661
vt 2.788583 0.055078
vt 2.949204 0.053883
vt 2.940032 0.053568
vt 2.937736 0.037506
vt 2.936777 0.045431
vt 0.812020 0.195451
vt 0.813246 0.195141
vt 0.814492 0.195183
vt 0.815660 0.195559
vt 0.816662 0.196239
vt 0.817442 0.197162
vt 0.817939 0.198263
vt 0.818120 0.199460
vt 0.817957 0.200669
vt 0.816649 0.202740
vt 0.817458 0.201797
vt 0.828207 0.194958
vt 0.828995 0.198889
vt 0.828798 0.202795
vt 0.825889 0.209410
vt 0.827699 0.206387
vt 0.809984 0.184552
vt 0.813377 0.184058
vt 0.817038 0.184473
vt 0.820639 0.185871
vt 0.823868 0.188198
vt 0.826458 0.191302
vt 0.834678 0.193009
vt 0.835807 0.198799
vt 0.835434 0.204563
vt 0.830444 0.214240
vt 0.833603 0.209856
vt 0.807293 0.178449
vt 0.812561 0.177217
vt 0.818115 0.177658
vt 0.823503 0.179664
vt 0.828293 0.183073
vt 0.832113 0.187634
vt 0.823788 0.193077
vt 0.822074 0.194199
vt 0.821748 0.190627
vt 0.820373 0.192159
vt 0.819186 0.188793
vt 0.818222 0.190636
vt 0.816297 0.187690
vt 0.815771 0.189723
vt 0.813285 0.187345
vt 0.813172 0.189449
vt 0.810536 0.189748
vt 0.810306 0.187646
vt 0.824579 0.205141
vt 0.823044 0.207795
vt 0.821179 0.206640
vt 0.822596 0.204361
vt 0.825532 0.202211
vt 0.823457 0.201859
vt 0.825741 0.199087
vt 0.823669 0.199225
vt 0.825151 0.195968
vt 0.823199 0.196612
vt 0.500000 0.644804
vt 0.507666 0.621454
vt 0.508272 0.549754
vt 0.508243 0.575764
vt 0.500000 0.552653
vt 0.508110 0.521009
vt 0.507821 0.492393
vt 0.508043 0.441901
vt 0.508934 0.397687
vt 0.510863 0.375975
vt 0.525490 0.225051
vt 0.517424 0.095654
vt 0.545420 0.136155
vt 0.523530 0.138676
vt 0.500000 0.118485
vt 0.519571 0.118074
vt 1.308915 0.555799
vt 1.319086 0.586461
vt 1.258099 0.560164
vt 1.271469 0.592064
vt 1.207846 0.572307
vt 1.225670 0.605109
vt 0.747780 0.651221
vt 0.794985 0.669183
vt 0.775919 0.705545
vt 0.734215 0.685833
vt 0.695483 0.641850
vt 0.687327 0.675313
vt 0.645603 0.639948
vt 0.647415 0.671932
vt 0.612678 0.671342
vt 0.608725 0.639629
vt 0.507553 0.641066
vt 1.361849 0.585377
vt 1.358390 0.556262
vt 1.477969 0.582410
vt 1.465218 0.596208
vt 1.402079 0.529518
vt 1.475684 0.098301
vt 1.469311 0.142439
vt 1.451613 0.306822
vt 1.449433 0.365110
vt 1.449211 0.428324
vt 1.450073 0.462130
vt 1.451877 0.500188
vt 1.454653 0.531786
vt 1.473094 0.117894
vt 1.446856 0.113283
vt 2.445690 0.064253
vt 2.459982 0.055211
vt 2.473764 0.045680
vt 2.483023 0.047263
vt 2.484383 0.041461
vt 0.532903 0.093554
vt 0.531453 0.079429
vt 0.550215 0.089904
vt 0.539174 0.115161
vt 2.431762 0.092634
vt 2.418786 0.085959
vt 2.424445 0.052200
vt 2.435655 0.058813
vt 2.428885 0.071129
vt 2.419029 0.062569
vt 2.429295 0.042074
vt 2.441136 0.047705
vt 2.433069 0.030196
vt 2.445423 0.035632
vt 2.434676 0.023609
vt 2.447374 0.029436
vt 1.421084 0.035176
vt 1.432833 0.034079
vt 1.403044 0.036769
vt 1.383604 0.041638
vt 2.424387 0.923507
vt 2.436349 0.928743
vt 2.444268 0.936593
vt 2.447830 0.946548
vt 2.449381 0.958361
vt 2.449436 0.964827
vt 1.428432 0.050243
vt 1.438485 0.047493
vt 1.412989 0.054510
vt 1.396761 0.061221
vt 2.406851 0.885344
vt 2.401652 0.899794
vt 2.384479 0.894517
vt 2.388654 0.880938
vt 2.427232 0.890154
vt 2.418581 0.904470
vt 2.451539 0.896585
vt 2.437336 0.910164
vt 2.449036 0.920157
vt 2.455909 0.931694
vt 2.469445 0.928351
vt 2.459824 0.943838
vt 2.473271 0.956958
vt 2.461760 0.957613
vt 2.473940 0.963060
vt 2.462074 0.964186
vt 1.438560 0.062520
vt 1.448516 0.058936
vt 1.426659 0.068632
vt 1.414652 0.075948
vt 1.457822 0.084843
vt 1.443973 0.078144
vt 0.524264 0.277820
vt 0.546553 0.275532
vt 0.500000 0.278556
vt 0.524770 0.280549
vt 0.547594 0.278833
vt 0.573066 0.274654
vt 0.525614 0.320669
vt 0.522624 0.266307
vt 0.544579 0.266536
vt 0.579144 0.284105
vt 0.573531 0.279724
vt 0.548329 0.295889
vt 0.546846 0.285849
vt 0.524759 0.299557
vt 0.524115 0.288304
vt 0.500000 0.265870
vt 0.522712 0.257594
vt 0.523691 0.245210
vt 0.525498 0.308018
vt 0.550781 0.303851
vt 0.585672 0.287884
vt 0.588590 0.271123
vt 0.544796 0.257546
vt 0.546501 0.246865
vt 0.602023 0.356194
vt 0.596745 0.346921
vt 0.622783 0.347173
vt 0.604639 0.362497
vt 0.626068 0.537877
vt 0.599528 0.533539
vt 0.607953 0.517877
vt 0.648742 0.343208
vt 0.650437 0.335084
vt 0.680366 0.338819
vt 0.675062 0.344718
vt 0.647706 0.350382
vt 0.689880 0.523317
vt 0.657272 0.535276
vt 0.697933 0.537290
vt 0.663475 0.552554
vt 0.570715 0.297710
vt 0.561213 0.283832
vt 0.565832 0.290853
vt 0.561632 0.276906
vt 0.575153 0.260203
vt 0.561163 0.258053
vt 0.564094 0.249272
vt 0.559784 0.266160
vt 0.562288 0.273305
vt 0.595092 0.294927
vt 0.576515 0.307314
vt 0.641509 0.618889
vt 0.700610 0.613220
vt 0.758392 0.580333
vt 0.783497 0.535992
vt 0.796423 0.495236
vt 0.800412 0.416864
vt 0.772523 0.349057
vt 0.743613 0.312039
vt 0.580983 0.316407
vt 0.615677 0.299475
vt 0.555418 0.325869
vt 0.500000 0.332605
vt 0.524303 0.332134
vt 1.424900 0.617255
vt 1.416494 0.642660
vt 1.435407 0.645707
vt 1.408288 0.667973
vt 1.423805 0.670567
vt 1.401674 0.686703
vt 1.414273 0.688959
vt 1.393943 0.707153
vt 1.403162 0.709745
vt 1.383222 0.732888
vt 1.374152 0.747669
vt 1.379648 0.751396
vt 1.367581 0.757676
vt 0.645786 0.871160
vt 0.640483 0.859813
vt 0.633188 0.841742
vt 0.623168 0.814319
vt 0.601096 0.788260
vt 0.613894 0.787290
vt 0.590016 0.762953
vt 0.605549 0.762074
vt 0.576207 0.732038
vt 0.595372 0.731185
vt 0.585471 0.700386
vt 0.562013 0.701039
vt 0.548272 0.670528
vt 0.540163 0.637470
vt 0.576897 0.671373
vt 0.604791 0.618936
vt 0.570879 0.638869
vt 0.569798 0.618718
vt 0.538772 0.618631
vt 0.566019 0.541470
vt 0.535836 0.548746
vt 1.397821 0.586492
vt 1.400555 0.557560
vt 1.452595 0.559635
vt 1.436220 0.590560
vt 0.547498 0.401644
vt 0.566884 0.408680
vt 0.559896 0.405344
vt 0.814040 0.199287
vt 0.815811 0.199698
vt 0.814780 0.200414
vt 0.815096 0.198629
vt 0.814437 0.197526
vt 0.813337 0.198136
vt 0.815415 0.196969
vt 0.816739 0.199066
vt 0.816043 0.198038
vt 0.820631 0.197443
vt 0.820952 0.199383
vt 0.820749 0.201349
vt 0.818852 0.204860
vt 0.820035 0.203214
vt 0.811093 0.192559
vt 0.813104 0.192226
vt 0.815090 0.192385
vt 0.816945 0.193040
vt 0.818555 0.194156
vt 0.819813 0.195659
vt 2.486535 0.689351
vt 2.447769 0.689404
vt 2.471097 0.689183
vt 2.472775 0.710772
vt 2.444997 0.712559
vt 2.426407 0.688504
vt 2.423650 0.709861
vt 2.406751 0.687146
vt 2.404532 0.707249
vt 2.386321 0.321511
vt 2.366992 0.323573
vt 2.366845 0.300627
vt 2.386132 0.298634
vt 2.405989 0.319395
vt 2.405041 0.296727
vt 2.426624 0.317496
vt 2.425959 0.295138
vt 2.450460 0.315952
vt 2.450505 0.294014
vt 2.475367 0.315096
vt 2.475332 0.293510
vt 2.500000 0.314843
vt 2.881711 0.141878
vt 2.893515 0.141534
vt 2.904445 0.141093
vt 2.915356 0.140629
vt 2.926327 0.140039
vt 2.937461 0.139379
vt 2.963532 0.137036
vt 2.949643 0.138424
vt 2.775184 0.136845
vt 2.787773 0.138697
vt 2.799535 0.140052
vt 2.811006 0.141062
vt 2.822373 0.141774
vt 2.833658 0.142241
vt 2.844927 0.142472
vt 2.856356 0.142497
vt 2.868459 0.142260
vt 2.881361 0.121152
vt 2.892376 0.121001
vt 2.903031 0.120753
vt 2.913598 0.120388
vt 2.924185 0.119871
vt 2.934917 0.119144
vt 2.959043 0.116333
vt 2.946060 0.118079
vt 2.779028 0.116843
vt 2.791345 0.118441
vt 2.802637 0.119520
vt 2.813442 0.120249
vt 2.824098 0.120738
vt 2.834711 0.121063
vt 2.845407 0.121229
vt 2.856522 0.121239
vt 2.868591 0.121187
vt 0.732241 0.446519
vt 0.747002 0.450371
vt 0.737423 0.448422
vt 0.801776 0.456052
vt 0.867890 0.457214
vt 0.823708 0.456065
vt 1.178385 0.368777
vt 1.223531 0.373961
vt 1.283506 0.381387
vt 1.340976 0.388023
vt 1.396170 0.393162
vt 1.449016 0.396657
vt 0.507806 0.466892
vt 0.500000 0.468508
vt 0.530080 0.466590
vt 0.529174 0.441696
vt 0.542908 0.466158
vt 0.562027 0.460516
vt 0.554309 0.463477
vt 0.720379 0.373134
vt 0.741689 0.394061
vt 0.732799 0.396034
vt 0.790234 0.380906
vt 0.859754 0.372807
vt 0.814409 0.377966
vt 1.185219 0.289159
vt 1.230105 0.302218
vt 1.288842 0.315423
vt 1.344625 0.325163
vt 1.398259 0.331866
vt 1.450288 0.335929
vt 0.508368 0.419528
vt 0.500000 0.419470
vt 0.528953 0.419606
vt 0.530626 0.397828
vt 0.543619 0.421565
vt 0.562568 0.425386
vt 0.555243 0.423697
vt 0.565654 0.441924
vt 0.567149 0.457314
vt 0.569719 0.412918
vt 0.566191 0.427118
vt 0.578671 0.396356
vt 0.591094 0.383806
vt 0.607598 0.374118
vt 0.624964 0.367753
vt 0.647999 0.364402
vt 0.669023 0.363972
vt 0.692119 0.370220
vt 0.712939 0.384256
vt 0.730345 0.422783
vt 0.724886 0.401614
vt 0.720040 0.463190
vt 0.728430 0.444125
vt 0.705984 0.479259
vt 0.657221 0.503644
vt 0.682632 0.495932
vt 0.634577 0.504847
vt 0.613671 0.501626
vt 0.597179 0.496341
vt 0.582757 0.487164
vt 0.572248 0.473256
vt 0.563258 0.442309
vt 0.564613 0.459066
vt 0.560852 0.442556
vt 0.568401 0.410613
vt 0.564400 0.426183
vt 0.577051 0.392127
vt 0.589566 0.378416
vt 0.606114 0.367982
vt 0.623995 0.361091
vt 0.647599 0.357238
vt 0.669774 0.357258
vt 0.693767 0.364966
vt 0.716557 0.378196
vt 0.714572 0.380925
vt 0.731785 0.422479
vt 0.726364 0.399951
vt 0.727979 0.398624
vt 0.733222 0.422250
vt 0.725447 0.469847
vt 0.722807 0.466863
vt 0.730340 0.445421
vt 0.709272 0.486123
vt 0.712052 0.489851
vt 0.658795 0.514966
vt 0.685881 0.504908
vt 0.659400 0.521559
vt 0.634036 0.516580
vt 0.632354 0.522917
vt 0.611063 0.512572
vt 0.592840 0.505464
vt 0.580278 0.492385
vt 0.569691 0.476246
vt 0.733575 0.569164
vt 0.761775 0.528741
vt 0.756456 0.486630
vt 0.775898 0.492236
vt 0.782454 0.455332
vt 0.763487 0.453402
vt 0.762874 0.420023
vt 0.781376 0.418405
vt 0.773758 0.386649
vt 0.755319 0.390708
vt 0.757151 0.355788
vt 0.729738 0.329056
vt 0.618511 0.313241
vt 0.620919 0.327667
vt 0.586467 0.326835
vt 0.590515 0.337575
vt 0.555857 0.338576
vt 0.500000 0.345195
vt 0.520284 0.345407
vt 0.515498 0.358653
vt 0.507993 0.602000
vt 0.500000 0.605049
vt 0.537287 0.574184
vt 0.566695 0.574509
vt 0.569110 0.598604
vt 0.538134 0.599753
vt 0.600429 0.598449
vt 0.596230 0.575761
vt 0.635877 0.598449
vt 0.629874 0.577521
vt 0.685501 0.592039
vt 0.672714 0.571997
vt 0.712366 0.554086
vt 0.726166 0.267867
vt 0.579717 0.272420
vt 0.579745 0.271884
vt 0.582227 0.274815
vt 0.583430 0.271115
vt 0.594568 0.277804
vt 0.587268 0.275056
vt 0.596780 0.270148
vt 0.607010 0.279434
vt 0.627935 0.279413
vt 0.805337 0.238668
vt 0.763818 0.256576
vt 1.302916 0.250842
vt 1.354999 0.263498
vt 1.404969 0.271233
vt 1.453463 0.275574
vt 1.230039 0.169836
vt 1.270341 0.193269
vt 1.317381 0.213061
vt 1.364872 0.227299
vt 1.411274 0.235560
vt 1.456208 0.240024
vt 0.655609 0.310572
vt 0.692531 0.315991
vt 0.686111 0.330346
vt 0.653343 0.325257
vt 0.655965 0.296663
vt 0.695010 0.300282
vt 0.656444 0.277540
vt 0.688636 0.273210
vt 0.609334 0.267945
vt 0.649074 0.255369
vt 0.627184 0.263502
vt 0.674437 0.244211
vt 0.705394 0.229391
vt 0.772137 0.188876
vt 0.737424 0.211725
vt 1.262262 0.128419
vt 1.296803 0.154072
vt 1.336883 0.174785
vt 1.378249 0.190076
vt 1.419717 0.199394
vt 1.460289 0.204288
vt 0.579557 0.271271
vt 0.573510 0.271851
vt 0.580713 0.268149
vt 0.572046 0.266486
vt 0.590568 0.263188
vt 0.585043 0.265723
vt 0.601540 0.256415
vt 0.633874 0.232284
vt 0.616566 0.246169
vt 0.654508 0.216409
vt 0.680519 0.197684
vt 0.736284 0.152368
vt 0.708317 0.177456
vt 1.293532 0.097067
vt 1.321908 0.121809
vt 1.357013 0.142168
vt 1.393282 0.157512
vt 1.429187 0.167614
vt 1.465004 0.172969
vt 0.579979 0.254945
vt 0.598105 0.227206
vt 0.609857 0.209957
vt 0.552516 0.206223
vt 0.554582 0.183488
vt 0.527583 0.180351
vt 0.527008 0.202968
vt 0.626939 0.188660
vt 0.526947 0.158864
vt 0.554609 0.159794
vt 0.569824 0.233781
vt 0.583118 0.191671
vt 0.576658 0.213225
vt 0.590421 0.162661
vt 0.430093 0.455166
vt 0.424892 0.468741
vt 0.414119 0.479832
vt 0.399453 0.487017
vt 0.383873 0.490589
vt 0.364779 0.493227
vt 0.343980 0.492053
vt 0.320496 0.486024
vt 0.297074 0.472092
vt 1.100183 0.754106
vt 1.110740 0.736203
vt 1.124436 0.719962
vt 1.140282 0.706517
vt 1.089100 0.775576
vt 1.075089 0.781124
vt 1.070683 0.808044
vt 1.072059 0.784359
vt 1.079547 0.757939
vt 1.076612 0.759806
vt 1.087941 0.730494
vt 1.084938 0.730570
vt 1.102059 0.703738
vt 1.099518 0.702322
vt 1.123586 0.683730
vt 1.121864 0.681313
vt 1.155118 0.667188
vt 1.265504 0.711493
vt 0.428035 0.453400
vt 0.423635 0.465911
vt 0.412930 0.476943
vt 0.398498 0.484082
vt 0.383225 0.487660
vt 0.364482 0.490367
vt 0.298128 0.469144
vt 0.421428 0.463964
vt 0.419212 0.462084
vt 0.411393 0.474486
vt 0.409818 0.472050
vt 0.397503 0.481489
vt 0.396484 0.478917
vt 0.382552 0.485077
vt 0.381847 0.482508
vt 0.363845 0.485401
vt 0.300957 0.463639
vt 0.278221 0.423991
vt 0.431799 0.441449
vt 1.114844 0.874625
vt 1.130952 0.888503
vt 1.150340 0.901424
vt 1.171279 0.910696
vt 1.201301 0.911847
vt 1.227576 0.904260
vt 1.253554 0.885814
vt 1.272929 0.857846
vt 1.283136 0.859993
vt 1.290635 0.828072
vt 1.285672 0.860089
vt 1.269728 0.899814
vt 1.267380 0.898300
vt 1.237744 0.926613
vt 1.239362 0.928998
vt 1.203500 0.941932
vt 1.203069 0.939062
vt 1.162637 0.936407
vt 1.161959 0.939323
vt 1.132951 0.924785
vt 1.131133 0.927147
vt 1.108768 0.902408
vt 1.106024 0.903579
vt 1.088602 0.878111
vt 1.091831 0.878579
vt 1.076801 0.852418
vt 0.429658 0.441011
vt 0.293732 0.395168
vt 0.282978 0.407990
vt 0.350789 0.382607
vt 0.414442 0.407110
vt 0.427541 0.440573
vt 0.425430 0.440291
vt 0.424827 0.429461
vt 1.074453 0.806712
vt 1.071765 0.830141
vt 1.082554 0.803571
vt 0.423405 0.451170
vt 0.425769 0.452159
vt 1.163525 0.695958
vt 1.193375 0.664063
vt 1.155856 0.670128
vt 0.344601 0.484066
vt 0.344164 0.489166
vt 0.364174 0.487874
vt 1.220083 0.703480
vt 1.190807 0.694218
vt 1.234276 0.678626
vt 1.232473 0.680831
vt 1.192883 0.666970
vt 0.322792 0.477777
vt 0.321174 0.483097
vt 0.321962 0.480428
vt 0.344368 0.486609
vt 1.246801 0.722175
vt 1.279438 0.741112
vt 1.262771 0.712465
vt 0.288277 0.452801
vt 0.299510 0.466443
vt 1.277353 0.767478
vt 1.264938 0.743196
vt 1.284888 0.768464
vt 1.276451 0.740878
vt 1.287138 0.769311
vt 0.280701 0.439420
vt 0.278077 0.440421
vt 0.286076 0.455028
vt 0.275480 0.441424
vt 0.284039 0.457123
vt 0.273704 0.442638
vt 0.282589 0.459598
vt 0.312524 0.384997
vt 0.290373 0.390228
vt 0.292034 0.392715
vt 0.289011 0.388102
vt 0.276826 0.403464
vt 0.271251 0.422983
vt 0.278392 0.404703
vt 0.272951 0.423258
vt 0.280681 0.406357
vt 0.275584 0.423631
vt 1.288646 0.828487
vt 1.288898 0.797213
vt 1.290635 0.797390
vt 1.284088 0.796717
vt 1.282225 0.829202
vt 0.332263 0.380637
vt 0.332013 0.375109
vt 0.332130 0.377880
vt 0.311647 0.382170
vt 0.310824 0.379327
vt 0.331856 0.372131
vt 0.309868 0.376586
vt 0.372436 0.384185
vt 0.351168 0.376640
vt 0.350975 0.379618
vt 0.351416 0.373310
vt 0.388101 0.389361
vt 0.373363 0.378828
vt 0.372899 0.381507
vt 0.373854 0.375732
vt 0.403197 0.397238
vt 0.406087 0.392904
vt 0.404658 0.395087
vt 0.388968 0.386826
vt 0.389811 0.384284
vt 0.407026 0.390074
vt 0.390596 0.381346
vt 0.421645 0.418779
vt 0.418577 0.403996
vt 0.416521 0.405569
vt 0.419589 0.401267
vt 0.426859 0.417356
vt 0.429495 0.429014
vt 0.427126 0.429159
vt 0.424256 0.418072
vt 0.431709 0.428044
vt 0.428587 0.415231
vt 1.075078 0.829888
vt 1.079987 0.853536
vt 1.097118 0.857099
vt 1.085417 0.832638
vt 2.208778 0.413677
vt 2.215538 0.414486
vt 2.201594 0.421131
vt 2.202829 0.416024
vt 2.204880 0.432751
vt 2.201857 0.427257
vt 2.208973 0.424688
vt 2.208717 0.419137
vt 2.209399 0.436782
vt 2.211000 0.429887
vt 2.242951 0.453330
vt 2.237875 0.451436
vt 2.139692 0.405803
vt 2.135926 0.409026
vt 2.115710 0.380189
vt 2.119701 0.377448
vt 2.248040 0.416643
vt 2.253675 0.418398
vt 2.227404 0.448013
vt 2.147804 0.399774
vt 2.127266 0.371740
vt 2.237202 0.413795
vt 2.271655 0.422496
vt 2.102560 0.384590
vt 2.130549 0.417066
vt 2.252012 0.460577
vt 2.237615 0.438231
vt 2.242389 0.439630
vt 2.232741 0.449859
vt 2.235252 0.444103
vt 2.240218 0.445622
vt 2.143570 0.402783
vt 2.139721 0.399091
vt 2.135129 0.402161
vt 2.135715 0.394726
vt 2.131392 0.398074
vt 2.132220 0.389929
vt 2.128208 0.393474
vt 2.129436 0.385458
vt 2.125369 0.388399
vt 2.123369 0.374709
vt 2.126405 0.380102
vt 2.122520 0.382975
vt 2.242840 0.415000
vt 2.241896 0.421007
vt 2.246881 0.422190
vt 2.240836 0.426732
vt 2.245646 0.428138
vt 2.239494 0.432388
vt 2.244102 0.434075
vt 2.232816 0.436670
vt 2.219991 0.445051
vt 2.230208 0.442481
vt 2.153844 0.395225
vt 2.143796 0.395538
vt 2.140104 0.391363
vt 2.136690 0.387007
vt 2.133493 0.382294
vt 2.132969 0.367539
vt 2.130394 0.377067
vt 2.229151 0.412718
vt 2.236788 0.419439
vt 2.236022 0.425378
vt 2.234704 0.431227
vt 2.250973 0.429798
vt 2.258318 0.432098
vt 2.252367 0.423919
vt 2.259810 0.426224
vt 2.261176 0.420706
vt 2.110337 0.383045
vt 2.118162 0.385898
vt 2.112123 0.389155
vt 2.120688 0.391608
vt 2.114202 0.395404
vt 2.123451 0.396964
vt 2.117262 0.401385
vt 2.126831 0.401832
vt 2.121960 0.406897
vt 2.131093 0.405925
vt 2.126867 0.411095
vt 2.132328 0.413420
vt 2.248954 0.456471
vt 2.245678 0.447372
vt 2.252110 0.450363
vt 2.247798 0.441239
vt 2.226420 0.434418
vt 2.213211 0.441125
vt 2.223390 0.439921
vt 2.158858 0.390117
vt 2.149535 0.391037
vt 2.145739 0.386910
vt 2.142334 0.382607
vt 2.139163 0.377924
vt 2.138624 0.363874
vt 2.136074 0.372831
vt 2.221183 0.412762
vt 2.229436 0.417652
vt 2.229375 0.423728
vt 2.228198 0.429735
vt 2.269552 0.435424
vt 2.271124 0.428121
vt 2.282766 0.423543
vt 2.093649 0.384562
vt 2.104597 0.390530
vt 2.108118 0.397977
vt 2.112428 0.405429
vt 2.117520 0.412776
vt 2.124676 0.415356
vt 2.129970 0.419672
vt 2.252784 0.463850
vt 2.257238 0.455644
vt 2.217551 0.430848
vt 2.221005 0.432332
vt 2.214275 0.434204
vt 2.217550 0.436993
vt 2.161381 0.386144
vt 2.159608 0.381769
vt 2.154425 0.386528
vt 2.156384 0.377561
vt 2.150657 0.382816
vt 2.152529 0.373904
vt 2.147492 0.378675
vt 2.148338 0.371764
vt 2.144547 0.374172
vt 2.142816 0.362183
vt 2.145365 0.367093
vt 2.141570 0.369211
vt 2.217155 0.418791
vt 2.222482 0.417199
vt 2.217770 0.422800
vt 2.223504 0.422723
vt 2.217923 0.426653
vt 2.222653 0.428218
vt 2.334897 0.542692
vt 2.336090 0.538845
vt 2.345968 0.517774
vt 2.143434 0.434278
vt 2.140732 0.431336
vt 2.052412 0.476760
vt 2.052050 0.472826
vt 2.042795 0.452205
vt 2.029449 0.419422
vt 2.029516 0.415267
vt 2.301155 0.424005
vt 2.305857 0.424081
vt 2.341684 0.480304
vt 2.358465 0.479703
vt 2.358906 0.483810
vt 2.056220 0.473023
vt 2.051254 0.469335
vt 2.337044 0.535241
vt 2.284224 0.530589
vt 2.261643 0.503763
vt 2.264752 0.509733
vt 2.258336 0.496977
vt 2.136213 0.436500
vt 2.136893 0.427382
vt 2.111371 0.463632
vt 2.100226 0.469609
vt 2.056001 0.468933
vt 2.047550 0.460793
vt 2.052915 0.459528
vt 2.340745 0.526508
vt 2.315870 0.520535
vt 2.267283 0.499506
vt 2.275796 0.491808
vt 2.262770 0.492434
vt 2.270281 0.485758
vt 2.132192 0.431748
vt 2.131413 0.419756
vt 2.127947 0.427317
vt 2.106980 0.455300
vt 2.100753 0.443187
vt 2.115490 0.449281
vt 2.097494 0.461106
vt 2.092434 0.448435
vt 2.076259 0.467575
vt 2.074236 0.455223
vt 2.082883 0.452629
vt 2.085487 0.464852
vt 2.045301 0.419515
vt 2.347548 0.485919
vt 2.358510 0.489375
vt 2.030389 0.424842
vt 2.048870 0.450633
vt 2.038101 0.443656
vt 2.351418 0.509153
vt 2.285017 0.481614
vt 2.086329 0.437243
vt 2.070172 0.443881
vt 2.078146 0.440859
vt 2.054802 0.448859
vt 2.113358 0.420727
vt 2.118036 0.419807
vt 2.123751 0.419769
vt 2.128859 0.423182
vt 2.252744 0.468274
vt 2.259456 0.459666
vt 2.085582 0.386267
vt 2.097056 0.393000
vt 2.102498 0.402472
vt 2.292851 0.424212
vt 2.279957 0.439240
vt 2.282093 0.430553
vt 2.251348 0.473461
vt 2.260906 0.464913
vt 2.273256 0.464911
vt 2.288102 0.441501
vt 2.296499 0.443259
vt 2.094917 0.407921
vt 2.051173 0.415053
vt 2.057839 0.411733
vt 2.063883 0.408207
vt 2.353335 0.484410
vt 2.089993 0.397475
vt 2.291816 0.432057
vt 2.299995 0.432608
vt 2.312912 0.461516
vt 2.074828 0.387888
vt 2.078840 0.387703
vt 2.249869 0.522851
vt 2.254451 0.499323
vt 2.144735 0.435341
vt 2.139547 0.438948
vt 2.128910 0.456586
vt 2.251225 0.522616
vt 2.126785 0.461975
vt 2.102995 0.486245
vt 2.102709 0.485301
vt 2.306306 0.544568
vt 2.073500 0.490514
vt 2.102481 0.485155
vt 2.102435 0.485094
vt 2.314746 0.545590
vt 2.334250 0.543885
vt 2.320651 0.544957
vt 2.073609 0.488897
vt 2.073698 0.488091
vt 2.052541 0.478041
vt 2.056512 0.476886
vt 2.261068 0.517140
vt 2.133678 0.468340
vt 2.132790 0.467581
vt 2.282796 0.549567
vt 2.282924 0.548510
vt 2.282937 0.550336
vt 2.282919 0.550173
vt 2.265534 0.522449
vt 2.269226 0.518075
vt 2.276899 0.524552
vt 2.256696 0.506354
vt 2.271034 0.504702
vt 2.273505 0.507947
vt 2.266381 0.513984
vt 2.276569 0.511106
vt 2.257540 0.521321
vt 2.250476 0.522732
vt 2.256520 0.520059
vt 2.133080 0.467961
vt 2.129535 0.464421
vt 2.258261 0.513050
vt 2.249027 0.523265
vt 2.255525 0.519922
vt 2.132400 0.466947
vt 2.297781 0.542660
vt 2.299606 0.535420
vt 2.273197 0.529233
vt 2.281051 0.535225
vt 2.283869 0.542560
vt 2.102885 0.481008
vt 2.285799 0.545526
vt 2.285064 0.544978
vt 2.101241 0.480616
vt 2.101762 0.481190
vt 2.097260 0.477431
vt 2.101444 0.476391
vt 2.071350 0.481501
vt 2.313876 0.553454
vt 2.314763 0.556603
vt 2.314554 0.555479
vt 2.306959 0.537801
vt 2.311310 0.538108
vt 2.308515 0.530156
vt 2.312096 0.531244
vt 2.075530 0.481213
vt 2.073280 0.489962
vt 2.075666 0.486195
vt 2.314358 0.554111
vt 2.314139 0.551079
vt 2.313424 0.549794
vt 2.074173 0.485372
vt 2.074636 0.485764
vt 2.311673 0.545332
vt 2.311623 0.549101
vt 2.129720 0.463305
vt 2.113670 0.468396
vt 2.121312 0.456511
vt 2.122149 0.463929
vt 2.129182 0.466262
vt 2.105232 0.475218
vt 2.087302 0.478453
vt 2.080025 0.480968
vt 2.086636 0.472359
vt 2.076412 0.474604
vt 2.039328 0.422424
vt 2.034991 0.423989
vt 2.040593 0.415025
vt 2.037519 0.418446
vt 2.034018 0.418774
vt 2.353702 0.489155
vt 2.349701 0.489412
vt 2.340602 0.515599
vt 2.335211 0.524942
vt 2.326780 0.538176
vt 2.331999 0.534256
vt 2.330841 0.542780
vt 2.327202 0.543099
vt 2.331750 0.538363
vt 2.035153 0.414678
vt 2.030007 0.411621
vt 2.358950 0.476045
vt 2.351495 0.479475
vt 0.101079 0.614957
vt 0.124344 0.633878
vt 0.193856 0.896822
vt 0.182177 0.932422
vt 0.096586 0.750981
vt 0.096809 0.723061
vt 0.101682 0.694088
vt 0.146917 0.654372
vt 0.202305 0.859785
vt 0.138722 0.855529
vt 0.122078 0.832493
vt 0.109346 0.806587
vt 0.100526 0.779293
vt 0.121974 0.746653
vt 0.122412 0.724153
vt 0.126901 0.700852
vt 0.163317 0.671606
vt 0.206444 0.829829
vt 0.157373 0.828487
vt 0.143428 0.810494
vt 0.132869 0.790470
vt 0.125452 0.769067
vt 0.140570 0.743485
vt 0.141238 0.724857
vt 0.145727 0.705507
vt 0.178982 0.691238
vt 0.208323 0.797842
vt 0.170114 0.807600
vt 0.158145 0.793761
vt 0.149579 0.778380
vt 0.143449 0.761521
vt 0.159134 0.740223
vt 0.159460 0.727989
vt 0.165156 0.729384
vt 0.162808 0.715101
vt 0.191128 0.709723
vt 0.207910 0.770563
vt 0.179458 0.785938
vt 0.171295 0.777120
vt 0.174630 0.772407
vt 0.165923 0.767065
vt 0.161346 0.754080
vt 0.198947 0.724744
vt 0.204524 0.735735
vt 0.206533 0.749630
vt 0.181050 0.888587
vt 0.159769 0.875221
vt 0.193085 0.854203
vt 0.175965 0.844614
vt 0.199529 0.826649
vt 0.186277 0.819918
vt 0.192322 0.793271
vt 0.203491 0.770614
vt 2.500000 0.940361
vt 0.391826 0.072911
vt 1.565941 0.088162
vt 1.546282 0.095741
vt 1.500000 0.099948
vt 1.524315 0.098301
vt 0.405658 0.120234
vt 0.383742 0.103509
vt 0.370442 0.083717
vt 1.616396 0.041638
vt 1.602310 0.091829
vt 1.578202 0.104821
vt 1.553144 0.113283
vt 1.526906 0.117894
vt 0.379881 0.143122
vt 0.356719 0.122890
vt 0.340179 0.099464
vt 1.642398 0.052387
vt 1.624385 0.074463
vt 0.445820 0.315566
vt 0.194663 0.238668
vt 1.769961 0.169836
vt 1.697083 0.250842
vt 0.170164 0.288693
vt 1.793377 0.212435
vt 1.750220 0.233159
vt 0.140246 0.372807
vt 1.814781 0.289159
vt 0.132110 0.457214
vt 1.821615 0.368777
vt 1.716185 0.415989
vt 1.658458 0.420986
vt 1.603356 0.425166
vt 0.136899 0.500868
vt 1.821320 0.410392
vt 1.775891 0.411691
vt 1.713210 0.453118
vt 1.655920 0.456396
vt 1.602031 0.459368
vt 0.146907 0.547674
vt 1.817644 0.454973
vt 1.771831 0.452118
vt 0.205015 0.669183
vt 0.189335 0.637041
vt 1.804656 0.543246
vt 1.792154 0.572307
vt 0.243331 0.737659
vt 1.756078 0.634634
vt 1.665517 0.640863
vt 1.634408 0.639131
vt 1.608996 0.639982
vt 0.355090 0.734202
vt 0.326527 0.738508
vt 0.292521 0.749348
vt 0.262647 0.767856
vt 1.736101 0.662004
vt 1.701787 0.648050
vt 1.657954 0.667162
vt 1.632971 0.665215
vt 1.612326 0.665750
vt 0.354831 0.765340
vt 0.332226 0.769857
vt 0.305619 0.780068
vt 0.282318 0.796686
vt 1.714044 0.687668
vt 1.686956 0.674327
vt 1.651921 0.686416
vt 1.631783 0.684425
vt 1.615046 0.684764
vt 0.370046 0.787675
vt 0.354154 0.789703
vt 0.336235 0.793789
vt 0.315494 0.803040
vt 0.297193 0.817337
vt 1.695862 0.705431
vt 1.674900 0.693391
vt 1.645607 0.707229
vt 1.630815 0.704903
vt 0.340237 0.817965
vt 0.327160 0.826175
vt 0.314893 0.837998
vt 1.675030 0.724000
vt 1.660521 0.713774
vt 0.335461 0.839678
vt 0.342498 0.830110
vt 1.650651 0.726471
vt 1.660961 0.735660
vt 1.649641 0.744814
vt 1.518936 0.073306
vt 1.500000 0.075307
vt 0.483122 0.081660
vt 0.468547 0.079429
vt 2.526060 0.963060
vt 2.500000 0.956696
vt 2.513267 0.956656
vt 2.513016 0.962406
vt 2.507693 0.041682
vt 2.515617 0.041461
vt 2.536401 0.042931
vt 2.534996 0.037337
vt 2.544691 0.039888
vt 2.541962 0.034628
vt 2.552626 0.029436
vt 2.500000 0.757819
vt 2.500000 0.743101
vt 2.500000 0.625140
vt 2.613283 0.388130
vt 2.634967 0.389030
vt 2.636182 0.405384
vt 2.591146 0.608375
vt 2.591210 0.625836
vt 2.569683 0.624929
vt 2.547956 0.624990
vt 2.568016 0.607537
vt 2.500000 0.829514
vt 2.500000 0.891234
vt 2.500000 0.136609
vt 2.500000 0.163013
vt 2.529350 0.442852
vt 2.500000 0.909223
vt 2.500000 0.118916
vt 2.517093 0.910574
vt 2.520530 0.893662
vt 2.549697 0.082496
vt 2.602074 0.081012
vt 2.599290 0.726469
vt 2.604027 0.745287
vt 2.525004 0.743707
vt 2.510785 0.743269
vt 2.500000 0.728331
vt 2.633178 0.278168
vt 2.614742 0.780477
vt 2.624146 0.795954
vt 2.500000 0.208658
vt 2.500000 0.806811
vt 2.500000 0.782275
vt 2.592676 0.666525
vt 2.593249 0.687146
vt 2.500000 0.689386
vt 2.500000 0.668476
vt 2.633008 0.323573
vt 2.632468 0.346510
vt 2.571344 0.453999
vt 2.560114 0.454001
vt 2.548767 0.455012
vt 2.535344 0.461102
vt 2.534401 0.539480
vt 2.542465 0.545441
vt 2.600754 0.454086
vt 2.584125 0.453640
vt 2.634646 0.424444
vt 2.634465 0.442854
vt 2.614714 0.454725
vt 2.566490 0.589150
vt 2.589282 0.567677
vt 2.507510 0.518205
vt 2.514620 0.487047
vt 2.507534 0.485779
vt 2.032423 0.179478
vt 2.230626 0.177448
vt 2.017018 0.287381
vt 2.023217 0.257857
vt 2.246626 0.256327
vt 2.253061 0.285864
vt 2.556259 0.425568
vt 2.544323 0.434336
vt 2.540527 0.431689
vt 2.520963 0.456211
vt 2.525155 0.487080
vt 2.523107 0.487256
vt 2.514736 0.530561
vt 2.514699 0.518648
vt 2.523059 0.517298
vt 2.524872 0.516371
vt 2.527261 0.528761
vt 2.516852 0.473644
vt 2.528969 0.473166
vt 2.613898 0.406546
vt 2.614005 0.429838
vt 2.593406 0.410136
vt 2.596715 0.432128
vt 2.577468 0.418363
vt 2.582497 0.435424
vt 2.560355 0.429002
vt 2.567619 0.440142
vt 2.548181 0.437505
vt 2.555342 0.444255
vt 2.543740 0.448673
vt 2.537208 0.444921
vt 2.531547 0.458687
vt 2.527254 0.457126
vt 2.526074 0.473766
vt 2.523088 0.474597
vt 2.521157 0.487601
vt 2.521261 0.518131
vt 2.524888 0.529877
vt 2.522157 0.530807
vt 2.564241 0.569386
vt 2.592306 0.587420
vt 2.637974 0.450062
vt 2.628031 0.455198
vt 2.584601 0.560699
vt 2.639829 0.453331
vt 2.641073 0.456760
vt 2.567894 0.554354
vt 2.580548 0.554371
vt 2.552907 0.550140
vt 2.523947 0.556162
vt 2.545916 0.571803
vt 2.526596 0.591130
vt 2.545898 0.590456
vt 2.525990 0.607536
vt 2.546395 0.607804
vt 2.530671 0.540930
vt 2.565441 0.557554
vt 2.582179 0.557676
vt 2.563095 0.560855
vt 2.545705 0.559456
vt 2.549812 0.554387
vt 2.532716 0.551751
vt 2.538071 0.548439
vt 2.515011 0.541498
vt 2.572256 0.411302
vt 2.549875 0.420568
vt 2.594241 0.386730
vt 2.568351 0.386266
vt 2.543171 0.384988
vt 2.500000 0.420043
vt 2.513907 0.444317
vt 2.500000 0.444174
vt 2.500000 0.433819
vt 2.515260 0.433918
vt 2.500000 0.456874
vt 2.511798 0.456553
vt 2.508998 0.472589
vt 2.500000 0.472353
vt 2.506958 0.530075
vt 2.506133 0.541241
vt 2.500000 0.560926
vt 2.500000 0.568699
vt 2.529012 0.433185
vt 2.557274 0.409490
vt 2.537903 0.407450
vt 2.533378 0.420279
vt 2.517606 0.420173
vt 2.104242 0.207642
vt 2.093028 0.207424
vt 2.080329 0.206756
vt 2.067661 0.205891
vt 2.056577 0.204863
vt 2.043911 0.203871
vt 2.030142 0.202781
vt 2.231144 0.201613
vt 2.217858 0.203729
vt 2.205148 0.205744
vt 2.193230 0.207398
vt 2.181859 0.208506
vt 2.170431 0.208968
vt 2.158339 0.208950
vt 2.145249 0.208769
vt 2.131359 0.208507
vt 2.117124 0.208114
vt 2.033524 0.158356
vt 2.036468 0.137036
vt 2.224816 0.136845
vt 2.228096 0.157111
vt 2.113110 0.296654
vt 2.127775 0.296538
vt 2.143213 0.296315
vt 2.163042 0.295966
vt 2.177891 0.295368
vt 2.190206 0.294603
vt 2.202970 0.293335
vt 2.219892 0.291222
vt 2.257839 0.314284
vt 2.236736 0.288575
vt 2.012220 0.315750
vt 2.031555 0.290019
vt 2.046585 0.292406
vt 2.059705 0.294102
vt 2.071924 0.295296
vt 2.084777 0.296055
vt 2.098805 0.296526
vt 2.049362 0.073927
vt 2.212194 0.074811
vt 2.047652 0.039411
vt 2.046440 0.030218
vt 2.218142 0.032978
vt 2.215911 0.041639
vt 2.130833 0.030087
vt 2.138137 0.029969
vt 2.163703 0.033384
vt 2.173742 0.033883
vt 2.183692 0.034830
vt 2.208395 0.039974
vt 2.055196 0.038526
vt 2.079784 0.034504
vt 2.089436 0.034045
vt 2.099031 0.032830
vt 2.123473 0.029842
vt 2.516926 0.829816
vt 2.514606 0.806973
vt 2.541260 0.830039
vt 2.536622 0.806776
vt 2.608464 0.855521
vt 2.603853 0.913978
vt 2.614761 0.087880
vt 2.584384 0.118087
vt 2.612734 0.831178
vt 2.632703 0.813436
vt 2.621975 0.822078
vt 2.610911 0.803974
vt 2.500000 0.186896
vt 2.552196 0.162827
vt 2.552711 0.187229
vt 2.527252 0.188802
vt 2.527180 0.163364
vt 2.577367 0.183498
vt 2.574775 0.161381
vt 2.519278 0.871907
vt 2.518666 0.852950
vt 2.546810 0.872577
vt 2.545059 0.853175
vt 2.609101 0.867923
vt 2.600852 0.818812
vt 2.609349 0.843278
vt 2.084837 0.682429
vt 2.094666 0.684022
vt 2.105348 0.685423
vt 2.116069 0.686426
vt 2.125982 0.687019
vt 2.133648 0.687260
vt 2.141348 0.687435
vt 2.150137 0.687499
vt 2.158742 0.687387
vt 2.168640 0.686961
vt 2.179348 0.686152
vt 2.190022 0.684934
vt 2.199851 0.683513
vt 2.208388 0.682066
vt 2.215924 0.680738
vt 2.217976 0.692374
vt 2.066688 0.690974
vt 2.068803 0.679339
vt 2.076313 0.680824
vt 2.644501 0.194206
vt 2.640705 0.214315
vt 2.651546 0.174431
vt 2.638518 0.172981
vt 2.627186 0.170530
vt 2.621507 0.161262
vt 2.620030 0.150289
vt 2.619792 0.135694
vt 2.603414 0.134542
vt 2.598437 0.201110
vt 2.578599 0.197958
vt 2.578401 0.205304
vt 2.553164 0.202040
vt 2.554029 0.208425
vt 2.500000 0.201656
vt 2.527433 0.203980
vt 2.527734 0.210351
vt 2.625487 0.189198
vt 2.615648 0.182401
vt 2.597214 0.191466
vt 2.611177 0.171755
vt 2.596155 0.177494
vt 2.606829 0.153377
vt 2.594319 0.158710
vt 2.525266 0.624895
vt 2.527232 0.136741
vt 2.588425 0.134233
vt 2.569497 0.135544
vt 2.527088 0.119293
vt 2.529003 0.109105
vt 2.594045 0.095866
vt 2.600621 0.115907
vt 2.621210 0.121589
vt 2.631072 0.096153
vt 2.625274 0.109741
vt 2.607755 0.102747
vt 2.615498 0.894466
vt 2.620938 0.907968
vt 2.611324 0.880902
vt 2.527709 0.213626
vt 2.553866 0.212597
vt 2.578259 0.211516
vt 2.598088 0.210623
vt 2.620577 0.212289
vt 2.601806 0.788216
vt 2.527418 0.757982
vt 2.531789 0.782473
vt 2.510796 0.757958
vt 2.512326 0.782482
vt 2.587570 0.798722
vt 2.593863 0.769344
vt 2.587285 0.749858
vt 2.608927 0.763228
vt 2.636627 0.234720
vt 2.634056 0.255857
vt 2.617338 0.232627
vt 2.615330 0.253463
vt 2.597602 0.231128
vt 2.596988 0.251392
vt 2.577585 0.230897
vt 2.576698 0.250329
vt 2.553016 0.231211
vt 2.552057 0.249953
vt 2.500000 0.250003
vt 2.500000 0.231517
vt 2.527020 0.231788
vt 2.526172 0.249978
vt 2.577707 0.776828
vt 2.567239 0.118654
vt 2.548677 0.118451
vt 2.545831 0.109611
vt 2.550118 0.136737
vt 2.589797 0.869484
vt 2.568949 0.871574
vt 2.561800 0.829808
vt 2.590554 0.835007
vt 2.588631 0.853747
vt 2.567285 0.852782
vt 2.547424 0.782231
vt 2.562513 0.781024
vt 2.571885 0.804660
vt 2.554445 0.806462
vt 2.500000 0.293361
vt 2.525259 0.271740
vt 2.550567 0.271977
vt 2.575263 0.272749
vt 2.595996 0.274092
vt 2.614245 0.276017
vt 2.633155 0.300627
vt 2.595468 0.707249
vt 2.581204 0.730098
vt 2.500000 0.710232
vt 2.570071 0.753973
vt 2.562660 0.733840
vt 2.537147 0.744237
vt 2.549847 0.737770
vt 2.555200 0.756165
vt 2.540823 0.757570
vt 2.533347 0.730201
vt 2.540442 0.723800
vt 2.525488 0.720056
vt 2.524168 0.729342
vt 2.500000 0.719278
vt 2.512559 0.719481
vt 2.511634 0.728578
vt 2.524640 0.336646
vt 2.524272 0.357294
vt 2.500000 0.356761
vt 2.549514 0.337945
vt 2.548215 0.359006
vt 2.573258 0.339878
vt 2.573363 0.361316
vt 2.593964 0.341984
vt 2.595417 0.363685
vt 2.613480 0.344327
vt 2.613359 0.365698
vt 2.631727 0.367521
vt 2.593147 0.647021
vt 2.572964 0.666742
vt 2.573453 0.646527
vt 2.550852 0.667352
vt 2.550909 0.647057
vt 2.500000 0.653651
vt 2.500000 0.639340
vt 2.242579 0.828215
vt 2.242092 0.848002
vt 2.039091 0.846364
vt 2.040099 0.826345
vt 2.046026 0.982175
vt 2.061797 0.984860
vt 2.076508 0.986628
vt 2.091051 0.988644
vt 2.106504 0.990333
vt 2.123141 0.991571
vt 2.139855 0.992154
vt 2.156975 0.990875
vt 2.171952 0.989783
vt 2.189123 0.987530
vt 2.206713 0.986291
vt 2.220285 0.986116
vt 2.233017 0.985503
vt 2.245919 0.982856
vt 2.260693 0.978984
vt 2.012682 0.973954
vt 2.029820 0.976763
vt 2.040426 0.805055
vt 2.052939 0.827915
vt 2.241589 0.807266
vt 2.229625 0.829593
vt 2.216749 0.831278
vt 2.204043 0.832846
vt 2.191465 0.834007
vt 2.178916 0.834774
vt 2.166265 0.835076
vt 2.153504 0.835095
vt 2.140685 0.834864
vt 2.126650 0.834545
vt 2.114294 0.834343
vt 2.102266 0.833888
vt 2.090450 0.833042
vt 2.078629 0.831647
vt 2.066581 0.829893
vt 2.244584 0.875855
vt 2.247732 0.903789
vt 2.031605 0.901520
vt 2.035728 0.874093
vt 2.045500 0.776125
vt 2.052655 0.747844
vt 2.230856 0.749546
vt 2.237414 0.778070
vt 2.061552 0.906758
vt 2.074136 0.908686
vt 2.085733 0.910105
vt 2.097406 0.911166
vt 2.110174 0.911945
vt 2.124772 0.912484
vt 2.140753 0.912734
vt 2.156546 0.912699
vt 2.170723 0.912396
vt 2.183200 0.911850
vt 2.194689 0.911075
vt 2.206106 0.909916
vt 2.218414 0.908354
vt 2.232305 0.906282
vt 2.252053 0.931208
vt 2.027740 0.928686
vt 2.047264 0.904319
vt 2.060355 0.719421
vt 2.063077 0.750289
vt 2.223727 0.720927
vt 2.220398 0.751797
vt 2.209532 0.753742
vt 2.198140 0.755371
vt 2.186404 0.756630
vt 2.174648 0.757463
vt 2.163224 0.757919
vt 2.152298 0.758083
vt 2.141740 0.758060
vt 2.131178 0.757870
vt 2.120243 0.757505
vt 2.108808 0.756838
vt 2.097039 0.755773
vt 2.085297 0.754296
vt 2.073918 0.752443
vt 2.532917 0.070273
vt 2.540018 0.055211
vt 2.514141 0.940743
vt 2.515336 0.926000
vt 2.500000 0.925184
vt 2.087826 0.016800
vt 2.087958 0.007986
vt 2.098258 0.007739
vt 2.097961 0.016511
vt 2.077690 0.008866
vt 2.077603 0.017284
vt 2.216387 0.627970
vt 2.214314 0.614470
vt 2.221962 0.613123
vt 2.371289 0.611279
vt 2.388586 0.626348
vt 2.386791 0.640750
vt 2.381608 0.611762
vt 2.389425 0.612466
vt 2.309157 0.814799
vt 2.321436 0.809518
vt 2.331511 0.802496
vt 2.295871 0.815367
vt 2.296009 0.801730
vt 2.308000 0.801948
vt 2.295128 0.794316
vt 2.308294 0.794395
vt 2.319718 0.798868
vt 2.324876 0.797676
vt 2.320863 0.792304
vt 2.338248 0.795438
vt 2.275688 0.807128
vt 2.284381 0.812448
vt 2.287237 0.796091
vt 2.290742 0.802790
vt 2.315383 0.679171
vt 2.369303 0.704064
vt 2.237121 0.704775
vt 2.232960 0.689742
vt 2.253029 0.772754
vt 2.353342 0.766362
vt 2.246513 0.749604
vt 2.358770 0.746965
vt 2.355292 0.745815
vt 2.384775 0.652347
vt 2.221566 0.653217
vt 2.219089 0.641577
vt 2.108374 0.007404
vt 2.118940 0.006914
vt 2.055595 0.011175
vt 2.067008 0.009945
vt 2.279536 0.309588
vt 2.290287 0.309020
vt 2.305075 0.308271
vt 2.320326 0.308236
vt 2.333007 0.308256
vt 2.279491 0.204993
vt 2.286439 0.198836
vt 2.299212 0.197481
vt 2.312059 0.197453
vt 2.319451 0.202697
vt 2.286294 0.194374
vt 2.285066 0.191342
vt 2.298948 0.192628
vt 2.298765 0.189260
vt 2.277224 0.203083
vt 2.274601 0.201145
vt 2.311718 0.193001
vt 2.312607 0.189853
vt 2.270770 0.310061
vt 2.271895 0.265999
vt 2.333831 0.247529
vt 2.269662 0.211873
vt 2.321442 0.200495
vt 2.323818 0.198263
vt 2.330134 0.208689
vt 2.343401 0.308134
vt 2.271744 0.329368
vt 2.345756 0.330253
vt 2.287680 0.366330
vt 2.297134 0.373059
vt 2.308377 0.378420
vt 2.320703 0.377876
vt 2.330859 0.374290
vt 2.336785 0.367503
vt 2.223537 0.626299
vt 2.371208 0.623932
vt 2.381081 0.624891
vt 2.379656 0.638410
vt 2.369934 0.636541
vt 2.329204 0.798476
vt 2.330394 0.800909
vt 2.308717 0.812514
vt 2.308146 0.806966
vt 2.319732 0.803199
vt 2.320721 0.807968
vt 2.296267 0.807098
vt 2.296122 0.813053
vt 2.286594 0.805544
vt 2.285153 0.810240
vt 2.277128 0.804598
vt 2.280521 0.799845
vt 2.225963 0.639481
vt 2.235485 0.637587
vt 2.269302 0.238236
vt 2.269049 0.225929
vt 2.332262 0.222604
vt 2.333271 0.234982
vt 2.229343 0.677999
vt 2.225665 0.666402
vt 2.212207 0.013991
vt 2.224059 0.017053
vt 2.140679 0.006666
vt 2.129795 0.006853
vt 2.380939 0.665900
vt 2.377224 0.677585
vt 2.233328 0.625161
vt 2.232110 0.612513
vt 2.356259 0.686491
vt 2.360335 0.673369
vt 2.373566 0.689376
vt 2.366356 0.688069
vt 2.370023 0.675539
vt 2.272227 0.238188
vt 2.272871 0.250534
vt 2.270026 0.250671
vt 2.276881 0.250486
vt 2.276669 0.238054
vt 2.288266 0.250065
vt 2.287890 0.237619
vt 2.301931 0.249423
vt 2.301323 0.237027
vt 2.315292 0.248662
vt 2.314618 0.236200
vt 2.326426 0.247916
vt 2.325724 0.235464
vt 2.330943 0.247751
vt 2.330328 0.235187
vt 2.236316 0.676325
vt 2.240285 0.688363
vt 2.246063 0.674097
vt 2.250717 0.686590
vt 2.323586 0.780410
vt 2.331953 0.780697
vt 2.344373 0.785188
vt 2.277647 0.348624
vt 2.338624 0.353055
vt 2.341181 0.353824
vt 2.265467 0.795516
vt 2.268422 0.792775
vt 2.273969 0.788193
vt 2.282742 0.783915
vt 2.292816 0.781383
vt 2.308880 0.780684
vt 2.334510 0.792019
vt 2.328030 0.791372
vt 2.339499 0.782146
vt 2.337131 0.793921
vt 2.342983 0.784070
vt 2.281814 0.359288
vt 2.283711 0.359108
vt 2.280020 0.348317
vt 2.288511 0.364748
vt 2.285308 0.350262
vt 2.297573 0.370725
vt 2.294532 0.352341
vt 2.308315 0.375550
vt 2.307035 0.354299
vt 2.320148 0.375170
vt 2.321646 0.354678
vt 2.334775 0.366790
vt 2.329902 0.372119
vt 2.332856 0.354469
vt 2.345821 0.319857
vt 2.253032 0.747633
vt 2.255369 0.759726
vt 2.249756 0.761942
vt 2.263494 0.744144
vt 2.264671 0.755802
vt 2.275160 0.739698
vt 2.275634 0.751279
vt 2.288232 0.736054
vt 2.289590 0.747728
vt 2.306974 0.734489
vt 2.308295 0.746385
vt 2.326529 0.737343
vt 2.326888 0.748742
vt 2.338071 0.740057
vt 2.337767 0.750966
vt 2.348733 0.743514
vt 2.347585 0.754030
vt 2.356069 0.757422
vt 2.353242 0.756270
vt 2.273556 0.309920
vt 2.273351 0.320338
vt 2.270583 0.320523
vt 2.279447 0.320183
vt 2.290655 0.319824
vt 2.305187 0.319375
vt 2.320704 0.319583
vt 2.340178 0.308278
vt 2.342580 0.319765
vt 2.334717 0.319760
vt 2.282539 0.338348
vt 2.280389 0.329296
vt 2.292686 0.338756
vt 2.291375 0.329307
vt 2.306183 0.339243
vt 2.305669 0.329309
vt 2.321973 0.339762
vt 2.321423 0.329669
vt 2.335344 0.340241
vt 2.336093 0.329953
vt 2.342735 0.329914
vt 2.341812 0.340128
vt 2.344810 0.340700
vt 2.257998 0.782955
vt 2.258022 0.770172
vt 2.262065 0.780218
vt 2.266352 0.765888
vt 2.269106 0.775846
vt 2.277540 0.761373
vt 2.279438 0.771516
vt 2.290077 0.758228
vt 2.291058 0.768627
vt 2.308758 0.756896
vt 2.308966 0.767414
vt 2.326559 0.758673
vt 2.325396 0.768538
vt 2.336760 0.760338
vt 2.334809 0.769688
vt 2.345909 0.762869
vt 2.343278 0.771768
vt 2.347662 0.773896
vt 2.350984 0.765133
vt 2.349478 0.775050
vt 2.274257 0.338181
vt 2.274391 0.329138
vt 2.276825 0.337884
vt 2.274707 0.265662
vt 2.362308 0.703459
vt 2.352086 0.701960
vt 2.338277 0.698352
vt 2.304366 0.694944
vt 2.270531 0.697596
vt 2.255815 0.700461
vt 2.244375 0.702580
vt 2.334612 0.263472
vt 2.331763 0.263775
vt 2.327403 0.263980
vt 2.316162 0.264645
vt 2.302654 0.265363
vt 2.288497 0.266046
vt 2.276694 0.266554
vt 2.324499 0.671459
vt 2.324017 0.693301
vt 2.303082 0.681689
vt 2.330957 0.662535
vt 2.335308 0.653055
vt 2.339566 0.633037
vt 2.338079 0.643120
vt 2.339704 0.613363
vt 2.349020 0.612580
vt 2.340000 0.623189
vt 2.254182 0.612887
vt 2.263524 0.613526
vt 2.264124 0.623306
vt 2.267949 0.643324
vt 2.265720 0.633239
vt 2.275401 0.662872
vt 2.271020 0.653227
vt 2.043712 0.013139
vt 2.238238 0.649862
vt 2.241922 0.662053
vt 2.228600 0.651825
vt 2.232474 0.664497
vt 2.329273 0.222796
vt 2.327292 0.209392
vt 2.325009 0.222772
vt 2.323685 0.209855
vt 2.313861 0.223052
vt 2.312750 0.207029
vt 2.300644 0.224043
vt 2.299731 0.207012
vt 2.287350 0.224469
vt 2.286788 0.208418
vt 2.276200 0.225379
vt 2.276218 0.212444
vt 2.272584 0.212344
vt 2.272023 0.225833
vt 2.373888 0.663963
vt 2.377537 0.650900
vt 2.364288 0.661541
vt 2.367712 0.649147
vt 2.152049 0.006430
vt 2.164422 0.018878
vt 2.164036 0.006685
vt 2.174771 0.020308
vt 2.175768 0.008903
vt 2.185304 0.021936
vt 2.188435 0.009718
vt 2.199937 0.012147
vt 2.352978 0.658576
vt 2.348921 0.670287
vt 2.339107 0.666672
vt 2.343445 0.655849
vt 2.348434 0.634351
vt 2.358220 0.635262
vt 2.356176 0.646976
vt 2.346569 0.645066
vt 2.359004 0.611719
vt 2.359168 0.623565
vt 2.349310 0.623239
vt 2.244274 0.612753
vt 2.245070 0.624464
vt 2.254800 0.623749
vt 2.258972 0.645374
vt 2.249490 0.647433
vt 2.246881 0.635953
vt 2.256481 0.634575
vt 2.267163 0.667480
vt 2.257469 0.670888
vt 2.253022 0.659073
vt 2.262460 0.656343
vt 2.262959 0.683376
vt 2.333460 0.678594
vt 2.344351 0.683234
vt 2.285188 0.693313
vt 2.273776 0.679283
vt 2.281896 0.672077
vt 2.290246 0.679686
vt 2.500000 0.382839
vt 2.522199 0.383165
vt 2.500000 0.405317
vt 2.519699 0.405525
vt 2.512934 0.668418
vt 2.528377 0.667806
vt 2.510478 0.636334
vt 2.526049 0.647095
vt 2.511590 0.652575
vt 2.504076 0.638737
vt 2.503026 0.624172
vt 2.510667 0.623849
vt 2.503126 0.606336
vt 2.511484 0.606488
vt 2.503598 0.590856
vt 2.511639 0.590827
vt 2.504062 0.560164
vt 2.512941 0.558741
vt 2.521267 0.550342
vt 2.525783 0.542919
vt 2.505098 0.551330
vt 2.513761 0.550794
vt 2.502617 0.569079
vt 2.503428 0.578061
vt 2.511268 0.577171
vt 2.511668 0.567041
vt 2.526457 0.574123
vt 2.525686 0.563667
vt 0.428130 0.066785
vt 0.419700 0.056558
vt 2.500000 0.047683
vt 0.466246 0.520481
vt 0.468464 0.492082
vt 0.459204 0.374686
vt 0.214759 0.303444
vt 0.180353 0.496959
vt 0.190950 0.540115
vt 0.416457 0.369071
vt 0.426729 0.362207
vt 0.442160 0.485123
vt 0.453234 0.491788
vt 0.434333 0.504284
vt 0.445631 0.515551
vt 0.422079 0.520435
vt 0.276540 0.507874
vt 0.285265 0.498839
vt 0.269423 0.473140
vt 0.260404 0.478106
vt 0.299220 0.355410
vt 0.292317 0.351342
vt 0.464164 0.548746
vt 0.379734 0.731878
vt 0.374554 0.762848
vt 0.403428 0.089568
vt 0.418467 0.074790
vt 0.409247 0.062605
vt 1.698907 0.528399
vt 1.706496 0.495174
vt 1.645570 0.528457
vt 1.650882 0.496628
vt 1.599970 0.497910
vt 1.500000 0.500590
vt 1.548123 0.500188
vt 0.165862 0.600325
vt 1.809453 0.505703
vt 1.752484 0.530964
vt 1.762570 0.497550
vt 1.616441 0.764816
vt 0.369831 0.877123
vt 0.364308 0.877168
vt 0.410824 0.791534
vt 0.425503 0.767237
vt 0.444338 0.736858
vt 1.551688 0.648273
vt 1.566788 0.672525
vt 1.577745 0.690790
vt 1.500000 0.562531
vt 1.500000 0.532600
vt 0.500000 0.660857
vt 0.500000 0.668955
vt 1.672882 0.614460
vt 1.636031 0.613144
vt 1.605742 0.614270
vt 1.535374 0.623799
vt 1.518321 0.601233
vt 0.084273 0.601735
vt 0.076557 0.687432
vt 0.071133 0.721804
vt 0.070897 0.755249
vt 0.075356 0.789349
vt 0.085456 0.822310
vt 0.100044 0.853502
vt 0.119613 0.881343
vt 0.143171 0.904392
vt 0.167845 0.921583
vt 0.464054 0.705904
vt 0.489443 0.666398
vt 0.384241 0.701121
vt 0.354506 0.703302
vt 0.320112 0.707280
vt 0.279304 0.718175
vt 0.224081 0.705545
vt 1.774330 0.605109
vt 1.715417 0.621018
vt 0.120629 0.641820
vt 0.110797 0.664709
vt 0.086084 0.654349
vt 0.097133 0.624827
vt 0.144138 0.659949
vt 0.135608 0.676154
vt 0.160896 0.675427
vt 0.153309 0.687010
vt 0.169860 0.701509
vt 0.182609 0.716761
vt 0.196198 0.726167
vt 0.200948 0.737158
vt 0.202830 0.750593
vt 0.186582 0.730021
vt 0.189577 0.742020
vt 0.166544 0.738959
vt 0.171812 0.762959
vt 0.182332 0.759132
vt 1.622093 0.764119
vt 1.616465 0.753573
vt 1.641003 0.751403
vt 1.632419 0.757676
vt 0.354214 0.871160
vt 0.345850 0.865422
vt 0.176797 0.734628
vt 0.172018 0.723163
vt 0.183021 0.773300
vt 0.369191 0.865626
vt 0.351851 0.833957
vt 0.337679 0.859217
vt 0.327195 0.850346
vt 0.344305 0.848327
vt 1.642012 0.719726
vt 0.168862 0.750933
vt 0.179514 0.746607
vt 1.500000 0.582212
vt 1.500000 0.570418
vt 1.509879 0.591230
vt 1.500000 0.593502
vt 0.066454 0.590037
vt 0.026663 0.715914
vt 0.033657 0.672143
vt 0.046854 0.628601
vt 0.051926 0.633081
vt 0.094766 0.925120
vt 0.066251 0.888138
vt 0.045165 0.848112
vt 0.031502 0.804749
vt 0.025434 0.759453
vt 0.130226 0.929751
vt 0.154342 0.957720
vt 0.161903 0.976383
vt 1.590463 0.712101
vt 1.606475 0.737704
vt 0.188867 0.711620
vt 0.176703 0.693799
vt 0.202958 0.796607
vt 0.394544 0.819335
vt 0.378272 0.847915
vt 0.353044 0.814427
vt 0.364896 0.813407
vt 0.359460 0.837664
vt 0.351779 0.854360
vt 1.641171 0.735416
vt 1.633643 0.741795
vt 1.632207 0.724978
vt 1.624506 0.728951
vt 1.618410 0.705123
vt 0.194230 0.772459
vt 0.192722 0.755039
vt 1.500000 0.603570
vt 1.507411 0.610364
vt 1.508491 0.600530
vt 1.513476 0.617828
vt 1.515630 0.609191
vt 1.547680 0.654126
vt 1.544628 0.660605
vt 1.527422 0.635724
vt 1.531000 0.629294
vt 1.563215 0.678916
vt 1.560796 0.685617
vt 1.574843 0.697737
vt 1.573116 0.704879
vt 1.587697 0.718687
vt 1.585899 0.724946
vt 1.597907 0.741898
vt 1.601726 0.739860
vt 1.611873 0.764973
vt 1.606588 0.754998
vt 1.611094 0.754411
vt 0.378334 0.864875
vt 0.374268 0.876716
vt 0.374261 0.865351
vt 0.386687 0.848180
vt 0.382937 0.848166
vt 0.397081 0.823079
vt 0.398636 0.826643
vt 0.412709 0.796198
vt 0.413367 0.801110
vt 0.427501 0.771752
vt 0.428326 0.777243
vt 0.446125 0.740674
vt 0.447606 0.746659
vt 0.467786 0.715451
vt 0.465959 0.709249
vt 0.488370 0.685906
vt 0.488925 0.677313
vt 0.500000 0.676417
vt 0.077243 0.596370
vt 0.070732 0.591170
vt 0.108902 0.895905
vt 0.085349 0.866919
vt 0.059838 0.838735
vt 0.045627 0.801093
vt 0.040149 0.760259
vt 0.051616 0.720883
vt 0.062217 0.683717
vt 0.067987 0.645335
vt 0.157859 0.980769
vt 0.123778 0.952888
vt 0.159524 0.978966
vt 0.169458 0.963123
vt 0.165357 0.972606
vt 0.078304 0.609936
vt 0.072108 0.601488
vt 0.125533 0.947975
vt 0.127386 0.942394
vt 0.098930 0.914904
vt 0.102260 0.908364
vt 0.072842 0.881307
vt 0.077039 0.876302
vt 0.047649 0.846379
vt 0.051730 0.843881
vt 0.034291 0.803986
vt 0.038069 0.803018
vt 0.028367 0.759690
vt 0.032295 0.759865
vt 0.032310 0.716969
vt 0.041021 0.718881
vt 0.042497 0.675641
vt 0.051111 0.679714
vt 0.058434 0.638875
vt 0.060297 0.588419
vt 0.021834 0.185168
vt 0.028670 0.230289
vt 0.044995 0.274557
vt 0.068460 0.311797
vt 0.247227 0.018349
vt 0.201794 0.014171
vt 0.159856 0.017907
vt 0.113742 0.033249
vt 0.074522 0.059375
vt 0.044336 0.096232
vt 0.025366 0.140037
vt 0.035347 0.185140
vt 0.041816 0.227102
vt 0.057182 0.267322
vt 0.080432 0.303372
vt 0.245426 0.032363
vt 0.202066 0.027799
vt 0.161121 0.031184
vt 0.119655 0.045635
vt 0.083841 0.069899
vt 0.056172 0.103638
vt 0.038851 0.143688
vt 0.046749 0.185250
vt 0.053017 0.224672
vt 0.067895 0.262194
vt 0.090009 0.296257
vt 0.243193 0.044617
vt 0.202238 0.040030
vt 0.162929 0.043641
vt 0.124741 0.057208
vt 0.091580 0.079383
vt 0.066105 0.110338
vt 0.050233 0.147131
vt 0.058373 0.186056
vt 0.064534 0.222444
vt 0.078868 0.257168
vt 0.099580 0.288532
vt 0.240000 0.058700
vt 0.202162 0.053969
vt 0.165333 0.057494
vt 0.130201 0.069894
vt 0.099887 0.090102
vt 0.076771 0.118056
vt 0.062431 0.151412
vt 0.071275 0.188126
vt 0.077337 0.220355
vt 0.089723 0.252103
vt 0.108644 0.280718
vt 0.236179 0.073043
vt 0.201539 0.068842
vt 0.168344 0.074081
vt 0.136991 0.085496
vt 0.108747 0.101640
vt 0.087877 0.126549
vt 0.075005 0.156406
vt 0.084126 0.190739
vt 0.088410 0.219148
vt 0.099764 0.247513
vt 0.117638 0.272494
vt 0.231196 0.089354
vt 0.200363 0.084055
vt 0.170806 0.088253
vt 0.142394 0.098102
vt 0.117676 0.113335
vt 0.099479 0.135774
vt 0.088084 0.162114
vt 0.097564 0.193071
vt 0.100865 0.218445
vt 0.110628 0.242603
vt 0.126408 0.263955
vt 0.225296 0.106368
vt 0.199019 0.101271
vt 0.172624 0.103101
vt 0.148045 0.111471
vt 0.127015 0.125813
vt 0.110976 0.145142
vt 0.100969 0.168091
vt 0.115692 0.196119
vt 0.118074 0.216207
vt 0.125698 0.235148
vt 0.138245 0.251448
vt 0.216699 0.128149
vt 0.196451 0.123521
vt 0.175786 0.124687
vt 0.156384 0.131259
vt 0.139677 0.142657
vt 0.126822 0.158030
vt 0.118662 0.176276
vt 0.135791 0.198302
vt 0.137255 0.212407
vt 0.142480 0.225534
vt 0.151241 0.236520
vt 0.206556 0.150662
vt 0.192833 0.147088
vt 0.178575 0.147761
vt 0.165030 0.152381
vt 0.153247 0.160468
vt 0.144069 0.171372
vt 0.138119 0.184290
vt 2.362020 0.469037
vt 2.352408 0.474637
vt 2.356212 0.466806
vt 2.028033 0.404476
vt 2.036444 0.410316
vt 2.033849 0.402723
vt 2.044807 0.409132
vt 2.039988 0.400431
vt 2.052744 0.404702
vt 2.046324 0.397011
vt 2.058935 0.400804
vt 2.052631 0.392815
vt 2.063941 0.383140
vt 2.071642 0.387430
vt 2.065742 0.396314
vt 2.058745 0.388365
vt 2.318689 0.424486
vt 2.317225 0.431549
vt 2.317872 0.438577
vt 2.312205 0.449429
vt 2.320723 0.443662
vt 2.318079 0.454571
vt 2.324784 0.447484
vt 2.330493 0.451846
vt 2.330797 0.464437
vt 2.336912 0.456291
vt 2.337915 0.468868
vt 2.343589 0.460518
vt 2.345016 0.472835
vt 2.350092 0.464121
vt 2.127672 0.436162
vt 2.135960 0.444168
vt 2.132430 0.449311
vt 2.128251 0.446477
vt 2.132149 0.441442
vt 2.260178 0.475706
vt 2.256014 0.482879
vt 2.259469 0.487546
vt 2.252145 0.494233
vt 2.249517 0.489125
vt 2.252401 0.486821
vt 2.255388 0.491299
vt 2.248399 0.490212
vt 2.123092 0.440855
vt 2.108901 0.436278
vt 2.288632 0.459186
vt 2.281017 0.475543
vt 2.304601 0.455328
vt 2.291728 0.465613
vt 2.303127 0.432432
vt 2.308685 0.431946
vt 2.309302 0.442275
vt 2.302657 0.445645
vt 2.309423 0.423945
vt 2.276834 0.470147
vt 2.265233 0.480576
vt 2.123058 0.430433
vt 2.118241 0.433616
vt 2.123368 0.424437
vt 2.094008 0.432733
vt 2.093110 0.419899
vt 2.086514 0.411720
vt 2.079904 0.413491
vt 2.086776 0.423115
vt 2.072303 0.417348
vt 2.079418 0.426809
vt 2.065408 0.421077
vt 2.072035 0.430494
vt 2.058336 0.424657
vt 2.064363 0.433782
vt 2.051751 0.428040
vt 2.056829 0.436836
vt 2.045038 0.431517
vt 2.050410 0.439620
vt 2.033738 0.434693
vt 2.039408 0.433033
vt 2.044125 0.441878
vt 2.345675 0.506716
vt 2.350339 0.498245
vt 2.355795 0.499806
vt 2.345509 0.496351
vt 2.307066 0.469842
vt 2.301530 0.465465
vt 2.294287 0.473197
vt 2.073048 0.402233
vt 2.081780 0.400813
vt 2.106448 0.409828
vt 2.110746 0.416204
vt 2.100187 0.414937
vt 2.111388 0.426155
vt 2.117608 0.426047
vt 2.100307 0.427885
vt 2.105703 0.421351
vt 2.285461 0.454654
vt 2.280996 0.450080
vt 2.269947 0.459149
vt 2.274935 0.445937
vt 2.267007 0.453773
vt 2.267593 0.441414
vt 2.262616 0.449459
vt 2.249427 0.435686
vt 2.256773 0.437987
vt 2.254569 0.444934
vt 2.074513 0.692566
vt 2.069281 0.721415
vt 2.210116 0.693818
vt 2.214772 0.722773
vt 2.201304 0.695309
vt 2.205102 0.724482
vt 2.191279 0.696739
vt 2.194516 0.725995
vt 2.180445 0.697935
vt 2.183303 0.727204
vt 2.169565 0.698782
vt 2.172029 0.728075
vt 2.159407 0.699234
vt 2.161268 0.728567
vt 2.150410 0.699372
vt 2.151330 0.728751
vt 2.142346 0.699335
vt 2.142031 0.728740
vt 2.133219 0.699163
vt 2.132192 0.728530
vt 2.125012 0.698863
vt 2.122682 0.728161
vt 2.114884 0.698239
vt 2.111932 0.727479
vt 2.104045 0.697208
vt 2.100673 0.726401
vt 2.093260 0.695823
vt 2.089480 0.724996
vt 2.083283 0.694217
vt 2.078922 0.723292
vt 2.069406 0.780890
vt 2.066237 0.809343
vt 2.081588 0.782821
vt 2.078943 0.811261
vt 2.093879 0.784344
vt 2.091593 0.812770
vt 2.106134 0.785358
vt 2.104176 0.813732
vt 2.118177 0.785955
vt 2.116677 0.814243
vt 2.129943 0.786257
vt 2.129091 0.814462
vt 2.141511 0.786389
vt 2.141426 0.814544
vt 2.153069 0.786445
vt 2.153721 0.814582
vt 2.164814 0.786349
vt 2.166032 0.814632
vt 2.176820 0.785977
vt 2.178373 0.814388
vt 2.189021 0.785218
vt 2.190754 0.813761
vt 2.201270 0.783934
vt 2.203201 0.812433
vt 2.213446 0.782271
vt 2.215769 0.810776
vt 2.225475 0.780308
vt 2.228513 0.808950
vt 2.057397 0.778644
vt 2.053440 0.807180
vt 2.052862 0.848068
vt 2.050604 0.876340
vt 2.228614 0.849619
vt 2.230022 0.878036
vt 2.215634 0.851325
vt 2.216627 0.879981
vt 2.203506 0.852843
vt 2.204506 0.881541
vt 2.192009 0.853958
vt 2.193103 0.882688
vt 2.180474 0.854580
vt 2.181648 0.883338
vt 2.168208 0.854837
vt 2.169381 0.883664
vt 2.154952 0.854875
vt 2.155733 0.883735
vt 2.140995 0.854779
vt 2.140835 0.883628
vt 2.126648 0.854588
vt 2.125613 0.883351
vt 2.113416 0.854138
vt 2.111769 0.882925
vt 2.101115 0.853511
vt 2.099402 0.882283
vt 2.089519 0.852565
vt 2.087874 0.881356
vt 2.077954 0.851365
vt 2.076395 0.880062
vt 2.065803 0.849798
vt 2.064182 0.878379
vt 2.057771 0.934963
vt 2.052135 0.962967
vt 2.070746 0.937135
vt 2.066200 0.965706
vt 2.082987 0.938887
vt 2.079312 0.967721
vt 2.095318 0.940128
vt 2.092568 0.969034
vt 2.108668 0.941039
vt 2.107053 0.970021
vt 2.123721 0.941638
vt 2.123058 0.970644
vt 2.140141 0.941867
vt 2.139688 0.970788
vt 2.156445 0.941691
vt 2.156340 0.970647
vt 2.171271 0.941123
vt 2.172236 0.969958
vt 2.184490 0.940289
vt 2.187377 0.968983
vt 2.196710 0.939432
vt 2.201578 0.967684
vt 2.208900 0.938162
vt 2.215168 0.966215
vt 2.221961 0.936471
vt 2.228656 0.964369
vt 2.236393 0.934109
vt 2.242897 0.961410
vt 2.258097 0.958125
vt 2.022242 0.955198
vt 2.043375 0.932117
vt 2.037299 0.959402
vt 2.326758 0.570514
vt 2.324906 0.567972
vt 2.063886 0.502679
vt 2.062117 0.505304
vt 2.043299 0.492460
vt 2.045066 0.490066
vt 2.342036 0.554226
vt 2.344083 0.556384
vt 2.349676 0.592526
vt 2.354529 0.592426
vt 2.361272 0.586465
vt 2.041943 0.529392
vt 2.037069 0.529714
vt 2.029519 0.524651
vt 2.032700 0.528057
vt 2.358703 0.590358
vt 2.028033 0.520065
vt 2.362020 0.581615
vt 2.348600 0.561349
vt 2.350733 0.563743
vt 2.037271 0.500489
vt 2.039198 0.497845
vt 2.058316 0.511092
vt 2.056475 0.513808
vt 2.333053 0.578654
vt 2.330992 0.576058
vt 2.355476 0.569409
vt 2.032908 0.506609
vt 2.052223 0.519875
vt 2.338038 0.584420
vt 2.322416 0.564541
vt 2.319855 0.561062
vt 2.068810 0.495147
vt 2.066333 0.499044
vt 2.047396 0.486849
vt 2.049692 0.483690
vt 2.336850 0.548639
vt 2.339358 0.551394
vt 2.337948 0.560851
vt 2.335088 0.563086
vt 2.332304 0.565400
vt 2.329554 0.567883
vt 2.059052 0.502862
vt 2.056338 0.500807
vt 2.053018 0.498486
vt 2.049574 0.496315
vt 2.046641 0.494533
vt 2.340952 0.558643
vt 2.353102 0.566466
vt 2.349898 0.568698
vt 2.347568 0.566058
vt 2.035156 0.503477
vt 2.038559 0.505479
vt 2.040614 0.502561
vt 2.041646 0.507307
vt 2.043916 0.504572
vt 2.045172 0.509567
vt 2.047189 0.506698
vt 2.048551 0.512040
vt 2.050348 0.508984
vt 2.054381 0.516786
vt 2.051353 0.514270
vt 2.053388 0.511361
vt 2.335429 0.581528
vt 2.338163 0.578709
vt 2.335895 0.575923
vt 2.340923 0.575957
vt 2.338561 0.573396
vt 2.343777 0.573398
vt 2.341523 0.570748
vt 2.346750 0.570985
vt 2.344630 0.568266
vt 2.358609 0.573706
vt 2.352178 0.571521
vt 2.030044 0.511370
vt 2.036444 0.508470
vt 2.039831 0.510369
vt 2.043150 0.512483
vt 2.046322 0.514804
vt 2.048943 0.524143
vt 2.049307 0.517272
vt 2.341972 0.588253
vt 2.340651 0.581446
vt 2.343140 0.578730
vt 2.346029 0.576028
vt 2.349128 0.573578
vt 2.342556 0.565890
vt 2.340479 0.563499
vt 2.339500 0.568345
vt 2.337458 0.565913
vt 2.336543 0.570916
vt 2.334514 0.568413
vt 2.333863 0.573382
vt 2.331853 0.570829
vt 2.328988 0.573474
vt 2.060099 0.508372
vt 2.055238 0.508693
vt 2.057020 0.505969
vt 2.052135 0.506369
vt 2.053948 0.503740
vt 2.048986 0.504158
vt 2.050808 0.501588
vt 2.045778 0.502023
vt 2.047642 0.499467
vt 2.042502 0.499937
vt 2.044450 0.497390
vt 2.041144 0.495288
vt 2.346486 0.559006
vt 2.345459 0.563688
vt 2.343360 0.561331
vt 2.361192 0.578094
vt 2.355163 0.575534
vt 2.028157 0.516404
vt 2.033699 0.512742
vt 2.037230 0.514369
vt 2.040514 0.516355
vt 2.043547 0.518676
vt 2.045224 0.527774
vt 2.046314 0.521332
vt 2.346236 0.591393
vt 2.344250 0.585016
vt 2.346294 0.582462
vt 2.349134 0.579601
vt 2.352361 0.577202
vt 2.330394 0.551998
vt 2.327204 0.553824
vt 2.324332 0.555949
vt 2.322034 0.558183
vt 2.317283 0.557951
vt 2.071298 0.491606
vt 2.066229 0.492458
vt 2.063392 0.490239
vt 2.060181 0.488442
vt 2.056815 0.486823
vt 2.053276 0.485305
vt 2.051431 0.480749
vt 2.334936 0.546149
vt 2.333440 0.550384
vt 2.338860 0.556405
vt 2.336074 0.553379
vt 2.048431 0.492057
vt 2.050838 0.488691
vt 2.051750 0.493875
vt 2.054243 0.490415
vt 2.054965 0.495761
vt 2.057510 0.492203
vt 2.057988 0.497879
vt 2.060580 0.494198
vt 2.060892 0.500206
vt 2.063472 0.496489
vt 2.327628 0.565297
vt 2.324929 0.561757
vt 2.330145 0.562977
vt 2.327304 0.559442
vt 2.333002 0.560606
vt 2.330117 0.557205
vt 2.336007 0.558383
vt 2.333138 0.555162
vt 2.327776 0.548697
vt 2.325824 0.545412
vt 2.324111 0.550265
vt 2.321157 0.546651
vt 2.320901 0.552354
vt 2.317056 0.548829
vt 2.318684 0.554750
vt 2.314648 0.552115
vt 2.069301 0.488408
vt 2.073105 0.484702
vt 2.066471 0.486189
vt 2.069915 0.482004
vt 2.062909 0.484559
vt 2.059134 0.483237
vt 2.060896 0.479665
vt 2.055289 0.482021
vt 2.056563 0.478815
vt 2.331225 0.547401
vt 2.330028 0.544477
vt 2.358809 0.582046
vt 2.357630 0.579292
vt 2.031133 0.520006
vt 2.031819 0.517035
vt 2.032983 0.522099
vt 2.035128 0.518114
vt 2.035558 0.523730
vt 2.038176 0.519753
vt 2.038052 0.525496
vt 2.040857 0.521964
vt 2.040687 0.526392
vt 2.043164 0.524653
vt 2.350383 0.589515
vt 2.347768 0.587988
vt 2.352620 0.587639
vt 2.349425 0.585513
vt 2.354628 0.585810
vt 2.351865 0.582732
vt 2.356692 0.584040
vt 2.354945 0.580642
vt 2.284695 0.573962
vt 2.284804 0.569953
vt 2.104586 0.504268
vt 2.105278 0.508136
vt 2.078206 0.512101
vt 2.077814 0.508282
vt 2.311837 0.569496
vt 2.312161 0.573339
vt 2.290135 0.612247
vt 2.294879 0.615814
vt 2.305866 0.615175
vt 2.107488 0.546196
vt 2.103417 0.550519
vt 2.092488 0.552274
vt 2.098149 0.552667
vt 2.300455 0.616977
vt 2.087357 0.549422
vt 2.310243 0.611084
vt 2.312728 0.581531
vt 2.312953 0.585434
vt 2.079409 0.524293
vt 2.078953 0.520322
vt 2.106803 0.516322
vt 2.107445 0.520257
vt 2.284693 0.586417
vt 2.284652 0.582415
vt 2.313179 0.594445
vt 2.080539 0.533387
vt 2.108836 0.529170
vt 2.285141 0.595651
vt 2.285061 0.564324
vt 2.285104 0.558780
vt 2.102576 0.493308
vt 2.103607 0.498782
vt 2.077224 0.503014
vt 2.076640 0.497940
vt 2.311161 0.559340
vt 2.311335 0.564252
vt 2.302860 0.573040
vt 2.298404 0.573055
vt 2.293952 0.573217
vt 2.289402 0.573541
vt 2.100553 0.508441
vt 2.096454 0.508763
vt 2.091633 0.509341
vt 2.086853 0.510210
vt 2.082832 0.511083
vt 2.307428 0.573169
vt 2.313115 0.589831
vt 2.308359 0.589588
vt 2.308164 0.585308
vt 2.079943 0.528731
vt 2.084639 0.527648
vt 2.084097 0.523310
vt 2.088904 0.526697
vt 2.088675 0.522330
vt 2.093916 0.525780
vt 2.093317 0.521508
vt 2.098978 0.525196
vt 2.097997 0.520954
vt 2.108143 0.524631
vt 2.103332 0.524883
vt 2.102664 0.520593
vt 2.284848 0.590921
vt 2.289569 0.590340
vt 2.289456 0.585976
vt 2.294287 0.589806
vt 2.293934 0.585584
vt 2.298951 0.589512
vt 2.298794 0.585287
vt 2.303618 0.589430
vt 2.303665 0.585232
vt 2.312939 0.600929
vt 2.308420 0.594005
vt 2.081932 0.540009
vt 2.085237 0.532086
vt 2.089829 0.530953
vt 2.094541 0.530079
vt 2.099293 0.529525
vt 2.109353 0.535751
vt 2.103999 0.529271
vt 2.285907 0.602317
vt 2.289860 0.594826
vt 2.294307 0.594115
vt 2.299120 0.593709
vt 2.303942 0.593690
vt 2.303472 0.581388
vt 2.303283 0.577522
vt 2.298662 0.581453
vt 2.298540 0.577578
vt 2.293865 0.581697
vt 2.293803 0.577770
vt 2.289418 0.582029
vt 2.289408 0.578078
vt 2.284656 0.578454
vt 2.106096 0.512459
vt 2.102060 0.516695
vt 2.101363 0.512822
vt 2.097393 0.517140
vt 2.096803 0.513311
vt 2.092794 0.517743
vt 2.092268 0.513938
vt 2.088217 0.518490
vt 2.087746 0.514651
vt 2.083615 0.519384
vt 2.083236 0.515478
vt 2.078586 0.516425
vt 2.312471 0.577679
vt 2.307940 0.581444
vt 2.307698 0.577584
vt 2.312105 0.607082
vt 2.308250 0.600096
vt 2.084429 0.546059
vt 2.086330 0.538179
vt 2.090830 0.536686
vt 2.095407 0.535727
vt 2.100043 0.535280
vt 2.109063 0.542046
vt 2.104730 0.535362
vt 2.287673 0.608560
vt 2.290625 0.600953
vt 2.294509 0.600058
vt 2.299394 0.599463
vt 2.304301 0.599591
vt 2.302567 0.557371
vt 2.297999 0.556851
vt 2.293475 0.556995
vt 2.289441 0.557549
vt 2.284726 0.553673
vt 2.101912 0.488291
vt 2.098095 0.492659
vt 2.093747 0.492608
vt 2.089366 0.493267
vt 2.085034 0.494375
vt 2.080859 0.495964
vt 2.075717 0.493662
vt 2.311533 0.555205
vt 2.306701 0.558177
vt 2.307120 0.569185
vt 2.306767 0.563605
vt 2.082368 0.507145
vt 2.081641 0.501603
vt 2.086715 0.506010
vt 2.085950 0.500255
vt 2.091049 0.505151
vt 2.090229 0.499329
vt 2.095431 0.504668
vt 2.094561 0.498809
vt 2.099912 0.504471
vt 2.099005 0.498702
vt 2.289491 0.569428
vt 2.289576 0.563532
vt 2.293715 0.569048
vt 2.293662 0.563065
vt 2.298289 0.568825
vt 2.298139 0.562865
vt 2.302864 0.568919
vt 2.302633 0.563119
vt 2.303021 0.551625
vt 2.304546 0.546303
vt 2.297879 0.550630
vt 2.298090 0.544601
vt 2.292817 0.550596
vt 2.291319 0.543904
vt 2.288569 0.551473
vt 2.285752 0.545864
vt 2.098014 0.486669
vt 2.099785 0.480790
vt 2.093399 0.486278
vt 2.093921 0.479838
vt 2.088439 0.487067
vt 2.087376 0.481021
vt 2.083624 0.488598
vt 2.081204 0.483358
vt 2.079375 0.490880
vt 2.076480 0.486904
vt 2.073646 0.491124
vt 2.313352 0.553040
vt 2.307410 0.553066
vt 2.309839 0.548764
vt 2.306830 0.609082
vt 2.307777 0.605555
vt 2.090068 0.546785
vt 2.088215 0.543566
vt 2.093454 0.547110
vt 2.092061 0.541772
vt 2.097103 0.546424
vt 2.096138 0.540699
vt 2.100789 0.545931
vt 2.100363 0.540448
vt 2.103881 0.544548
vt 2.104650 0.540943
vt 2.293086 0.609893
vt 2.291725 0.606455
vt 2.296655 0.609783
vt 2.295193 0.605340
vt 2.299968 0.609543
vt 2.299641 0.604517
vt 2.303289 0.609400
vt 2.304179 0.604831
vt 2.223769 0.488864
vt 2.227986 0.489395
vt 2.165394 0.442011
vt 2.169449 0.442950
vt 2.161358 0.474343
vt 2.157040 0.473196
vt 2.226242 0.520897
vt 2.221862 0.520809
vt 2.183268 0.491234
vt 2.178915 0.496140
vt 2.178369 0.508815
vt 2.207124 0.456007
vt 2.209868 0.462032
vt 2.207179 0.474608
vt 2.209958 0.468634
vt 2.176957 0.502399
vt 2.202228 0.478883
vt 2.182280 0.514177
vt 2.213032 0.520474
vt 2.208873 0.520272
vt 2.174217 0.477767
vt 2.170047 0.476728
vt 2.177856 0.444737
vt 2.181894 0.445662
vt 2.210841 0.487585
vt 2.215034 0.487961
vt 2.199349 0.519477
vt 2.183763 0.479998
vt 2.191065 0.447897
vt 2.201075 0.487159
vt 2.233888 0.490215
vt 2.239463 0.490824
vt 2.153995 0.439157
vt 2.159623 0.440545
vt 2.150723 0.471575
vt 2.144246 0.469692
vt 2.238862 0.521136
vt 2.232559 0.520931
vt 2.223115 0.510096
vt 2.223453 0.504912
vt 2.223630 0.499698
vt 2.223699 0.494354
vt 2.167809 0.448262
vt 2.166352 0.452929
vt 2.164723 0.458527
vt 2.163362 0.464161
vt 2.162383 0.468907
vt 2.222558 0.515374
vt 2.204212 0.519961
vt 2.205151 0.514536
vt 2.209660 0.514790
vt 2.178877 0.478866
vt 2.179614 0.473349
vt 2.175112 0.472288
vt 2.180345 0.468340
vt 2.176005 0.466905
vt 2.181476 0.462526
vt 2.177130 0.461505
vt 2.183032 0.456804
vt 2.178573 0.456177
vt 2.186393 0.446740
vt 2.184583 0.451986
vt 2.180209 0.450959
vt 2.206087 0.487250
vt 2.206355 0.492821
vt 2.210899 0.493135
vt 2.206540 0.498318
vt 2.210938 0.498351
vt 2.206398 0.503724
vt 2.210790 0.503999
vt 2.205950 0.509103
vt 2.210306 0.509624
vt 2.192561 0.518414
vt 2.200528 0.514089
vt 2.190893 0.480977
vt 2.184216 0.474379
vt 2.184851 0.468960
vt 2.185873 0.463525
vt 2.187306 0.458187
vt 2.197668 0.449898
vt 2.189072 0.453030
vt 2.194002 0.487541
vt 2.201660 0.492721
vt 2.202072 0.497899
vt 2.202036 0.503466
vt 2.201484 0.508997
vt 2.214325 0.509840
vt 2.218383 0.510068
vt 2.214765 0.504266
vt 2.218772 0.504556
vt 2.214952 0.498678
vt 2.218992 0.499025
vt 2.214992 0.493496
vt 2.219065 0.493888
vt 2.219148 0.488364
vt 2.173880 0.443900
vt 2.176239 0.450033
vt 2.172271 0.449205
vt 2.174685 0.455313
vt 2.170798 0.454415
vt 2.173300 0.460591
vt 2.169424 0.459663
vt 2.172079 0.465907
vt 2.168131 0.464920
vt 2.171029 0.471290
vt 2.166980 0.470181
vt 2.165957 0.475609
vt 2.217161 0.520647
vt 2.213746 0.514984
vt 2.217835 0.515165
vt 2.186228 0.516702
vt 2.194203 0.513183
vt 2.197809 0.480617
vt 2.190616 0.475502
vt 2.190810 0.470072
vt 2.191664 0.464792
vt 2.193141 0.459673
vt 2.203691 0.452753
vt 2.195246 0.454736
vt 2.187331 0.488911
vt 2.195216 0.492970
vt 2.195889 0.497508
vt 2.196061 0.503161
vt 2.195316 0.508749
vt 2.240950 0.511636
vt 2.240995 0.506470
vt 2.240542 0.501171
vt 2.240026 0.496255
vt 2.244402 0.491040
vt 2.148962 0.437516
vt 2.151843 0.444278
vt 2.149654 0.449288
vt 2.147684 0.454255
vt 2.145957 0.459275
vt 2.144830 0.464388
vt 2.137980 0.467992
vt 2.244917 0.521594
vt 2.240315 0.516207
vt 2.227015 0.515495
vt 2.233579 0.515743
vt 2.158026 0.467813
vt 2.151556 0.466175
vt 2.159011 0.462587
vt 2.152628 0.460982
vt 2.160270 0.457440
vt 2.154069 0.455902
vt 2.161910 0.452352
vt 2.155830 0.450855
vt 2.163704 0.447260
vt 2.157758 0.445769
vt 2.227979 0.494890
vt 2.234102 0.495639
vt 2.228005 0.499881
vt 2.234319 0.500548
vt 2.227951 0.505273
vt 2.234442 0.505840
vt 2.227593 0.510602
vt 2.234188 0.511034
vt 2.248050 0.512639
vt 2.255444 0.514010
vt 2.247688 0.507097
vt 2.254396 0.507425
vt 2.246731 0.501574
vt 2.252193 0.500707
vt 2.245612 0.496459
vt 2.250533 0.495702
vt 2.146371 0.442461
vt 2.141494 0.440122
vt 2.143697 0.447450
vt 2.138189 0.445122
vt 2.141164 0.452489
vt 2.134826 0.450380
vt 2.139005 0.457640
vt 2.131698 0.455907
vt 2.137859 0.462832
vt 2.130304 0.461877
vt 2.247304 0.517315
vt 2.254360 0.519896
vt 2.185038 0.510543
vt 2.188606 0.511996
vt 2.200476 0.474896
vt 2.196596 0.475559
vt 2.202091 0.471405
vt 2.196233 0.470724
vt 2.202858 0.467180
vt 2.196763 0.465942
vt 2.203893 0.463002
vt 2.198263 0.461347
vt 2.203824 0.459172
vt 2.200602 0.456996
vt 2.185689 0.494854
vt 2.189411 0.493702
vt 2.185596 0.498897
vt 2.190351 0.497746
vt 2.185528 0.502710
vt 2.190812 0.502896
vt 2.185269 0.506518
vt 2.189903 0.508017
vt 2.235457 0.544596
vt 2.238875 0.541205
vt 2.144941 0.489787
vt 2.147456 0.493785
vt 2.118686 0.510537
vt 2.116447 0.506363
vt 2.263423 0.564024
vt 2.260223 0.567671
vt 2.208309 0.581406
vt 2.209342 0.588454
vt 2.219311 0.597340
vt 2.166778 0.534526
vt 2.164190 0.541168
vt 2.152722 0.548167
vt 2.159258 0.545997
vt 2.213129 0.594234
vt 2.145719 0.547368
vt 2.226500 0.597629
vt 2.253628 0.575061
vt 2.250491 0.578525
vt 2.125557 0.523444
vt 2.123254 0.519279
vt 2.152753 0.502036
vt 2.155213 0.506054
vt 2.225206 0.555082
vt 2.228486 0.551680
vt 2.243036 0.586252
vt 2.130920 0.532928
vt 2.160725 0.515204
vt 2.217906 0.563231
vt 2.243713 0.536419
vt 2.248364 0.531676
vt 2.137843 0.478495
vt 2.141358 0.484061
vt 2.113228 0.500465
vt 2.110090 0.494702
vt 2.272624 0.553756
vt 2.267982 0.558833
vt 2.252238 0.559521
vt 2.248238 0.555707
vt 2.244133 0.552005
vt 2.239862 0.548327
vt 2.142281 0.496303
vt 2.137797 0.498535
vt 2.132595 0.501365
vt 2.127573 0.504493
vt 2.123429 0.507288
vt 2.256215 0.563516
vt 2.246889 0.582337
vt 2.243021 0.578041
vt 2.246479 0.574309
vt 2.128149 0.528087
vt 2.132906 0.524689
vt 2.130358 0.520167
vt 2.137250 0.521647
vt 2.135045 0.516955
vt 2.142459 0.518309
vt 2.139885 0.513902
vt 2.147888 0.515337
vt 2.144899 0.511143
vt 2.157940 0.510531
vt 2.152643 0.513002
vt 2.149988 0.508611
vt 2.221601 0.559006
vt 2.226161 0.562552
vt 2.229680 0.558796
vt 2.230693 0.566140
vt 2.233892 0.562309
vt 2.234976 0.569891
vt 2.238370 0.566236
vt 2.239075 0.573829
vt 2.242650 0.570378
vt 2.237350 0.591463
vt 2.239349 0.581777
vt 2.135470 0.539548
vt 2.135574 0.529280
vt 2.140192 0.525880
vt 2.145072 0.522732
vt 2.150156 0.519938
vt 2.164210 0.522209
vt 2.155328 0.517512
vt 2.212992 0.569488
vt 2.222677 0.566555
vt 2.227121 0.569751
vt 2.231616 0.573529
vt 2.235780 0.577655
vt 2.245721 0.567011
vt 2.248820 0.563623
vt 2.241456 0.562931
vt 2.244582 0.559598
vt 2.237055 0.559005
vt 2.240251 0.555674
vt 2.232912 0.555455
vt 2.236159 0.552136
vt 2.231753 0.548352
vt 2.150264 0.498131
vt 2.147587 0.504621
vt 2.145105 0.500708
vt 2.142532 0.507249
vt 2.140183 0.503337
vt 2.137628 0.510022
vt 2.135348 0.506103
vt 2.132816 0.512955
vt 2.130571 0.508962
vt 2.128054 0.516073
vt 2.125869 0.511950
vt 2.121078 0.515149
vt 2.256716 0.571602
vt 2.249568 0.570888
vt 2.252651 0.567450
vt 2.231444 0.595878
vt 2.234074 0.586709
vt 2.140972 0.545024
vt 2.139531 0.535447
vt 2.143870 0.531692
vt 2.148550 0.528514
vt 2.153540 0.525896
vt 2.166676 0.529257
vt 2.158837 0.523860
vt 2.209296 0.576236
vt 2.218225 0.572336
vt 2.222333 0.574884
vt 2.227041 0.578556
vt 2.231136 0.582880
vt 2.265872 0.545418
vt 2.261802 0.541356
vt 2.257301 0.537733
vt 2.253087 0.534675
vt 2.251895 0.526964
vt 2.135154 0.473358
vt 2.132420 0.479900
vt 2.127361 0.481721
vt 2.122576 0.484225
vt 2.118052 0.487187
vt 2.113967 0.490661
vt 2.106911 0.489815
vt 2.277496 0.549478
vt 2.269315 0.549315
vt 2.259486 0.559787
vt 2.264266 0.554453
vt 2.121069 0.503040
vt 2.117584 0.496926
vt 2.125483 0.499836
vt 2.121884 0.493564
vt 2.130024 0.496953
vt 2.126372 0.490702
vt 2.134791 0.494449
vt 2.131106 0.488241
vt 2.139777 0.492184
vt 2.136128 0.486122
vt 2.243358 0.544863
vt 2.248325 0.539854
vt 2.247424 0.548229
vt 2.252448 0.543034
vt 2.251747 0.551982
vt 2.256758 0.546687
vt 2.255829 0.555995
vt 2.260767 0.550662
vt 2.271491 0.540315
vt 2.277812 0.535655
vt 2.266992 0.535961
vt 2.272139 0.530634
vt 2.262040 0.531967
vt 2.265088 0.525149
vt 2.257195 0.529095
vt 2.259765 0.522535
vt 2.252890 0.522476
vt 2.135059 0.469135
vt 2.129702 0.473534
vt 2.129109 0.466878
vt 2.124116 0.474932
vt 2.121887 0.467743
vt 2.118657 0.477596
vt 2.114771 0.471091
vt 2.113660 0.481008
vt 2.108328 0.475551
vt 2.109737 0.485148
vt 2.104253 0.481201
vt 2.103352 0.487395
vt 2.282644 0.547288
vt 2.274982 0.544566
vt 2.281945 0.540972
vt 2.225312 0.592981
vt 2.229080 0.590846
vt 2.147532 0.543158
vt 2.144040 0.540473
vt 2.151446 0.541940
vt 2.147510 0.536693
vt 2.155221 0.539488
vt 2.151576 0.533621
vt 2.159135 0.537248
vt 2.156189 0.531411
vt 2.161977 0.534318
vt 2.161217 0.530015
vt 2.212860 0.581905
vt 2.214578 0.577873
vt 2.216035 0.584825
vt 2.218506 0.579876
vt 2.219087 0.587454
vt 2.223024 0.582977
vt 2.222048 0.590188
vt 2.226635 0.587139
vt 2.282220 0.499117
vt 2.279590 0.496249
vt 2.288460 0.487633
vt 2.288287 0.492365
vt 2.285541 0.501691
vt 2.283469 0.516489
vt 2.292900 0.491894
vt 2.298281 0.481243
vt 2.291241 0.506255
vt 2.299017 0.495343
vt 2.306688 0.485019
vt 2.325731 0.471064
vt 2.314230 0.474739
vt 2.324667 0.460037
vt 2.319819 0.466965
vt 2.326545 0.483542
vt 2.332862 0.475642
vt 2.320405 0.479301
vt 2.293509 0.533310
vt 2.290804 0.541092
vt 2.286295 0.538605
vt 2.297317 0.525671
vt 2.289699 0.521121
vt 2.293701 0.523729
vt 2.289287 0.532507
vt 2.296406 0.510270
vt 2.303931 0.499618
vt 2.299530 0.512985
vt 2.304873 0.503850
vt 2.320072 0.511733
vt 2.339797 0.492992
vt 2.313955 0.538283
vt 2.315423 0.531861
vt 2.319963 0.538228
vt 2.319203 0.520990
vt 2.323600 0.510219
vt 2.312583 0.491312
vt 2.308665 0.502709
vt 2.302413 0.528022
vt 2.302974 0.514294
vt 2.307700 0.516510
vt 2.312833 0.518884
vt 2.313730 0.504922
vt 2.318807 0.508135
vt 2.320020 0.494128
vt 2.326585 0.499650
vt 2.333552 0.488727
vt 2.326848 0.533349
vt 2.320789 0.532442
vt 2.329509 0.523500
vt 2.324053 0.522074
vt 2.334801 0.513078
vt 2.328936 0.511497
vt 2.340499 0.504173
vt 2.334144 0.501782
vt 2.065383 0.480598
vt 2.065930 0.479372
vt 2.061141 0.478248
vt 2.060730 0.473282
vt 2.067554 0.473740
vt 2.060448 0.468817
vt 2.067575 0.468589
vt 2.058619 0.458636
vt 2.066050 0.456925
vt 2.062069 0.446378
vt 0.482576 0.095654
vt 2.513790 0.111863
vt 2.500000 0.073127
vt 2.500000 0.109352
vt 2.514137 0.107877
vt 0.432415 0.083633
vt 0.437369 0.071658
vt 0.435204 0.133231
vt 0.421768 0.103013
vt 0.454580 0.136155
vt 2.519393 0.059330
vt 2.509596 0.060128
vt 2.508420 0.047711
vt 2.511008 0.072784
vt 2.522109 0.071776
vt 2.529180 0.101775
vt 2.514432 0.102669
vt 2.545399 0.101551
vt 2.563057 0.102648
vt 2.588304 0.103889
vt 2.579497 0.109727
vt 2.574359 0.101907
vt 2.528077 0.096560
vt 2.513855 0.097968
vt 2.512668 0.087210
vt 2.525490 0.086295
vt 2.543085 0.095685
vt 2.538285 0.084507
vt 2.556679 0.095051
vt 2.564638 0.109927
vt 2.112620 0.354133
vt 2.113176 0.325472
vt 2.128787 0.354209
vt 2.128261 0.325408
vt 2.145773 0.353883
vt 2.144099 0.325168
vt 2.166121 0.353135
vt 2.164486 0.324553
vt 2.181868 0.352282
vt 2.180109 0.323763
vt 2.195618 0.351353
vt 2.193139 0.322866
vt 2.209861 0.350072
vt 2.206772 0.321592
vt 2.228094 0.347952
vt 2.224099 0.319510
vt 2.262372 0.342523
vt 2.245131 0.345533
vt 2.240936 0.317071
vt 2.007485 0.343949
vt 2.022920 0.347000
vt 2.027222 0.318534
vt 2.038705 0.347394
vt 2.042159 0.320521
vt 2.050409 0.346458
vt 2.054756 0.321843
vt 2.063513 0.347533
vt 2.067392 0.323093
vt 2.081510 0.350688
vt 2.083127 0.324355
vt 2.096786 0.353102
vt 2.098171 0.325207
vt 2.100712 0.266311
vt 2.102293 0.235671
vt 2.087467 0.265991
vt 2.091627 0.235933
vt 2.075018 0.265335
vt 2.078035 0.235383
vt 2.062725 0.264141
vt 2.064552 0.234096
vt 2.049509 0.262452
vt 2.053709 0.232402
vt 2.036619 0.260349
vt 2.041627 0.230808
vt 2.029794 0.228948
vt 2.240332 0.227338
vt 2.231266 0.259091
vt 2.226415 0.229748
vt 2.214936 0.261834
vt 2.209541 0.232465
vt 2.199867 0.263810
vt 2.196732 0.234148
vt 2.187073 0.265085
vt 2.183996 0.235330
vt 2.174713 0.265795
vt 2.171443 0.236011
vt 2.160812 0.266148
vt 2.159452 0.236172
vt 2.142949 0.266236
vt 2.141555 0.236081
vt 2.127425 0.266283
vt 2.127127 0.236022
vt 2.113729 0.266363
vt 2.114693 0.235883
vt 2.117728 0.183528
vt 2.118056 0.162691
vt 2.130510 0.184115
vt 2.131264 0.163266
vt 2.143073 0.184498
vt 2.143434 0.163593
vt 2.155586 0.184682
vt 2.155283 0.163674
vt 2.168030 0.184543
vt 2.167173 0.163473
vt 2.180408 0.183930
vt 2.179141 0.162914
vt 2.192791 0.182858
vt 2.191157 0.161971
vt 2.205243 0.181293
vt 2.203227 0.160661
vt 2.217831 0.179409
vt 2.215406 0.159041
vt 2.045502 0.179826
vt 2.047432 0.159096
vt 2.058460 0.180196
vt 2.060311 0.159680
vt 2.070089 0.180525
vt 2.071776 0.160132
vt 2.081837 0.180947
vt 2.083133 0.160612
vt 2.093524 0.181788
vt 2.094404 0.161287
vt 2.105002 0.182666
vt 2.105628 0.161993
vt 2.110575 0.073772
vt 2.111584 0.046880
vt 2.100055 0.074231
vt 2.100475 0.048116
vt 2.090013 0.074503
vt 2.090357 0.049200
vt 2.080017 0.074590
vt 2.080160 0.050245
vt 2.069910 0.074733
vt 2.059574 0.074648
vt 2.050796 0.053883
vt 2.202065 0.074859
vt 2.211417 0.055078
vt 2.192080 0.074837
vt 2.192213 0.052410
vt 2.182325 0.074926
vt 2.182359 0.052120
vt 2.172715 0.074673
vt 2.172745 0.051046
vt 2.163038 0.074719
vt 2.162985 0.051142
vt 2.153063 0.074370
vt 2.142637 0.075057
vt 2.131931 0.075261
vt 2.121130 0.074663
vt 2.115424 0.021313
vt 2.108261 0.015103
vt 2.116162 0.030255
vt 2.108529 0.031081
vt 2.145111 0.021542
vt 2.152061 0.016449
vt 2.138484 0.021065
vt 2.140171 0.013930
vt 2.130348 0.021062
vt 2.129917 0.013577
vt 2.122254 0.021035
vt 2.119607 0.014012
vt 2.131307 0.039656
vt 2.131827 0.052957
vt 2.139239 0.039195
vt 2.142119 0.052480
vt 2.145899 0.038776
vt 2.153013 0.050038
vt 2.145415 0.029825
vt 2.153828 0.031894
vt 2.123372 0.039685
vt 2.121814 0.050529
vt 2.117053 0.038747
vt 2.061512 0.028503
vt 2.067172 0.018576
vt 2.054797 0.029258
vt 2.055630 0.019232
vt 2.045125 0.020607
vt 2.220909 0.023954
vt 2.209976 0.031002
vt 2.210726 0.021991
vt 2.203336 0.030642
vt 2.198490 0.022357
vt 2.201267 0.038031
vt 2.193558 0.036535
vt 2.205947 0.047071
vt 2.202579 0.053661
vt 2.200015 0.045030
vt 2.213396 0.048688
vt 2.049337 0.047014
vt 2.056943 0.046149
vt 2.059968 0.053568
vt 2.063223 0.045431
vt 2.069959 0.051954
vt 2.062264 0.037506
vt 2.070192 0.035755
vt 0.188907 0.192559
vt 0.182043 0.200669
vt 0.181148 0.204860
vt 0.176956 0.207795
vt 0.174111 0.209410
vt 0.190016 0.184552
vt 0.189694 0.187646
vt 0.171005 0.198889
vt 0.171202 0.202795
vt 0.172301 0.206387
vt 0.169556 0.214240
vt 0.186623 0.184058
vt 0.192707 0.178449
vt 0.182962 0.184473
vt 0.179361 0.185871
vt 0.176132 0.188198
vt 0.173542 0.191302
vt 0.171793 0.194958
vt 0.164193 0.198799
vt 0.158216 0.198805
vt 0.164566 0.204563
vt 0.158788 0.206280
vt 0.166397 0.209856
vt 0.161329 0.213165
vt 0.165725 0.218840
vt 0.187439 0.177217
vt 0.188449 0.171219
vt 0.195400 0.173038
vt 0.181884 0.177658
vt 0.181130 0.171652
vt 0.176498 0.179664
vt 0.174079 0.174177
vt 0.171707 0.183073
vt 0.167853 0.178542
vt 0.167887 0.187634
vt 0.162916 0.184404
vt 0.165322 0.193009
vt 0.159627 0.191327
vt 0.174849 0.195968
vt 0.176212 0.193077
vt 0.178252 0.190627
vt 0.180814 0.188793
vt 0.183703 0.187690
vt 0.186715 0.187345
vt 0.175421 0.205141
vt 0.174468 0.202211
vt 0.174259 0.199087
vt 0.500000 0.624717
vt 0.491890 0.521009
vt 0.500000 0.523788
vt 0.491728 0.549754
vt 0.500000 0.494722
vt 0.492179 0.492393
vt 0.500000 0.375152
vt 0.489137 0.375975
vt 0.500000 0.358012
vt 0.500000 0.322136
vt 0.500000 0.201910
vt 0.500000 0.139784
vt 0.500000 0.096408
vt 0.476470 0.138676
vt 0.480429 0.118074
vt 1.638151 0.585376
vt 1.641610 0.556262
vt 1.680914 0.586461
vt 1.691084 0.555798
vt 1.728531 0.592064
vt 1.741901 0.560164
vt 0.265785 0.685833
vt 0.252220 0.651221
vt 0.312673 0.675313
vt 0.304517 0.641850
vt 0.492334 0.621454
vt 0.492447 0.641066
vt 1.602179 0.586492
vt 1.545347 0.531786
vt 1.597921 0.529518
vt 1.599445 0.557560
vt 1.500000 0.084161
vt 1.500000 0.119788
vt 1.500000 0.277020
vt 1.500000 0.337402
vt 1.500000 0.398146
vt 1.500000 0.429896
vt 1.550789 0.428324
vt 1.500000 0.463462
vt 1.549927 0.462130
vt 1.522031 0.582410
vt 1.547405 0.559635
vt 2.581214 0.085959
vt 2.568238 0.092634
vt 2.560910 0.079027
vt 2.548528 0.052379
vt 2.554310 0.064253
vt 2.544402 0.067922
vt 2.528961 0.057836
vt 2.526236 0.045680
vt 2.516977 0.047263
vt 2.524623 0.040196
vt 0.453391 0.076248
vt 0.460826 0.115161
vt 0.442952 0.111787
vt 0.449785 0.089904
vt 0.467097 0.093554
vt 2.579335 0.097412
vt 2.580971 0.062569
vt 2.589307 0.072333
vt 2.571115 0.071129
vt 2.575555 0.052200
vt 2.564345 0.058813
vt 2.570705 0.042074
vt 2.558864 0.047705
vt 2.565324 0.023609
vt 2.566931 0.030196
vt 2.554577 0.035632
vt 1.561515 0.047493
vt 1.567167 0.034079
vt 1.578916 0.035176
vt 1.603239 0.061221
vt 1.596956 0.036769
vt 2.590160 0.918411
vt 2.575613 0.923507
vt 2.563651 0.928743
vt 2.555732 0.936593
vt 2.552170 0.946548
vt 2.537926 0.964186
vt 2.550619 0.958361
vt 2.550564 0.964827
vt 1.551484 0.058936
vt 1.571568 0.050243
vt 1.585348 0.075948
vt 1.587010 0.054510
vt 2.593145 0.885335
vt 2.598338 0.899772
vt 2.572768 0.890154
vt 2.581419 0.904470
vt 2.548461 0.896585
vt 2.562664 0.910164
vt 2.534227 0.914155
vt 2.550964 0.920157
vt 2.530555 0.928351
vt 2.544090 0.931694
vt 2.528328 0.941940
vt 2.540176 0.943838
vt 2.526728 0.956958
vt 2.538240 0.957613
vt 1.537321 0.067410
vt 1.544793 0.072237
vt 1.561440 0.062520
vt 1.556027 0.078144
vt 1.573340 0.068632
vt 1.542178 0.084843
vt 1.525177 0.081840
vt 0.453447 0.275532
vt 0.437712 0.273305
vt 0.420443 0.271271
vt 0.420255 0.271884
vt 0.475736 0.277820
vt 0.500000 0.281478
vt 0.500000 0.288849
vt 0.475230 0.280549
vt 0.438368 0.276906
vt 0.420283 0.272420
vt 0.426934 0.274654
vt 0.474386 0.320669
vt 0.500000 0.309174
vt 0.474510 0.225051
vt 0.500000 0.224147
vt 0.455421 0.266536
vt 0.426469 0.279724
vt 0.475885 0.288304
vt 0.500000 0.257981
vt 0.477376 0.266307
vt 0.455204 0.257546
vt 0.500000 0.244682
vt 0.477288 0.257594
vt 0.476309 0.245210
vt 0.500000 0.300497
vt 0.475240 0.299557
vt 0.474502 0.308018
vt 0.420856 0.284105
vt 0.378049 0.337796
vt 0.403255 0.346921
vt 0.377217 0.347173
vt 0.397977 0.356194
vt 0.373932 0.537877
vt 0.400472 0.533539
vt 0.349563 0.335084
vt 0.319634 0.338819
vt 0.324938 0.344718
vt 0.351258 0.343208
vt 0.310120 0.523317
vt 0.342728 0.535276
vt 0.451671 0.295889
vt 0.449219 0.303851
vt 0.434168 0.290853
vt 0.452406 0.278833
vt 0.453154 0.285849
vt 0.438787 0.283832
vt 0.438837 0.258053
vt 0.426490 0.271851
vt 0.440216 0.266160
vt 0.414328 0.287884
vt 0.429285 0.297709
vt 0.404908 0.294927
vt 0.423485 0.307314
vt 0.302067 0.537290
vt 0.336525 0.552554
vt 0.299390 0.613220
vt 0.241608 0.580333
vt 0.216503 0.535992
vt 0.203577 0.495236
vt 0.384323 0.299475
vt 0.444582 0.325869
vt 0.419017 0.316407
vt 0.475697 0.332134
vt 0.273834 0.267867
vt 0.256387 0.312039
vt 0.241533 0.622719
vt 0.211379 0.588600
vt 0.373983 0.556985
vt 0.404596 0.553446
vt 0.395209 0.618936
vt 0.391275 0.639629
vt 0.354397 0.639948
vt 0.358491 0.618889
vt 0.387322 0.671342
vt 0.352585 0.671932
vt 1.534782 0.596208
vt 1.563780 0.590560
vt 1.552215 0.620615
vt 1.575100 0.617255
vt 1.564593 0.645707
vt 1.583506 0.642660
vt 1.576194 0.670567
vt 1.591712 0.667973
vt 1.585727 0.688959
vt 1.598326 0.686703
vt 1.596838 0.709745
vt 1.606057 0.707153
vt 1.610799 0.735827
vt 1.616778 0.732888
vt 1.626609 0.761592
vt 1.620352 0.751396
vt 1.625848 0.747669
vt 0.359517 0.859813
vt 0.364982 0.863380
vt 0.359935 0.874733
vt 0.372996 0.845479
vt 0.366812 0.841742
vt 0.376832 0.814319
vt 0.386520 0.816378
vt 0.386106 0.787290
vt 0.398904 0.788260
vt 0.394451 0.762074
vt 0.409984 0.762953
vt 0.404628 0.731185
vt 0.423793 0.732038
vt 0.414529 0.700386
vt 0.437987 0.701039
vt 0.423103 0.671373
vt 0.451728 0.670528
vt 0.433981 0.541470
vt 0.430202 0.618718
vt 0.461228 0.618631
vt 0.459837 0.637470
vt 0.429121 0.638869
vt 0.431852 0.385919
vt 0.444106 0.379327
vt 0.185220 0.200414
vt 0.183351 0.202740
vt 0.182542 0.201797
vt 0.185960 0.199287
vt 0.186663 0.198136
vt 0.184904 0.198629
vt 0.184189 0.199698
vt 0.187980 0.195451
vt 0.185508 0.195183
vt 0.186754 0.195141
vt 0.185563 0.197526
vt 0.184340 0.195559
vt 0.183957 0.198038
vt 0.182558 0.197162
vt 0.183338 0.196239
vt 0.184585 0.196969
vt 0.181880 0.199460
vt 0.182061 0.198263
vt 0.183261 0.199066
vt 0.179048 0.199383
vt 0.176331 0.199225
vt 0.179251 0.201349
vt 0.176544 0.201859
vt 0.179965 0.203214
vt 0.177404 0.204361
vt 0.178821 0.206640
vt 0.186896 0.192226
vt 0.186828 0.189449
vt 0.189464 0.189748
vt 0.184910 0.192385
vt 0.184229 0.189723
vt 0.183055 0.193040
vt 0.181778 0.190636
vt 0.181445 0.194156
vt 0.179626 0.192159
vt 0.180187 0.195659
vt 0.177926 0.194199
vt 0.179369 0.197443
vt 0.176801 0.196612
vt 2.528903 0.689183
vt 2.527225 0.710772
vt 2.555003 0.712559
vt 2.552230 0.689404
vt 2.576350 0.709861
vt 2.573593 0.688504
vt 2.613868 0.298634
vt 2.613679 0.321511
vt 2.594959 0.296727
vt 2.594011 0.319395
vt 2.574041 0.295138
vt 2.573376 0.317496
vt 2.549494 0.294014
vt 2.549540 0.315952
vt 2.524668 0.293510
vt 2.524633 0.315096
vt 2.513026 0.710367
vt 2.513465 0.689351
vt 2.106485 0.141534
vt 2.095555 0.141093
vt 2.084644 0.140629
vt 2.073673 0.140039
vt 2.062538 0.139379
vt 2.050356 0.138424
vt 2.040957 0.116333
vt 2.220972 0.116843
vt 2.212227 0.138697
vt 2.200465 0.140052
vt 2.188993 0.141062
vt 2.177626 0.141774
vt 2.166342 0.142241
vt 2.155073 0.142472
vt 2.143644 0.142497
vt 2.131541 0.142260
vt 2.118289 0.141878
vt 2.107624 0.121001
vt 2.109113 0.097687
vt 2.096969 0.120753
vt 2.098659 0.097739
vt 2.086402 0.120388
vt 2.088453 0.097613
vt 2.075815 0.119871
vt 2.078240 0.097361
vt 2.065083 0.119144
vt 2.067930 0.096843
vt 2.053940 0.118079
vt 2.057547 0.096044
vt 2.046000 0.094584
vt 2.216362 0.095342
vt 2.208655 0.118441
vt 2.204898 0.096373
vt 2.197362 0.119520
vt 2.194182 0.097006
vt 2.186558 0.120249
vt 2.184035 0.097474
vt 2.175902 0.120738
vt 2.174018 0.097656
vt 2.165289 0.121063
vt 2.164004 0.097840
vt 2.154593 0.121229
vt 2.153752 0.097765
vt 2.143478 0.121239
vt 2.142971 0.097996
vt 2.131409 0.121187
vt 2.131373 0.098062
vt 2.118639 0.121152
vt 2.119589 0.097948
vt 0.261629 0.422358
vt 0.262577 0.448422
vt 0.252016 0.421517
vt 0.252998 0.450371
vt 0.176292 0.456065
vt 0.177601 0.415265
vt 0.199588 0.416864
vt 0.198224 0.456052
vt 0.133046 0.413162
vt 1.818992 0.327171
vt 1.776469 0.373961
vt 1.774204 0.336298
vt 1.716494 0.381386
vt 1.714593 0.346811
vt 1.659024 0.388023
vt 1.657857 0.355092
vt 1.603830 0.393162
vt 1.603290 0.361228
vt 1.550984 0.396657
vt 1.550567 0.365110
vt 1.500000 0.366562
vt 0.500000 0.442664
vt 0.491957 0.441901
vt 0.492194 0.466892
vt 0.457092 0.466158
vt 0.457668 0.442082
vt 0.470826 0.441696
vt 0.469920 0.466590
vt 0.445691 0.463477
vt 0.446622 0.442671
vt 0.279621 0.373134
vt 0.267201 0.396034
vt 0.271576 0.370143
vt 0.258311 0.394061
vt 0.185591 0.377966
vt 0.198197 0.341791
vt 0.227477 0.349057
vt 0.209766 0.380906
vt 0.152500 0.332257
vt 1.807073 0.251503
vt 1.769894 0.302218
vt 1.762535 0.268760
vt 1.711158 0.315423
vt 1.705611 0.284333
vt 1.655375 0.325163
vt 1.651339 0.295384
vt 1.601740 0.331866
vt 1.599169 0.302602
vt 1.549712 0.335929
vt 1.548387 0.306822
vt 1.500000 0.308250
vt 0.500000 0.396705
vt 0.491066 0.397687
vt 0.491632 0.419528
vt 0.456381 0.421565
vt 0.452502 0.401644
vt 0.469374 0.397828
vt 0.471047 0.419606
vt 0.444757 0.423697
vt 0.440104 0.405344
vt 0.433809 0.427118
vt 0.434346 0.441924
vt 0.430281 0.412918
vt 0.421329 0.396356
vt 0.408906 0.383806
vt 0.392402 0.374118
vt 0.375036 0.367753
vt 0.352001 0.364402
vt 0.330977 0.363972
vt 0.307881 0.370220
vt 0.287061 0.384256
vt 0.275114 0.401614
vt 0.269655 0.422783
vt 0.271570 0.444125
vt 0.279960 0.463190
vt 0.317367 0.495932
vt 0.294016 0.479259
vt 0.342779 0.503644
vt 0.386329 0.501626
vt 0.365423 0.504847
vt 0.402821 0.496341
vt 0.417243 0.487164
vt 0.427752 0.473256
vt 0.432851 0.457314
vt 0.435600 0.426183
vt 0.437432 0.425386
vt 0.439148 0.442556
vt 0.436742 0.442309
vt 0.433116 0.408680
vt 0.431599 0.410613
vt 0.425480 0.389179
vt 0.422949 0.392127
vt 0.412219 0.374241
vt 0.410434 0.378416
vt 0.395361 0.362497
vt 0.393886 0.367982
vt 0.376741 0.354718
vt 0.376005 0.361091
vt 0.352294 0.350382
vt 0.352401 0.357238
vt 0.328559 0.351037
vt 0.330226 0.357258
vt 0.304025 0.360459
vt 0.306233 0.364966
vt 0.283443 0.378196
vt 0.285428 0.380925
vt 0.273636 0.399950
vt 0.272021 0.398624
vt 0.266778 0.422250
vt 0.268215 0.422479
vt 0.269660 0.445421
vt 0.267759 0.446519
vt 0.274553 0.469847
vt 0.277193 0.466863
vt 0.314119 0.504908
vt 0.311252 0.510163
vt 0.287948 0.489851
vt 0.290728 0.486123
vt 0.340600 0.521559
vt 0.341205 0.514966
vt 0.388937 0.512572
vt 0.392047 0.517877
vt 0.367646 0.522916
vt 0.365964 0.516580
vt 0.407160 0.505464
vt 0.411384 0.507243
vt 0.419722 0.492385
vt 0.422623 0.495503
vt 0.430309 0.476246
vt 0.433179 0.479572
vt 0.435387 0.459066
vt 0.437973 0.460516
vt 0.238225 0.528741
vt 0.258558 0.518757
vt 0.224102 0.492236
vt 0.243544 0.486630
vt 0.217546 0.455332
vt 0.236513 0.453402
vt 0.218624 0.418405
vt 0.237125 0.420023
vt 0.226242 0.386649
vt 0.244681 0.390708
vt 0.242849 0.355788
vt 0.258986 0.364886
vt 0.270262 0.329056
vt 0.282816 0.342130
vt 0.313889 0.330346
vt 0.346657 0.325257
vt 0.379081 0.327667
vt 0.381489 0.313241
vt 0.444143 0.338576
vt 0.444327 0.352350
vt 0.409485 0.337575
vt 0.413533 0.326835
vt 0.479716 0.345407
vt 0.484502 0.358653
vt 0.500000 0.578736
vt 0.461866 0.599753
vt 0.462713 0.574183
vt 0.491757 0.575764
vt 0.492007 0.602000
vt 0.433305 0.574509
vt 0.430890 0.598604
vt 0.370126 0.577521
vt 0.403770 0.575761
vt 0.399571 0.598449
vt 0.364123 0.598449
vt 0.327286 0.571997
vt 0.314499 0.592039
vt 0.266425 0.569164
vt 0.287634 0.554086
vt 0.416570 0.271115
vt 0.417773 0.274815
vt 0.411410 0.271123
vt 0.412732 0.275056
vt 0.403220 0.270148
vt 0.405432 0.277804
vt 0.372065 0.279413
vt 0.390666 0.267945
vt 0.392990 0.279434
vt 0.236182 0.256576
vt 0.227863 0.188876
vt 1.645001 0.263498
vt 1.595031 0.271233
vt 1.546537 0.275574
vt 1.500000 0.241509
vt 1.729659 0.193269
vt 1.737738 0.128419
vt 1.682619 0.213061
vt 1.635128 0.227299
vt 1.588726 0.235560
vt 1.543792 0.240024
vt 1.500000 0.206274
vt 0.311364 0.273210
vt 0.343556 0.277540
vt 0.344391 0.310572
vt 0.307469 0.315991
vt 0.344035 0.296663
vt 0.304990 0.300282
vt 0.372816 0.263502
vt 0.350926 0.255369
vt 0.325563 0.244211
vt 0.262576 0.211725
vt 0.294606 0.229391
vt 0.263716 0.152368
vt 1.703197 0.154072
vt 1.706468 0.097067
vt 1.663117 0.174785
vt 1.621751 0.190076
vt 1.580283 0.199394
vt 1.539711 0.204288
vt 1.500000 0.174288
vt 0.427954 0.266486
vt 0.419287 0.268149
vt 0.424847 0.260203
vt 0.414957 0.265723
vt 0.383434 0.246169
vt 0.373061 0.188660
vt 0.366126 0.232284
vt 0.345492 0.216409
vt 0.291683 0.177456
vt 0.324460 0.148040
vt 0.348415 0.169759
vt 0.319481 0.197684
vt 0.303150 0.121439
vt 1.673387 0.070472
vt 1.678092 0.121809
vt 1.650181 0.094621
vt 1.642987 0.142168
vt 1.622004 0.113713
vt 1.606718 0.157512
vt 1.591880 0.127730
vt 1.570813 0.167614
vt 1.561516 0.136923
vt 1.534996 0.172969
vt 1.530689 0.142439
vt 1.500000 0.144301
vt 0.420021 0.254945
vt 0.409432 0.263188
vt 0.398460 0.256415
vt 0.412555 0.244791
vt 0.401895 0.227206
vt 0.472992 0.202968
vt 0.390143 0.209957
vt 0.409579 0.162661
vt 0.473053 0.158864
vt 0.472417 0.180351
vt 0.500000 0.158530
vt 0.500000 0.179357
vt 0.430175 0.233781
vt 0.450610 0.228069
vt 0.453499 0.246865
vt 0.435906 0.249272
vt 0.423342 0.213225
vt 0.447484 0.206223
vt 0.445391 0.159794
vt 0.445418 0.183488
vt 0.416881 0.191671
vt 1.781914 0.052602
vt 1.816684 0.045600
vt 1.890615 0.010113
vt 1.745794 0.062438
vt 1.906989 0.015755
vt 1.754140 0.087522
vt 1.902892 0.598653
vt 1.884297 0.609365
vt 1.922907 0.587267
vt 1.954599 0.568698
vt 1.853450 0.232715
vt 1.887276 0.216045
vt 1.992559 0.161536
vt 1.826491 0.243701
vt 1.825168 0.158639
vt 1.869290 0.141722
vt 1.967990 0.075564
vt 1.961726 0.506606
vt 1.856532 0.523440
vt 1.888110 0.517722
vt 1.790700 0.173157
vt 1.812214 0.130245
vt 1.851068 0.114884
vt 1.944595 0.048772
vt 1.959981 0.526342
vt 1.916165 0.542500
vt 1.862271 0.557261
vt 1.890857 0.548588
vt 1.777220 0.144132
vt 1.840261 0.195252
vt 1.885133 0.174826
vt 1.987082 0.115216
vt 1.959591 0.480390
vt 1.884224 0.480930
vt 1.912593 0.481391
vt 1.855732 0.483306
vt 1.809143 0.209009
vt 1.847005 0.213986
vt 1.886690 0.195000
vt 1.992428 0.137094
vt 1.955850 0.466629
vt 1.909158 0.464879
vt 1.827997 0.457082
vt 1.818196 0.226478
vt 1.846511 0.257747
vt 1.861483 0.257633
vt 1.887922 0.273393
vt 1.833074 0.261652
vt 1.900954 0.372599
vt 1.851451 0.244494
vt 1.872964 0.238761
vt 1.942680 0.223585
vt 1.932266 0.405729
vt 1.879367 0.391650
vt 1.894645 0.397960
vt 1.829945 0.251642
vt 1.849305 0.251164
vt 1.867621 0.248378
vt 1.912950 0.247575
vt 1.925903 0.381424
vt 1.889684 0.367145
vt 1.831676 0.256538
vt 1.853002 0.238368
vt 1.877569 0.229502
vt 1.975769 0.193599
vt 1.946251 0.449228
vt 1.937838 0.429085
vt 1.907523 0.447787
vt 1.906446 0.426614
vt 1.885074 0.444507
vt 1.862335 0.437804
vt 1.869911 0.415142
vt 1.888943 0.421929
vt 1.828176 0.247366
vt 1.847525 0.268479
vt 1.859526 0.268619
vt 1.881284 0.282079
vt 1.835838 0.272216
vt 1.917157 0.346716
vt 1.865845 0.294964
vt 1.855765 0.302374
vt 1.925484 0.349360
vt 1.921823 0.338825
vt 1.919141 0.331926
vt 1.847162 0.266108
vt 1.859844 0.266263
vt 1.882933 0.280404
vt 1.924909 0.350910
vt 1.923485 0.356150
vt 1.914232 0.352296
vt 1.916458 0.347880
vt 1.907217 0.347582
vt 1.900728 0.342538
vt 1.904845 0.337979
vt 1.910202 0.343464
vt 1.834708 0.269920
vt 1.857580 0.451173
vt 1.855306 0.468637
vt 1.883221 0.462570
vt 1.872456 0.461466
vt 1.855986 0.474749
vt 1.872279 0.472607
vt 1.860252 0.445133
vt 1.873013 0.450101
vt 1.860876 0.460147
vt 1.856517 0.459794
vt 1.859276 0.464345
vt 1.853613 0.467145
vt 1.855712 0.462914
vt 1.855353 0.452208
vt 1.859975 0.455635
vt 1.856305 0.456342
vt 1.846943 0.455329
vt 1.847091 0.451578
vt 1.846275 0.461884
vt 1.845490 0.466316
vt 1.846873 0.458759
vt 1.841859 0.454130
vt 1.841679 0.448794
vt 1.841123 0.462023
vt 1.839781 0.467833
vt 1.841548 0.458261
vt 1.836679 0.454114
vt 1.831856 0.455003
vt 1.834738 0.448719
vt 1.829831 0.452864
vt 1.836300 0.461089
vt 1.832993 0.466635
vt 1.829017 0.461573
vt 1.831754 0.459652
vt 1.837194 0.457783
vt 1.832378 0.457404
vt 1.807881 0.029350
vt 1.801206 0.016365
vt 1.872190 0.009424
vt 1.863300 0.007776
vt 1.954857 0.580142
vt 1.955171 0.588209
vt 1.929425 0.598685
vt 1.933520 0.605191
vt 1.892691 0.621044
vt 1.911576 0.609731
vt 1.915520 0.616849
vt 1.897659 0.627674
vt 1.741011 0.043701
vt 1.736922 0.028973
vt 1.774681 0.035890
vt 1.768797 0.022123
vt 1.942728 0.589512
vt 1.945065 0.596626
vt 1.938788 0.577749
vt 1.943916 0.535963
vt 1.946274 0.510384
vt 1.916019 0.514352
vt 1.944640 0.481912
vt 1.940013 0.466921
vt 1.922715 0.428678
vt 1.928999 0.449590
vt 1.922062 0.405980
vt 1.909774 0.403781
vt 1.919889 0.380590
vt 1.911953 0.378019
vt 1.920967 0.349871
vt 1.919157 0.354663
vt 1.921832 0.348264
vt 1.913496 0.333632
vt 1.916939 0.339932
vt 1.911216 0.342449
vt 1.906328 0.337037
vt 1.834178 0.025980
vt 1.825884 0.013402
vt 1.869382 0.034144
vt 1.846272 0.039185
vt 1.852569 0.057503
vt 1.877409 0.047772
vt 1.884278 0.100540
vt 1.905665 0.125533
vt 1.938424 0.106674
vt 1.918265 0.156921
vt 1.918881 0.176416
vt 1.917848 0.197575
vt 1.947172 0.179175
vt 1.905547 0.216719
vt 1.892711 0.231954
vt 1.912222 0.225452
vt 1.882777 0.246126
vt 1.870917 0.260654
vt 1.877799 0.264694
vt 1.867544 0.268961
vt 1.866939 0.271918
vt 1.872511 0.274775
vt 1.841717 0.282521
vt 1.852311 0.277380
vt 1.846785 0.290038
vt 1.928452 0.329774
vt 1.930330 0.337306
vt 1.926830 0.338024
vt 1.924698 0.330606
vt 1.929312 0.350036
vt 1.932362 0.349949
vt 1.929152 0.351429
vt 1.932373 0.351512
vt 1.928094 0.357044
vt 1.931466 0.357118
vt 1.931925 0.380909
vt 1.936715 0.378801
vt 1.940841 0.403695
vt 1.947300 0.399295
vt 1.952766 0.426745
vt 1.962769 0.421560
vt 1.963183 0.446358
vt 1.974825 0.440368
vt 1.969453 0.461898
vt 1.982415 0.454289
vt 1.973740 0.475263
vt 1.987856 0.468154
vt 1.977379 0.502007
vt 1.993279 0.496403
vt 1.975975 0.522925
vt 1.993204 0.520405
vt 1.967915 0.553111
vt 1.981289 0.553489
vt 1.965873 0.563627
vt 1.975317 0.564210
vt 1.962314 0.581565
vt 1.964051 0.574604
vt 1.969085 0.575100
vt 1.964626 0.579364
vt 1.857146 0.283889
vt 1.862358 0.290269
vt 1.852067 0.297363
vt 1.877726 0.278496
vt 1.879056 0.276752
vt 1.873520 0.272226
vt 1.884015 0.269503
vt 1.905524 0.245507
vt 1.894179 0.244973
vt 1.927905 0.222198
vt 1.954728 0.194904
vt 1.932632 0.203358
vt 1.969700 0.168003
vt 1.970244 0.146799
vt 1.949644 0.157483
vt 1.966937 0.127681
vt 1.949398 0.138080
vt 1.951936 0.093703
vt 1.929936 0.068331
vt 1.915892 0.082222
vt 1.897112 0.035199
vt 1.884687 0.024656
vt 1.858737 0.009198
vt 1.870059 0.016638
vt 1.856078 0.022893
vt 1.845791 0.011107
vt 1.764855 0.115156
vt 1.789825 0.076205
vt 1.798915 0.102495
vt 1.823436 0.066436
vt 1.831816 0.089021
vt 1.859752 0.077035
vt 1.907639 0.046028
vt 1.886197 0.061934
vt 1.921714 0.024702
vt 1.970236 0.542611
vt 1.986179 0.542322
vt 1.953094 0.556840
vt 1.953332 0.545971
vt 1.933970 0.559250
vt 1.934572 0.568102
vt 1.917269 0.578059
vt 1.914338 0.569825
vt 1.897243 0.588561
vt 1.877740 0.599019
vt 1.873131 0.589969
vt 1.894322 0.579754
vt 1.127810 0.009424
vt 1.258989 0.043701
vt 1.115704 0.609365
vt 1.107309 0.621044
vt 1.183316 0.045600
vt 1.109385 0.010113
vt 1.254206 0.062438
vt 1.218086 0.052602
vt 1.122260 0.599019
vt 1.097108 0.598653
vt 1.045401 0.568698
vt 1.007572 0.137094
vt 1.181804 0.226478
vt 1.170169 0.452864
vt 1.172003 0.457082
vt 1.055405 0.048772
vt 1.137729 0.557261
vt 1.222780 0.144132
vt 1.148932 0.114884
vt 1.078286 0.024702
vt 1.040019 0.526342
vt 1.109143 0.548588
vt 1.126869 0.589969
vt 1.235145 0.115156
vt 1.187785 0.130245
vt 1.130710 0.141722
vt 1.032010 0.075564
vt 1.038274 0.506606
vt 1.111890 0.517722
vt 1.143468 0.523440
vt 1.209300 0.173157
vt 1.174832 0.158639
vt 1.113310 0.195000
vt 1.114867 0.174826
vt 1.012918 0.115216
vt 1.044150 0.466629
vt 1.040408 0.480390
vt 1.170983 0.461573
vt 1.190857 0.209009
vt 1.152994 0.213986
vt 1.159739 0.195252
vt 1.087050 0.247575
vt 1.168324 0.256538
vt 1.099272 0.342538
vt 1.110317 0.367145
vt 1.024231 0.193599
vt 1.130089 0.415141
vt 1.171824 0.247366
vt 1.132379 0.248378
vt 1.127036 0.238761
vt 1.057320 0.223585
vt 1.074098 0.381424
vt 1.067734 0.405729
vt 1.099046 0.372599
vt 1.105356 0.397961
vt 1.120633 0.391650
vt 1.170055 0.251642
vt 1.150695 0.251164
vt 1.148549 0.244494
vt 1.122431 0.229502
vt 1.112724 0.216045
vt 1.007441 0.161536
vt 1.062162 0.429085
vt 1.053749 0.449228
vt 1.111057 0.421929
vt 1.173509 0.243701
vt 1.146998 0.238368
vt 1.146550 0.232715
vt 1.117067 0.280404
vt 1.165292 0.269920
vt 1.093673 0.337037
vt 1.095154 0.337979
vt 1.134155 0.294964
vt 1.118716 0.282079
vt 1.147933 0.297363
vt 1.144235 0.302374
vt 1.074517 0.349360
vt 1.080859 0.331926
vt 1.086504 0.333632
vt 1.164162 0.272216
vt 1.158283 0.282521
vt 1.140474 0.268619
vt 1.152474 0.268479
vt 1.075302 0.330606
vt 1.078177 0.338825
vt 1.140156 0.266263
vt 1.138517 0.257633
vt 1.112077 0.273393
vt 1.075091 0.350910
vt 1.076515 0.356150
vt 1.089798 0.343464
vt 1.092783 0.347582
vt 1.166926 0.261652
vt 1.152838 0.266108
vt 1.153489 0.257747
vt 1.139747 0.445133
vt 1.144014 0.474749
vt 1.144647 0.452208
vt 1.152910 0.451578
vt 1.154510 0.466316
vt 1.146387 0.467145
vt 1.127720 0.472607
vt 1.115776 0.480930
vt 1.144269 0.483306
vt 1.137665 0.437804
vt 1.126986 0.450101
vt 1.114926 0.444507
vt 1.127544 0.461466
vt 1.116779 0.462570
vt 1.144288 0.462914
vt 1.140723 0.464344
vt 1.144694 0.468637
vt 1.142420 0.451173
vt 1.143695 0.456342
vt 1.140025 0.455635
vt 1.143483 0.459794
vt 1.139124 0.460147
vt 1.153127 0.458759
vt 1.158321 0.448794
vt 1.153056 0.455329
vt 1.160219 0.467833
vt 1.153725 0.461884
vt 1.158452 0.458261
vt 1.165262 0.448719
vt 1.158140 0.454130
vt 1.167007 0.466635
vt 1.158877 0.462023
vt 1.167622 0.457404
vt 1.162806 0.457783
vt 1.168144 0.455002
vt 1.163321 0.454114
vt 1.168247 0.459652
vt 1.163700 0.461089
vt 1.174116 0.013402
vt 1.136700 0.007776
vt 1.141263 0.009198
vt 1.045143 0.580142
vt 1.044829 0.588209
vt 1.037686 0.581564
vt 1.054935 0.596626
vt 1.088424 0.609731
vt 1.084480 0.616849
vt 1.102340 0.627674
vt 1.231203 0.022123
vt 1.263078 0.028973
vt 1.225319 0.035890
vt 1.192119 0.029350
vt 1.198794 0.016365
vt 1.066480 0.605191
vt 1.077093 0.587267
vt 1.070575 0.598685
vt 1.057272 0.589513
vt 1.061212 0.577749
vt 1.083835 0.542500
vt 1.056084 0.535963
vt 1.083981 0.514352
vt 1.053727 0.510384
vt 1.087407 0.481391
vt 1.055361 0.481912
vt 1.071001 0.449589
vt 1.092477 0.447787
vt 1.090842 0.464879
vt 1.059987 0.466921
vt 1.093553 0.426614
vt 1.077286 0.428678
vt 1.090226 0.403781
vt 1.077938 0.405980
vt 1.080843 0.354663
vt 1.085768 0.352295
vt 1.088046 0.378019
vt 1.080111 0.380590
vt 1.078168 0.348264
vt 1.082843 0.346716
vt 1.083542 0.347880
vt 1.079033 0.349871
vt 1.083061 0.339932
vt 1.088784 0.342449
vt 1.154209 0.011107
vt 1.165822 0.025980
vt 1.153728 0.039185
vt 1.115722 0.100540
vt 1.094335 0.125533
vt 1.081735 0.156921
vt 1.081119 0.176416
vt 1.082152 0.197575
vt 1.094453 0.216719
vt 1.107288 0.231954
vt 1.117223 0.246126
vt 1.129083 0.260654
vt 1.132456 0.268961
vt 1.147689 0.277380
vt 1.133061 0.271918
vt 1.071548 0.329774
vt 1.069669 0.337306
vt 1.073170 0.338024
vt 1.070688 0.350036
vt 1.067638 0.349950
vt 1.067626 0.351512
vt 1.070848 0.351429
vt 1.068534 0.357118
vt 1.071906 0.357043
vt 1.063286 0.378801
vt 1.068076 0.380909
vt 1.052699 0.399295
vt 1.059158 0.403695
vt 1.037231 0.421560
vt 1.047234 0.426745
vt 1.025174 0.440369
vt 1.036817 0.446358
vt 1.017585 0.454289
vt 1.030547 0.461898
vt 1.012144 0.468154
vt 1.026260 0.475263
vt 1.006721 0.496403
vt 1.022620 0.502007
vt 1.006796 0.520405
vt 1.024025 0.522925
vt 1.013821 0.542322
vt 1.024683 0.564210
vt 1.034127 0.563627
vt 1.035949 0.574604
vt 1.030915 0.575100
vt 1.035374 0.579365
vt 1.153215 0.290038
vt 1.142854 0.283889
vt 1.137642 0.290269
vt 1.122274 0.278496
vt 1.127489 0.274775
vt 1.126480 0.272226
vt 1.120944 0.276752
vt 1.122201 0.264694
vt 1.115985 0.269503
vt 1.105821 0.244973
vt 1.094476 0.245507
vt 1.087778 0.225452
vt 1.072095 0.222198
vt 1.067368 0.203358
vt 1.045272 0.194904
vt 1.052828 0.179175
vt 1.030300 0.168003
vt 1.050356 0.157483
vt 1.029756 0.146799
vt 1.050602 0.138080
vt 1.033063 0.127681
vt 1.061576 0.106674
vt 1.048064 0.093703
vt 1.084108 0.082222
vt 1.070064 0.068331
vt 1.130617 0.034144
vt 1.115313 0.024656
vt 1.129941 0.016638
vt 1.143922 0.022893
vt 1.245860 0.087522
vt 1.201085 0.102495
vt 1.210175 0.076205
vt 1.168184 0.089021
vt 1.176564 0.066436
vt 1.140248 0.077035
vt 1.147431 0.057503
vt 1.113803 0.061934
vt 1.122590 0.047772
vt 1.093011 0.015755
vt 1.102888 0.035199
vt 1.092361 0.046028
vt 1.018711 0.553489
vt 1.046669 0.545971
vt 1.046906 0.556840
vt 1.032085 0.553111
vt 1.029764 0.542610
vt 1.066030 0.559251
vt 1.065428 0.568101
vt 1.085662 0.569825
vt 1.082732 0.578059
vt 1.105678 0.579754
vt 1.102757 0.588561
vt 1.840670 0.838988
vt 1.794517 0.837215
vt 1.774209 0.810475
vt 1.777656 0.821792
vt 1.784399 0.831308
vt 1.806247 0.840626
vt 1.818830 0.841921
vt 1.830290 0.841190
vt 1.848969 0.834279
vt 1.854736 0.825278
vt 1.100695 0.775201
vt 1.110873 0.753598
vt 1.122296 0.740466
vt 1.135847 0.730498
vt 1.150281 0.723353
vt 1.213509 0.721587
vt 1.096940 0.801927
vt 1.130523 0.869371
vt 1.145623 0.877938
vt 1.162209 0.883272
vt 1.178911 0.885506
vt 1.201096 0.883692
vt 1.220480 0.877961
vt 1.240802 0.865621
vt 1.259547 0.847208
vt 1.270235 0.824582
vt 1.101947 0.829170
vt 1.266824 0.769768
vt 1.169132 0.718247
vt 1.189995 0.717924
vt 1.237101 0.732237
vt 1.254604 0.748372
vt 1.272615 0.796065
vt 1.113747 0.852161
vt 1.903060 0.801927
vt 1.886204 0.801508
vt 1.898053 0.829170
vt 1.883080 0.823017
vt 1.874603 0.842188
vt 1.869476 0.869371
vt 1.861837 0.858069
vt 1.854377 0.877938
vt 1.848635 0.866004
vt 1.834378 0.870086
vt 1.821089 0.885506
vt 1.820031 0.871365
vt 1.798904 0.883692
vt 1.801029 0.869460
vt 1.779520 0.877961
vt 1.784442 0.864405
vt 1.767027 0.853281
vt 1.740452 0.847208
vt 1.752586 0.836956
vt 1.745400 0.818242
vt 1.727385 0.796065
vt 1.744496 0.796233
vt 1.733176 0.769768
vt 1.748762 0.776032
vt 1.745396 0.748372
vt 1.757703 0.758564
vt 1.762898 0.732237
vt 1.771369 0.744205
vt 1.786491 0.721587
vt 1.790865 0.735081
vt 1.810005 0.717924
vt 1.810824 0.731797
vt 1.830868 0.718247
vt 1.828557 0.732410
vt 1.849719 0.723353
vt 1.844595 0.736222
vt 1.864153 0.730498
vt 1.856958 0.741755
vt 1.877704 0.740466
vt 1.868487 0.749837
vt 1.889127 0.753598
vt 1.878010 0.761307
vt 1.899305 0.775201
vt 1.884950 0.779966
vt 1.116920 0.823017
vt 1.125397 0.842188
vt 1.138163 0.858069
vt 1.151365 0.866004
vt 1.165622 0.870086
vt 1.179969 0.871365
vt 1.198971 0.869460
vt 1.215558 0.864405
vt 1.232973 0.853281
vt 1.247414 0.836956
vt 1.254600 0.818242
vt 1.255504 0.796233
vt 1.251238 0.776032
vt 1.242297 0.758564
vt 1.228631 0.744205
vt 1.209135 0.735081
vt 1.189176 0.731797
vt 1.171443 0.732410
vt 1.155405 0.736222
vt 1.143042 0.741755
vt 1.131513 0.749837
vt 1.121990 0.761307
vt 1.115050 0.779966
vt 1.113796 0.801508
vt 1.872036 0.801805
vt 1.870143 0.817540
vt 1.864577 0.832084
vt 1.855419 0.845120
vt 1.844664 0.851970
vt 1.832363 0.855396
vt 1.820047 0.856460
vt 1.804002 0.854891
vt 1.789948 0.850511
vt 1.775598 0.841139
vt 1.764514 0.827623
vt 1.759615 0.813136
vt 1.759424 0.797123
vt 1.762093 0.782430
vt 1.768342 0.769147
vt 1.778655 0.757339
vt 1.794660 0.749468
vt 1.811380 0.746617
vt 1.826320 0.747140
vt 1.839927 0.750383
vt 1.850493 0.755087
vt 1.860309 0.761971
vt 1.867552 0.771704
vt 1.871854 0.786180
vt 1.129857 0.817540
vt 1.141576 0.814009
vt 1.135423 0.832084
vt 1.145264 0.825278
vt 1.144581 0.845120
vt 1.155336 0.851970
vt 1.167637 0.855396
vt 1.179953 0.856460
vt 1.195998 0.854891
vt 1.210052 0.850511
vt 1.224402 0.841139
vt 1.235486 0.827623
vt 1.240385 0.813136
vt 1.225791 0.810475
vt 1.240576 0.797123
vt 1.226105 0.798133
vt 1.237907 0.782430
vt 1.224203 0.786288
vt 1.231658 0.769147
vt 1.219774 0.775832
vt 1.221345 0.757339
vt 1.212683 0.767633
vt 1.205340 0.749468
vt 1.201836 0.762893
vt 1.188620 0.746617
vt 1.189006 0.760778
vt 1.173680 0.747140
vt 1.176357 0.760787
vt 1.160073 0.750383
vt 1.164715 0.762803
vt 1.149507 0.755087
vt 1.155116 0.766315
vt 1.139691 0.761971
vt 1.147655 0.771092
vt 1.132448 0.771704
vt 1.143304 0.779124
vt 1.128146 0.786180
vt 1.140449 0.789729
vt 1.127964 0.801805
vt 1.140186 0.801590
vt 1.787317 0.767633
vt 1.773895 0.798133
vt 1.823643 0.760787
vt 1.819134 0.800612
vt 1.181170 0.841921
vt 1.775797 0.786288
vt 1.180228 0.791146
vt 1.818685 0.810179
vt 1.181315 0.810179
vt 1.835285 0.762803
vt 1.829442 0.801103
vt 1.828963 0.810647
vt 1.169988 0.791663
vt 1.180866 0.800612
vt 1.169710 0.841190
vt 1.810994 0.760778
vt 1.809265 0.790537
vt 1.808556 0.800048
vt 1.808109 0.809691
vt 1.190735 0.790537
vt 1.191444 0.800048
vt 1.191891 0.809691
vt 1.193753 0.840626
vt 1.798164 0.762893
vt 1.798529 0.789850
vt 1.797643 0.799490
vt 1.797362 0.809296
vt 1.201471 0.789850
vt 1.202357 0.799490
vt 1.202638 0.809296
vt 1.205483 0.837215
vt 1.844884 0.766315
vt 1.839849 0.791928
vt 1.839473 0.801474
vt 1.838829 0.811153
vt 1.170558 0.801103
vt 1.171036 0.810647
vt 1.159330 0.838988
vt 1.787609 0.788671
vt 1.786285 0.798876
vt 1.786359 0.809327
vt 1.212391 0.788671
vt 1.213715 0.798876
vt 1.213641 0.809327
vt 1.215601 0.831308
vt 1.210260 0.826037
vt 1.840143 0.782901
vt 1.830012 0.791663
vt 1.819772 0.791146
vt 1.780226 0.775832
vt 1.169215 0.782359
vt 1.179379 0.781676
vt 1.189912 0.781151
vt 1.200325 0.780714
vt 1.210107 0.779610
vt 1.207548 0.773193
vt 1.838107 0.820558
vt 1.828658 0.820279
vt 1.818443 0.819989
vt 1.807891 0.819428
vt 1.797584 0.818782
vt 1.161893 0.820558
vt 1.171342 0.820279
vt 1.181557 0.819989
vt 1.192109 0.819428
vt 1.202416 0.818782
vt 1.222344 0.821792
vt 1.212228 0.818917
vt 1.841240 0.774575
vt 1.832287 0.772984
vt 1.830785 0.782359
vt 1.821850 0.771840
vt 1.820621 0.781676
vt 1.810766 0.771552
vt 1.810088 0.781151
vt 1.800238 0.772127
vt 1.799675 0.780714
vt 1.158760 0.774575
vt 1.167713 0.772984
vt 1.178150 0.771840
vt 1.189234 0.771552
vt 1.199762 0.772127
vt 1.838151 0.829461
vt 1.828934 0.830215
vt 1.818445 0.830303
vt 1.807474 0.829445
vt 1.797305 0.827831
vt 1.789740 0.826037
vt 1.151031 0.834279
vt 1.161849 0.829461
vt 1.171066 0.830215
vt 1.181555 0.830303
vt 1.192526 0.829445
vt 1.202695 0.827831
vt 1.847430 0.776172
vt 1.852345 0.771092
vt 1.848557 0.782451
vt 1.856696 0.779124
vt 1.859551 0.789729
vt 1.849499 0.791469
vt 1.849482 0.801691
vt 1.859814 0.801590
vt 1.848440 0.812084
vt 1.858424 0.814009
vt 1.844613 0.828359
vt 1.846575 0.821528
vt 1.151443 0.782451
vt 1.152570 0.776172
vt 1.159856 0.782901
vt 1.150501 0.791469
vt 1.160150 0.791928
vt 1.150518 0.801691
vt 1.160527 0.801474
vt 1.151560 0.812084
vt 1.161171 0.811153
vt 1.153425 0.821528
vt 1.155387 0.828359
vt 1.792452 0.773193
vt 1.789893 0.779610
vt 1.787772 0.818917
vt 2.756320 0.735489
vt 2.749392 0.733674
vt 2.738149 0.730398
vt 2.725374 0.726470
vt 2.712242 0.723390
vt 2.693657 0.722648
vt 2.674546 0.724282
vt 2.662194 0.726517
vt 2.650414 0.729721
vt 2.644708 0.745815
vt 2.638119 0.733733
vt 2.728857 0.296649
vt 2.726103 0.296563
vt 2.720464 0.309588
vt 2.709713 0.309020
vt 2.694925 0.308271
vt 2.679674 0.308236
vt 2.666992 0.308256
vt 2.660080 0.294643
vt 2.663177 0.294873
vt 2.723306 0.266554
vt 2.725293 0.265662
vt 2.725697 0.282770
vt 2.722204 0.283182
vt 2.728105 0.265999
vt 2.728468 0.282874
vt 2.630697 0.704064
vt 2.634915 0.720284
vt 2.637692 0.703459
vt 2.647914 0.701960
vt 2.649437 0.716421
vt 2.640499 0.718988
vt 2.661723 0.698352
vt 2.662294 0.713253
vt 2.675982 0.693301
vt 2.675572 0.710606
vt 2.695634 0.694944
vt 2.694653 0.710340
vt 2.714812 0.693313
vt 2.713341 0.710139
vt 2.729469 0.697596
vt 2.726756 0.713211
vt 2.744184 0.700461
vt 2.740343 0.716630
vt 2.755625 0.702580
vt 2.751838 0.719613
vt 2.762879 0.704775
vt 2.759057 0.721525
vt 2.668237 0.263775
vt 2.665669 0.280989
vt 2.662684 0.280720
vt 2.672597 0.263980
vt 2.670707 0.281085
vt 2.683838 0.264645
vt 2.682443 0.281457
vt 2.697346 0.265363
vt 2.696556 0.281907
vt 2.711503 0.266046
vt 2.710886 0.282616
vt 2.271532 0.282874
vt 2.274303 0.282770
vt 2.273897 0.296563
vt 2.271143 0.296649
vt 2.357370 0.732364
vt 2.359501 0.718988
vt 2.365085 0.720284
vt 2.361881 0.733733
vt 2.350563 0.716421
vt 2.349586 0.729721
vt 2.337706 0.713253
vt 2.337806 0.726517
vt 2.324428 0.710606
vt 2.325454 0.724282
vt 2.305347 0.710340
vt 2.306343 0.722648
vt 2.286659 0.710139
vt 2.287758 0.723390
vt 2.273244 0.713211
vt 2.274626 0.726470
vt 2.259657 0.716630
vt 2.261851 0.730398
vt 2.240943 0.721525
vt 2.248162 0.719613
vt 2.250608 0.733674
vt 2.243680 0.735489
vt 2.337316 0.280720
vt 2.339920 0.294643
vt 2.330836 0.294907
vt 2.329293 0.281085
vt 2.334331 0.280989
vt 2.336823 0.294873
vt 2.318674 0.295074
vt 2.317557 0.281457
vt 2.304065 0.295306
vt 2.303444 0.281907
vt 2.289587 0.296036
vt 2.289114 0.282616
vt 2.278620 0.296604
vt 2.277796 0.283182
f 34/1 3163/3452 3164/3451 83/50
f 3186/3474 3163/3452 34/1 36/3
f 3185/3473 3186/3474 36/3 38/4
f 3184/3472 3185/3473 38/4 40/5
f 3183/3471 3184/3472 40/5 42/6
f 95/7 3182/3470 3183/3471 42/6
f 103/8 3181/3468 3182/3470 95/7
f 44/2 3180/3469 3181/3468 103/8
f 111/9 3179/3467 3180/3469 44/2
f 119/120 3178/3465 3179/3467 111/9
f 3176/3463 3177/3466 46/121 85/124
f 47/27 48/28 34/1 83/50
f 36/3 34/1 48/28 49/29
f 38/4 36/3 49/29 50/30
f 40/5 38/4 50/30 51/31
f 42/6 40/5 51/31 52/32
f 94/98 95/7 42/6 52/32
f 102/106 103/8 95/7 94/98
f 53/105 44/2 103/8 102/106
f 110/112 111/9 44/2 53/105
f 118/118 119/120 111/9 110/112
f 46/121 54/119 55/126 85/124
f 82/84 3/11 26/10 81/83
f 2/7926 5/7924 6/13 3/11
f 6/13 27/12 26/10 3/11
f 5/7924 8/7922 9/15 6/13
f 9/15 28/14 27/12 6/13
f 8/7922 11/7920 12/17 9/15
f 12/17 29/16 28/14 9/15
f 11/7920 14/7918 15/19 12/17
f 15/19 30/18 29/16 12/17
f 15/19 14/7918 89/7916 90/93
f 30/18 15/19 90/93 91/94
f 18/99 17/7912 105/7910 106/107
f 31/20 18/99 106/107 107/108
f 82/84 25/7884 2/7926 3/11
f 26/10 4/21 1/82 81/83
f 27/12 7/22 4/21 26/10
f 28/14 10/23 7/22 27/12
f 29/16 13/24 10/23 28/14
f 30/18 16/25 13/24 29/16
f 16/25 30/18 91/94 92/95
f 19/26 31/20 107/108 108/109
f 47/27 56/91 57/34 48/28
f 57/34 58/36 49/29 48/28
f 58/36 59/38 50/30 49/29
f 59/38 60/40 51/31 50/30
f 60/40 61/41 52/32 51/31
f 94/98 52/32 61/41 93/96
f 110/112 53/105 62/43 109/110
f 54/119 63/45 64/128 55/126
f 4/33 7/35 58/36 57/34
f 7/35 10/37 59/38 58/36
f 10/37 13/39 60/40 59/38
f 13/39 16/42 61/41 60/40
f 61/41 16/42 92/97 93/96
f 62/43 19/44 108/111 109/110
f 63/45 23/46 24/129 64/128
f 83/50 3164/3451 3165/3454 186/162
f 3167/3455 3168/3456 74/151 175/156
f 3171/3459 3172/3460 76/138 151/143
f 3174/3462 3175/3464 130/125 127/47
f 127/47 130/125 131/127 126/123
f 151/143 76/138 77/48 150/144
f 175/156 74/151 78/49 174/157
f 186/162 187/165 47/27 83/50
f 169/7889 177/171 178/168 170/51
f 170/51 178/168 179/170 171/52
f 66/7891 169/7889 170/51 65/53
f 65/53 170/51 171/52 72/56
f 161/54 66/7891 65/53 162/55
f 162/55 65/53 72/56 163/57
f 153/7894 161/54 162/55 154/58
f 154/58 162/55 163/57 155/59
f 145/7896 153/7894 154/58 146/60
f 146/60 154/58 155/59 147/61
f 69/7898 145/7896 146/60 68/62
f 68/62 146/60 147/61 71/65
f 137/63 69/7898 68/62 138/64
f 138/64 68/62 71/65 139/66
f 121/7901 137/63 138/64 122/67
f 122/67 138/64 139/66 123/68
f 136/134 121/7901 122/67 135/135
f 122/67 123/68 134/133 135/135
f 123/68 124/69 133/132 134/133
f 123/68 139/66 140/71 124/69
f 71/65 70/70 140/71 139/66
f 71/65 147/61 148/72 70/70
f 155/59 156/73 148/72 147/61
f 163/57 164/75 156/73 155/59
f 72/56 67/74 164/75 163/57
f 72/56 171/52 172/76 67/74
f 179/170 180/167 172/76 171/52
f 126/123 131/127 132/131 125/77
f 77/48 79/78 149/141 150/144
f 78/49 80/80 173/154 174/157
f 187/165 188/158 56/91 47/27
f 125/77 132/131 133/130 124/122
f 79/78 70/79 148/142 149/141
f 80/80 67/81 172/155 173/154
f 188/158 189/161 1/92 56/91
f 81/83 1/82 189/166 190/169
f 190/169 191/172 82/84 81/83
f 191/172 192/7886 25/7884 82/84
f 87/88 24/85 23/86 32/89
f 22/87 88/90 87/88 32/89
f 21/7906 20/7904 88/90 22/87
f 4/33 57/34 56/91 1/92
f 98/100 90/93 89/7916 97/7914
f 99/101 91/94 90/93 98/100
f 100/102 92/95 91/94 99/101
f 101/103 93/96 92/97 100/104
f 102/106 94/98 93/96 101/103
f 18/99 98/100 97/7914 17/7912
f 31/20 99/101 98/100 18/99
f 19/26 100/102 99/101 31/20
f 62/43 101/103 100/104 19/44
f 53/105 102/106 101/103 62/43
f 106/107 105/7910 113/7908 114/113
f 107/108 106/107 114/113 115/114
f 108/109 107/108 115/114 116/115
f 109/110 108/111 116/117 117/116
f 118/118 110/112 109/110 117/116
f 114/113 113/7908 21/7906 22/87
f 22/87 32/89 115/114 114/113
f 32/89 23/86 116/115 115/114
f 117/116 116/117 23/46 63/45
f 118/118 117/116 63/45 54/119
f 46/121 119/120 118/118 54/119
f 3177/3466 3178/3465 119/120 46/121
f 125/77 124/122 140/137 141/136
f 126/123 125/77 141/136 142/140
f 143/139 127/47 126/123 142/140
f 3173/3461 3174/3462 127/47 143/139
f 130/125 3175/3464 3176/3463 85/124
f 85/124 55/126 131/127 130/125
f 55/126 64/128 132/131 131/127
f 64/128 24/129 133/130 132/131
f 134/133 133/132 24/85 87/88
f 88/90 135/135 134/133 87/88
f 88/90 20/7904 136/134 135/135
f 79/78 141/136 140/137 70/79
f 77/48 142/140 141/136 79/78
f 76/138 143/139 142/140 77/48
f 3172/3460 3173/3461 143/139 76/138
f 157/145 149/141 148/142 156/146
f 150/144 149/141 157/145 158/148
f 159/147 151/143 150/144 158/148
f 3170/3458 3171/3459 151/143 159/147
f 165/149 157/145 156/146 164/150
f 158/148 157/145 165/149 166/153
f 167/152 159/147 158/148 166/153
f 3169/3457 3170/3458 159/147 167/152
f 80/80 165/149 164/150 67/81
f 78/49 166/153 165/149 80/80
f 74/151 167/152 166/153 78/49
f 3168/3456 3169/3457 167/152 74/151
f 181/159 173/154 172/155 180/160
f 174/157 173/154 181/159 182/164
f 183/163 175/156 174/157 182/164
f 3166/3453 3167/3455 175/156 183/163
f 188/158 181/159 180/160 189/161
f 182/164 181/159 188/158 187/165
f 186/162 183/163 182/164 187/165
f 3165/3454 3166/3453 183/163 186/162
f 190/169 189/166 180/167 179/170
f 178/168 191/172 190/169 179/170
f 177/171 192/7886 191/172 178/168
f 198/173 206/177 196/294 197/293
f 194/298 195/296 205/175 207/179
f 200/178 206/177 198/173 199/174
f 202/180 207/179 205/175 201/176
f 201/176 205/175 206/177 200/178
f 196/294 206/177 205/175 195/296
f 204/274 207/179 202/180 203/276
f 194/298 207/179 204/274 193/300
f 266/248 255/1952 231/190 232/181
f 265/247 266/248 232/181 233/209
f 264/246 265/245 233/210 234/182
f 263/244 264/246 234/182 235/183
f 262/243 263/244 235/183 236/184
f 261/242 262/243 236/184 237/185
f 260/241 261/242 237/185 238/186
f 259/240 260/241 238/186 239/216
f 258/239 259/238 239/217 240/187
f 257/237 258/239 240/187 241/188
f 256/236 257/237 241/188 242/189
f 255/1952 256/236 242/189 231/190
f 209/208 208/221 243/235 244/222
f 210/191 209/208 244/222 245/223
f 211/211 210/192 245/225 246/224
f 212/212 211/211 246/224 247/226
f 213/213 212/212 247/226 248/227
f 214/214 213/213 248/227 249/228
f 215/215 214/214 249/228 250/229
f 216/193 215/215 250/229 251/230
f 217/218 216/194 251/232 252/231
f 218/219 217/218 252/231 253/233
f 219/220 218/219 253/233 254/234
f 208/221 219/220 254/234 243/235
f 279/1948 280/263 221/195 220/1950
f 280/263 281/265 222/197 221/195
f 281/265 282/264 223/196 222/197
f 282/266 283/267 224/199 223/198
f 283/267 284/268 225/200 224/199
f 284/268 285/1935 226/201 225/200
f 285/1935 286/202 227/203 226/201
f 286/202 287/270 228/205 227/203
f 287/270 288/269 229/204 228/205
f 288/271 289/272 230/207 229/206
f 289/272 1974/1949 1975/1951 230/207
f 232/181 231/190 208/221 209/208
f 233/209 232/181 209/208 210/191
f 234/182 233/210 210/192 211/211
f 235/183 234/182 211/211 212/212
f 236/184 235/183 212/212 213/213
f 237/185 236/184 213/213 214/214
f 238/186 237/185 214/214 215/215
f 239/216 238/186 215/215 216/193
f 240/187 239/217 216/194 217/218
f 241/188 240/187 217/218 218/219
f 242/189 241/188 218/219 219/220
f 231/190 242/189 219/220 208/221
f 244/222 243/235 267/262 268/249
f 245/223 244/222 268/249 269/250
f 246/224 245/225 269/252 270/251
f 247/226 246/224 270/251 271/253
f 248/227 247/226 271/253 272/254
f 249/228 248/227 272/254 273/255
f 250/229 249/228 273/255 274/256
f 251/230 250/229 274/256 275/257
f 252/231 251/232 275/259 276/258
f 253/233 252/231 276/258 277/260
f 254/234 253/233 277/260 278/261
f 243/235 254/234 278/261 267/262
f 220/1950 221/195 257/237 256/236
f 221/195 222/197 258/239 257/237
f 222/197 223/196 259/238 258/239
f 223/198 224/199 260/241 259/240
f 224/199 225/200 261/242 260/241
f 225/200 226/201 262/243 261/242
f 226/201 227/203 263/244 262/243
f 227/203 228/205 264/246 263/244
f 228/205 229/204 265/245 264/246
f 229/206 230/207 266/248 265/247
f 230/207 1975/1951 255/1952 266/248
f 268/249 267/262 301/299 302/273
f 269/250 268/249 302/273 303/275
f 270/251 269/252 303/278 304/277
f 271/253 270/251 304/277 305/281
f 272/254 271/253 305/281 306/283
f 273/255 272/254 306/283 307/285
f 274/256 273/255 307/285 308/287
f 275/257 274/256 308/287 309/289
f 276/258 275/259 309/292 310/291
f 277/260 276/258 310/291 311/295
f 278/261 277/260 311/295 312/297
f 267/262 278/261 312/297 301/299
f 290/1946 291/377 280/263 279/1948
f 291/377 292/376 281/265 280/263
f 292/376 293/375 282/264 281/265
f 293/373 294/374 283/267 282/266
f 294/374 295/378 284/268 283/267
f 295/378 296/1937 285/1935 284/268
f 286/202 1968/1936 297/368 1970/1941
f 286/202 1970/1941 298/369 287/270
f 298/369 299/370 288/269 287/270
f 299/372 300/371 289/272 288/271
f 300/371 1973/1947 1974/1949 289/272
f 302/273 301/299 193/300 204/274
f 303/275 302/273 204/274 203/276
f 304/277 303/278 203/279 202/280
f 305/281 304/277 202/280 201/282
f 306/283 305/281 201/282 200/284
f 307/285 306/283 200/284 199/286
f 308/287 307/285 199/286 198/288
f 309/289 308/287 198/288 197/290
f 310/291 309/292 197/293 196/294
f 311/295 310/291 196/294 195/296
f 312/297 311/295 195/296 194/298
f 301/299 312/297 194/298 193/300
f 367/487 540/486 326/414 539/301
f 363/319 1934/1900 1935/1902 314/409
f 361/434 325/427 498/424 503/435
f 346/420 354/314 554/508 555/509
f 347/302 407/358 551/503 552/504
f 2678/2869 2679/2870 409/360 324/2864
f 412/1945 1941/1914 1937/1907 340/351
f 327/1942 1943/1939 414/363 348/308
f 353/310 416/364 417/366 329/305
f 330/303 531/472 371/325 538/491
f 527/469 528/470 358/316 351/418
f 2702/2905 2703/2903 332/330 2696/359
f 2676/2867 2677/361 410/362 333/304
f 499/442 325/427 361/434 500/433
f 335/412 366/1896 367/487 539/301
f 329/305 417/366 418/367 337/2923
f 530/2892 2698/2893 357/315 331/476
f 333/304 410/362 411/1913 317/1916
f 334/408 362/318 363/319 314/409
f 365/321 1929/1895 1930/1897 313/411
f 545/306 2714/2924 406/493 546/492
f 2711/2918 2712/2919 543/326 542/423
f 355/507 356/2908 339/419 315/421
f 342/410 364/320 365/321 313/411
f 542/423 543/326 354/313 346/422
f 545/306 546/492 407/357 347/307
f 348/308 414/363 415/365 320/309
f 349/415 368/322 369/324 515/455
f 322/2880 2688/2882 359/2884 511/447
f 520/490 369/324 370/323 352/485
f 320/309 415/365 416/364 353/310
f 557/511 558/510 405/394 548/495
f 559/513 403/353 404/354 549/499
f 1939/1909 1940/1908 451/399 452/311
f 392/345 432/1867 391/312 447/343
f 402/352 403/353 439/1892 440/1890
f 444/1882 399/1905 400/404 443/1884
f 398/402 1938/1906 1939/1909 452/311
f 558/512 559/513 549/499 405/396
f 442/1886 443/1884 400/404 2684/2876
f 401/2879 402/352 440/1890 441/1888
f 543/326 544/340 373/327 354/313
f 553/506 554/508 354/314 373/328
f 357/315 2698/2893 2699/2894 375/329
f 358/316 528/470 529/2901 376/2900
f 377/2871 360/317 359/2884 2690/2885
f 502/2868 503/435 360/317 377/2871
f 362/318 500/433 501/2865 379/331
f 363/319 362/318 379/331 380/332
f 380/332 1933/1898 1934/1900 363/319
f 365/321 364/320 381/333 382/335
f 382/335 1928/1918 1929/1895 365/321
f 367/487 366/1896 383/1917 384/1904
f 368/322 367/487 384/1904 385/336
f 369/324 368/322 385/336 386/338
f 370/323 369/324 386/338 387/337
f 371/325 370/323 387/337 388/339
f 372/2920 371/325 388/339 389/2922
f 543/326 2712/2919 2713/2921 544/340
f 544/340 545/306 347/307 373/327
f 552/504 553/506 373/328 347/302
f 375/329 2699/2894 2700/2895 332/330
f 332/330 2703/2903 529/2901 375/329
f 502/2868 2678/2869 324/2864 378/2866
f 379/331 501/2865 2676/2867 333/304
f 380/332 379/331 333/304 317/1916
f 317/1916 1932/1915 1933/1898 380/332
f 382/335 381/333 341/334 318/380
f 336/379 1928/1918 382/335 318/380
f 385/336 384/1904 327/1942 348/308
f 386/338 385/336 348/308 320/309
f 387/337 386/338 320/309 353/310
f 388/339 387/337 353/310 329/305
f 389/2922 388/339 329/305 337/2923
f 544/340 2713/2921 2714/2924 545/306
f 447/343 448/341 1961/342 1960/344
f 392/345 447/343 1960/344 1959/346
f 393/347 392/345 1959/346 1958/348
f 394/349 393/347 1958/348 1957/350
f 395/1911 394/349 1957/350 1956/1934
f 1937/1907 1938/1906 398/402 340/351
f 2684/2876 400/404 430/1930 2683/2874
f 403/353 402/352 431/2906 1967/2890
f 404/354 403/353 1967/2890 1966/2914
f 450/500 404/354 1966/2914 1965/501
f 449/395 550/498 1964/502 1963/355
f 547/496 449/393 1963/356 1962/494
f 546/492 1950/1925 1951/1927 407/357
f 1951/1928 1952/1929 551/503 407/358
f 2697/2891 2702/2905 2696/359 2701/2896
f 409/360 2679/2870 1954/1931 2677/361
f 410/362 2677/361 1954/1931 1955/1933
f 411/1913 410/362 1955/1933 319/1932
f 415/365 414/363 1944/1920 1945/1922
f 416/364 415/365 1945/1922 1946/1921
f 417/366 416/364 1946/1921 1947/1923
f 418/367 417/366 1947/1923 1948/1924
f 406/493 418/367 1948/1924 1949/1926
f 1968/1936 1969/1940 429/1943 297/368
f 1970/1941 1971/392 419/382 298/369
f 419/382 420/381 299/370 298/369
f 421/386 1972/1944 1973/1947 300/371
f 420/384 421/386 300/371 299/372
f 425/398 426/388 294/374 293/373
f 426/388 427/390 295/378 294/374
f 424/401 425/400 293/375 292/376
f 422/387 423/403 291/377 290/1946
f 423/403 424/401 292/376 291/377
f 427/390 428/1938 296/1937 295/378
f 336/379 318/380 420/381 419/382
f 318/383 341/385 421/386 420/384
f 341/385 412/1945 1972/1944 421/386
f 340/351 398/402 423/403 422/387
f 396/406 328/389 427/390 426/388
f 328/389 413/1919 428/1938 427/390
f 429/1943 327/1942 1942/391 1971/392
f 392/345 393/347 433/1869 432/1867
f 393/347 394/349 434/1871 433/1869
f 394/349 395/1911 435/1873 434/1871
f 448/341 447/343 391/312 390/497
f 449/393 547/496 548/495 405/394
f 549/499 550/498 449/395 405/396
f 451/397 396/406 426/388 425/398
f 452/311 451/399 425/400 424/401
f 398/402 452/311 424/401 423/403
f 400/404 399/1905 453/405 430/1930
f 1940/1912 395/1911 396/406 451/397
f 343/407 487/426 507/441 508/443
f 334/408 314/409 458/2623 456/2621
f 314/409 1935/1902 1936/2625 458/2623
f 342/410 313/411 460/2631 457/2629
f 313/411 1930/1897 1931/2633 460/2631
f 539/301 509/444 491/2639 461/2637
f 335/412 539/301 461/2637 459/2635
f 486/436 504/425 505/438 462/413
f 540/486 506/439 490/430 326/414
f 513/453 514/456 493/465 344/462
f 349/415 515/455 467/2831 465/2829
f 511/447 512/450 496/460 322/2880
f 524/467 534/474 527/469 472/416
f 527/469 351/418 470/2422 472/416
f 521/466 532/471 533/473 471/417
f 351/418 516/2881 476/2424 470/2422
f 516/2881 517/459 497/2426 476/2424
f 518/463 519/464 494/2432 475/2430
f 520/490 352/485 474/2436 477/2434
f 339/419 530/2892 480/2224 479/2222
f 530/2892 535/478 526/2226 480/2224
f 346/420 555/509 556/2218 481/2244
f 315/421 339/419 479/2222 482/2220
f 536/482 537/483 523/2232 478/2230
f 538/491 338/2917 483/2236 484/2234
f 541/2240 542/423 346/422 481/2241
f 485/2238 2711/2918 542/423 541/2240
f 498/424 325/427 487/426 504/425
f 487/426 325/427 499/442 507/441
f 505/440 506/439 489/428 462/429
f 508/445 509/444 490/430 343/431
f 321/489 493/465 514/456 515/455
f 494/2432 519/464 520/490 477/2434
f 344/461 496/460 512/450 513/449
f 497/2426 517/459 518/458 475/2427
f 350/432 498/424 464/437 463/2821
f 350/432 360/317 503/435 498/424
f 499/442 500/433 362/318 334/408
f 455/2619 499/442 334/408 456/2621
f 501/2865 500/433 361/434 378/2866
f 361/434 503/435 502/2868 378/2866
f 498/424 504/425 486/436 464/437
f 505/438 504/425 487/426 343/407
f 343/431 490/430 506/439 505/440
f 455/2619 488/2617 507/441 499/442
f 508/443 507/441 488/2617 454/2643
f 491/2639 509/444 508/445 454/2640
f 351/418 358/316 510/2883 516/2881
f 2695/2899 510/2883 358/316 376/2900
f 2695/2899 2694/2898 323/2889 2689/446
f 511/447 359/2884 360/317 350/432
f 511/447 350/432 463/2821 469/448
f 495/451 512/450 511/447 469/448
f 513/449 512/450 495/451 468/452
f 492/457 514/456 513/453 468/454
f 515/455 514/456 492/457 467/2831
f 322/2880 496/460 517/459 516/2881
f 518/458 517/459 496/460 344/461
f 344/462 493/465 519/464 518/463
f 520/490 519/464 493/465 321/489
f 531/472 532/471 521/466 473/2438
f 523/2232 537/483 538/491 484/2234
f 533/475 534/474 524/467 471/468
f 526/2226 535/478 536/477 478/2227
f 331/476 357/315 528/470 527/469
f 529/2901 528/470 357/315 375/329
f 330/303 522/484 532/471 531/472
f 533/473 532/471 522/484 345/481
f 345/480 525/479 534/474 533/475
f 331/476 525/479 535/478 530/2892
f 536/477 535/478 525/479 345/480
f 345/481 522/484 537/483 536/482
f 538/491 537/483 522/484 330/303
f 531/472 473/2438 474/2436 352/485
f 527/469 534/474 525/479 331/476
f 326/414 490/430 509/444 539/301
f 540/486 367/487 368/322 349/415
f 540/486 349/415 465/2829 466/488
f 489/428 506/439 540/486 466/488
f 321/489 515/455 369/324 520/490
f 352/485 370/323 371/325 531/472
f 538/491 371/325 372/2920 338/2917
f 1949/1926 1950/1925 546/492 406/493
f 448/341 547/496 1962/494 1961/342
f 548/495 547/496 448/341 390/497
f 557/511 548/495 390/497 391/312
f 450/500 550/498 549/499 404/354
f 550/498 450/500 1965/501 1964/502
f 408/2913 551/503 1952/1929 1953/2916
f 552/504 551/503 408/2913 316/505
f 374/2910 553/506 552/504 316/505
f 355/507 554/508 553/506 374/2910
f 555/509 554/508 355/507 315/421
f 556/2218 555/509 315/421 482/2220
f 557/511 391/312 432/1867 436/1865
f 436/1865 437/1864 558/510 557/511
f 438/1894 559/513 558/512 437/1861
f 403/353 559/513 438/1894 439/1892
f 1702/1594 1703/1595 563/524 562/515
f 1701/1593 1702/1594 562/515 565/516
f 1700/1592 1701/1593 565/516 567/517
f 1699/1591 1719/1611 1720/1612 569/518
f 1709/1603 1710/1602 572/519 571/514
f 1707/1599 1708/1600 576/556 575/520
f 1706/1598 1707/1599 575/520 578/521
f 1705/1597 1706/1598 578/521 580/522
f 1704/1596 1705/1597 580/522 582/523
f 1703/1595 1704/1596 582/523 563/524
f 563/524 584/534 583/525 562/515
f 562/515 583/525 585/526 565/516
f 565/516 585/526 586/527 567/517
f 1720/1612 1721/1613 587/528 569/518
f 572/519 589/529 588/558 571/514
f 576/556 591/557 590/530 575/520
f 575/520 590/530 592/531 578/521
f 578/521 592/531 593/532 580/522
f 580/522 593/532 594/533 582/523
f 582/523 594/533 584/534 563/524
f 584/534 596/544 595/535 583/525
f 583/525 595/535 597/536 585/526
f 585/526 597/536 598/537 586/527
f 1721/1613 1722/1614 599/538 587/528
f 589/529 601/539 600/560 588/558
f 591/557 603/559 602/540 590/530
f 590/530 602/540 604/541 592/531
f 592/531 604/541 605/542 593/532
f 593/532 605/542 606/543 594/533
f 594/533 606/543 596/544 584/534
f 596/544 608/554 607/545 595/535
f 595/535 607/545 609/546 597/536
f 597/536 609/546 610/547 598/537
f 1722/1614 1723/1666 611/1651 599/538
f 601/539 613/1652 612/562 600/560
f 603/559 615/561 614/550 602/540
f 602/540 614/550 616/551 604/541
f 604/541 616/551 617/552 605/542
f 605/542 617/552 618/553 606/543
f 606/543 618/553 608/554 596/544
f 608/554 620/1634 619/1633 607/545
f 607/545 619/1633 621/1632 609/546
f 609/546 621/1632 622/1667 610/547
f 1733/548 1760/1650 1761/1668 1734/1615
f 1762/1670 1763/1653 1740/549 1739/1671
f 615/561 624/1669 623/1620 614/550
f 614/550 623/1620 625/1621 616/551
f 616/551 625/1621 626/1636 617/552
f 617/552 626/1636 627/1618 618/553
f 618/553 627/1618 620/1634 608/554
f 628/555 1733/548 1734/1615 1724/1616
f 628/555 1724/1616 1739/1671 1740/549
f 571/514 576/556 1708/1600 1709/1603
f 588/558 591/557 576/556 571/514
f 600/560 603/559 591/557 588/558
f 612/562 615/561 603/559 600/560
f 624/1669 615/561 612/562 1762/1670
f 1340/1170 1341/1171 635/563 634/3222
f 1341/1171 1342/4159 636/4252 635/563
f 639/564 2721/3177 2726/1167 2725/3176
f 639/564 2725/3176 1339/1169 640/565
f 1339/1169 2940/3191 2941/3193 640/565
f 2965/3231 2966/3230 650/567 649/566
f 803/673 2914/3165 650/567 2966/3230
f 1668/1564 2724/2938 2723/3182 807/1517
f 1668/1564 1669/1566 655/570 654/568
f 1669/1566 2944/1565 656/569 655/570
f 647/3209 648/3229 658/572 657/571
f 648/3229 649/566 659/573 658/572
f 649/566 650/567 660/3174 659/573
f 2915/3173 2914/3165 651/4163 661/6746
f 3289/3611 3290/3610 2897/3140 2900/3139
f 3289/3611 2900/3139 653/2937 3294/3615
f 653/2937 654/568 663/574 3294/3615
f 654/568 655/570 664/576 663/574
f 655/570 656/569 665/575 664/576
f 656/3199 647/3209 657/571 665/577
f 657/571 658/572 667/579 666/578
f 658/572 659/573 668/580 667/579
f 659/573 660/3174 669/581 668/580
f 660/3174 2915/3173 2916/3166 669/581
f 675/3609 3294/3615 663/574 3243/582
f 663/574 664/576 672/583 3243/582
f 664/576 665/575 673/584 672/583
f 665/577 657/571 666/578 673/585
f 2898/586 2895/3137 2896/3608 2899/3605
f 3284/3603 3285/587 3291/3612 3292/3614
f 3248/3557 3249/3558 679/3552 678/588
f 3038/3293 3039/3295 2969/3238 2970/589
f 3018/3272 3026/3282 2970/589 2994/3251
f 3035/3566 3036/3292 3232/3549 3238/3568
f 3240/3551 3241/3550 685/590 684/591
f 3241/3556 3248/3557 678/588 685/592
f 1648/1549 1649/1550 1639/1541 681/1542
f 1645/1546 1646/3265 683/3564 1640/593
f 678/588 679/3552 691/595 690/594
f 679/3552 3244/3553 692/596 691/595
f 3244/3553 3245/3554 693/597 692/596
f 3245/3554 3246/3555 2917/3167 693/597
f 1638/3447 1639/1541 1649/1550 1650/3334
f 1660/1560 1645/1546 1640/593 1641/598
f 684/591 685/590 698/599 697/600
f 685/592 678/588 690/594 698/601
f 3152/3439 3153/3440 700/603 699/602
f 3153/3440 3154/3441 701/604 700/603
f 3154/3441 3155/3442 702/605 701/604
f 3155/3442 3156/3443 2918/3168 702/605
f 1637/3428 3160/3446 3161/3448 1651/1551
f 1659/1558 3147/3433 3148/3516 1642/3513
f 3150/3437 3151/3436 708/606 707/607
f 3151/3438 3152/3439 699/602 708/608
f 3135/3420 3136/3421 710/610 709/609
f 3136/3421 3137/3422 711/611 710/610
f 3137/3422 3138/3423 712/612 711/611
f 3138/3423 3139/3424 2919/3169 712/612
f 1636/1540 3143/3427 3144/3429 1652/1552
f 1658/1556 3130/3414 3131/3512 1643/3509
f 3133/3418 3134/3417 718/613 717/614
f 3134/3419 3135/3420 709/609 718/615
f 709/609 710/610 720/617 719/616
f 710/610 711/611 721/618 720/617
f 711/611 712/612 722/619 721/618
f 712/612 2919/3169 2920/3170 722/619
f 1635/1539 1636/1540 1652/1552 1653/1553
f 1657/1555 1658/1556 1643/3509 1644/620
f 717/614 718/613 729/621 728/1543
f 718/615 709/609 719/616 729/622
f 719/616 720/617 731/624 730/623
f 720/617 721/618 732/625 731/624
f 721/618 722/619 733/626 732/625
f 722/619 2920/3170 2921/3171 733/626
f 736/3539 1656/3270 1657/1555 1644/620
f 728/1543 729/621 738/627 737/1544
f 729/622 719/616 730/623 738/628
f 1670/1567 1671/1568 2905/3143 2906/3145
f 1671/1568 1672/1569 2904/3161 2905/3143
f 2912/3331 2904/3161 1672/1569 1673/3164
f 3041/3283 1677/3284 2909/3153 2910/3155
f 1677/3284 1678/1572 2908/3149 2909/3153
f 1678/1572 1679/1571 2907/3150 2908/3149
f 1679/1573 1670/1567 2906/3145 2907/3147
f 1693/1585 1694/1586 751/630 750/629
f 1694/1586 1695/1587 752/631 751/630
f 1695/1587 1696/1588 753/632 752/631
f 1696/1588 3043/3296 3044/3297 753/632
f 1664/3321 1689/1583 2885/3159 2911/3322
f 1713/1605 1714/1606 757/633 756/1561
f 1714/1606 1715/1607 758/634 757/633
f 1715/1607 1716/1609 759/636 758/634
f 1716/1609 1717/1608 760/635 759/636
f 1717/1610 1693/1585 750/629 760/637
f 750/629 751/630 762/639 761/638
f 751/630 752/631 763/640 762/639
f 752/631 753/632 764/641 763/640
f 753/632 3044/3297 3045/3299 764/641
f 755/1582 1665/3317 1666/3315 766/1581
f 756/1561 757/633 768/642 767/1562
f 757/633 758/634 769/643 768/642
f 758/634 759/636 770/645 769/643
f 759/636 760/635 771/644 770/645
f 760/637 750/629 761/638 771/646
f 761/638 762/639 773/648 772/647
f 762/639 763/640 774/649 773/648
f 763/640 764/641 775/650 774/649
f 764/641 3045/3299 3046/3301 775/650
f 766/1581 1666/3315 1667/3313 777/1580
f 767/1562 768/642 779/651 778/1563
f 768/642 769/643 780/652 779/651
f 769/643 770/645 781/654 780/652
f 770/645 771/644 782/653 781/654
f 771/646 761/638 772/647 782/655
f 772/647 773/648 784/657 783/656
f 773/648 774/649 785/658 784/657
f 774/649 775/650 786/659 785/658
f 775/650 3046/3301 3047/3303 786/659
f 789/660 3053/3312 3054/3314 778/1563
f 778/1563 779/651 790/661 789/660
f 779/651 780/652 791/662 790/661
f 780/652 781/654 792/664 791/662
f 781/654 782/653 793/663 792/664
f 782/655 772/647 783/656 793/665
f 783/656 784/657 795/667 794/666
f 784/657 785/658 796/1665 795/667
f 1768/1662 1769/1664 3048/3305 3049/3306
f 790/661 791/662 798/668 797/1657
f 791/662 792/664 799/670 798/668
f 792/664 793/663 800/669 799/670
f 793/665 783/656 794/666 800/671
f 799/670 1744/1631 797/1657 798/668
f 794/666 1730/1663 1729/1661 800/671
f 641/672 642/675 803/673 802/674
f 642/675 643/4248 804/6745 803/673
f 1630/676 644/677 806/3138 805/6726
f 644/677 2936/3181 2937/3180 806/3138
f 642/678 641/3224 634/3222 635/563
f 643/679 642/678 635/563 636/4252
f 2935/3178 2936/3179 644/1522 638/2927
f 646/680 645/2934 639/564 640/565
f 2941/3193 2942/3195 646/680 640/565
f 1157/1030 1194/1065 1209/1066 1158/711
f 1153/1032 1157/1030 1158/711 1154/681
f 1179/4262 1153/1032 1154/681 876/4263
f 814/695 841/694 838/828 815/685
f 812/4627 1616/1494 1617/1495 834/4264
f 844/819 810/697 809/689 839/688
f 849/803 850/818 844/819 839/688
f 829/682 851/702 1006/1497 1007/1496
f 845/790 846/788 832/683 951/829
f 846/788 847/785 836/686 832/683
f 832/683 836/686 817/693 816/684
f 838/828 832/683 816/684 815/685
f 847/785 848/784 833/691 836/686
f 848/804 849/803 839/688 833/687
f 833/687 839/688 809/689 808/690
f 836/686 833/691 808/692 817/693
f 828/1491 841/694 814/695 813/1490
f 811/696 810/697 844/819 829/682
f 842/698 953/847 837/846 950/771
f 845/790 951/829 952/827 826/792
f 827/802 980/817 850/818 849/803
f 1110/700 1111/699 1115/1002 1114/701
f 1111/699 1112/950 1116/1043 1115/1002
f 862/952 863/706 860/3216 856/956
f 860/3216 852/3214 1189/1046 856/956
f 1119/955 1190/1045 1191/1049 819/938
f 820/937 1118/953 1119/955 819/938
f 1117/954 1118/953 820/937 821/4273
f 854/4274 863/706 862/952 857/951
f 1113/4275 1114/701 864/2925 853/4279
f 1113/4275 1109/4276 1110/700 1114/701
f 1003/849 1004/1492 992/833 1001/770
f 899/730 997/841 998/843 830/1505
f 994/834 995/837 901/774 831/781
f 993/835 994/834 831/781 837/846
f 992/833 993/835 837/846 1001/770
f 851/702 981/816 1005/1499 1006/1497
f 2727/2942 2728/2926 858/2948 873/2945
f 2924/3184 855/703 2926/2957 2925/2946
f 855/703 2938/3188 2939/3187 633/3175
f 870/705 871/707 630/704 629/3220
f 871/707 872/4278 631/4712 630/704
f 853/4279 864/2925 2719/2933 2720/2932
f 860/3216 863/706 871/707 870/705
f 863/706 854/4274 872/4278 871/707
f 2926/2957 2927/708 2930/1005 2929/2955
f 2717/2940 2718/2931 2728/2926 2727/2942
f 1185/2947 1186/1044 1188/1004 1187/709
f 875/3185 859/1007 2946/943 2947/710
f 1201/1059 1202/1061 1181/1001 1182/1036
f 1158/711 1209/1066 1210/1068 1211/1067
f 1154/681 1158/711 1211/1067 1212/1070
f 1154/681 1212/1070 1213/4288 876/4263
f 1195/1052 1196/1053 878/712 877/4567
f 1196/1053 1197/1054 879/713 878/712
f 1197/1054 1198/1055 880/714 879/713
f 1198/1055 1199/1056 881/715 880/714
f 1199/1056 1200/1058 882/717 881/715
f 1200/1058 1201/1057 1182/716 882/717
f 1102/945 1103/947 1171/1025 1172/1024
f 1169/1020 1170/1022 1137/978 1104/991
f 1168/1019 1169/1020 1104/991 1143/718
f 1167/1018 1168/1019 1143/718 1144/719
f 1166/1017 1167/1018 1144/719 1145/720
f 1165/1016 1166/1017 1145/720 1146/4292
f 1099/721 1175/1031 1176/4294 1098/4293
f 1099/721 1100/722 1174/1029 1175/1031
f 1100/722 1192/1048 1193/1050 1174/1029
f 1101/960 1102/945 1172/1024 1173/1028
f 1220/1079 1221/1080 3088/3362 3089/3364
f 1221/1080 1222/1081 3087/3358 3088/3362
f 3085/3357 3086/3359 1223/1000 1224/723
f 3096/4297 3085/3357 1224/723 1225/4298
f 1214/1072 1215/1073 3094/3376 3095/3378
f 1215/1073 1216/1074 3093/3374 3094/3376
f 1216/1074 1217/1075 3092/3372 3093/3374
f 1217/1075 1218/1076 3091/3370 3092/3372
f 1218/1076 1219/1078 3090/3366 3091/3370
f 1219/1078 1220/1077 3089/3367 3090/3366
f 963/793 964/794 945/724 946/727
f 964/794 965/795 944/725 945/724
f 944/725 965/795 966/796 943/783
f 970/800 971/820 938/734 939/735
f 961/789 962/791 947/726 948/728
f 962/791 963/793 946/727 947/726
f 960/786 961/789 948/728 949/806
f 959/787 960/786 949/806 973/805
f 827/802 959/729 973/807 974/732
f 996/842 997/841 899/730 835/731
f 901/774 995/837 996/836 835/772
f 974/732 984/823 985/822 843/1515
f 971/820 972/824 937/733 938/734
f 969/801 970/800 939/735 940/736
f 1024/3028 1025/3027 919/738 918/737
f 1025/3027 1026/3026 920/739 919/738
f 1026/3026 1027/3025 921/740 920/739
f 1027/3025 1028/3024 922/741 921/740
f 1028/3024 1029/3023 923/742 922/741
f 1029/3023 1030/3022 924/744 923/742
f 1030/3022 1031/3021 925/743 924/744
f 1031/3019 1032/3017 926/746 925/745
f 1032/3017 1033/3016 927/747 926/746
f 1033/3016 1034/3015 928/748 927/747
f 1034/3015 1035/3014 929/749 928/748
f 1035/3014 1036/3013 930/750 929/749
f 1036/3013 1037/3012 931/751 930/750
f 1037/3012 1038/3011 932/752 931/751
f 1038/3011 1039/3010 933/753 932/752
f 1039/3010 1024/3028 918/737 933/753
f 2752/2993 2753/2994 1055/755 1040/754
f 2753/2994 2754/2995 1054/756 1055/755
f 2754/2995 2755/2996 1053/757 1054/756
f 2755/2996 2756/2997 1052/758 1053/757
f 2756/2997 2757/2998 1051/759 1052/758
f 2757/2998 2758/3000 1050/760 1051/759
f 2758/3000 2759/2999 1049/885 1050/760
f 2759/3001 2760/3002 1048/761 1049/884
f 2760/3002 2761/3003 1047/762 1048/761
f 2761/3003 2762/3004 1046/763 1047/762
f 2762/3004 2763/3005 1045/764 1046/763
f 2763/3005 2764/3006 1044/765 1045/764
f 2764/3006 2765/3007 1043/766 1044/765
f 2765/3007 2766/3008 1042/767 1043/766
f 2766/3008 2767/3009 1041/768 1042/767
f 2767/3009 2752/2993 1040/754 1041/768
f 826/792 952/827 953/847 842/698
f 990/769 989/848 1003/849 1001/770
f 952/827 989/848 990/769 953/847
f 950/771 837/846 831/781 958/780
f 899/730 830/1505 954/826 955/777
f 835/772 957/773 956/782 901/774
f 942/775 967/798 968/797 941/776
f 955/777 957/778 835/731 899/730
f 968/799 969/801 940/736 941/779
f 958/780 831/781 901/774 956/782
f 966/796 967/798 942/775 943/783
f 848/784 847/785 960/786 959/787
f 847/785 846/788 961/789 960/786
f 846/788 845/790 962/791 961/789
f 845/790 826/792 963/793 962/791
f 826/792 842/698 964/794 963/793
f 842/698 950/771 965/795 964/794
f 966/796 965/795 950/771 958/780
f 958/780 956/782 967/798 966/796
f 968/797 967/798 956/782 957/773
f 957/778 955/777 969/801 968/799
f 954/826 970/800 969/801 955/777
f 827/802 974/732 843/1515 980/817
f 849/803 848/804 959/729 827/802
f 973/805 949/806 934/810 977/809
f 973/807 977/821 984/823 974/732
f 999/1506 1625/1509 1626/1513 840/1501
f 978/808 977/809 934/810 935/811
f 979/814 978/812 935/813 936/815
f 972/824 979/814 936/815 937/733
f 986/825 1623/1504 999/1506 840/1501
f 981/816 975/1514 1000/1512 1005/1499
f 840/1501 1626/1513 985/822 983/1502
f 981/816 980/817 843/1515 975/1514
f 851/702 850/818 980/817 981/816
f 829/682 844/819 850/818 851/702
f 954/826 983/1502 971/820 970/800
f 979/814 984/823 977/821 978/812
f 985/822 984/823 979/814 972/824
f 985/822 972/824 971/820 983/1502
f 830/1505 1623/1504 986/825 954/826
f 951/829 988/830 989/848 952/827
f 838/828 988/830 951/829 832/683
f 988/830 838/828 841/694 1002/831
f 828/1491 991/832 1002/831 841/694
f 992/833 1004/1492 1613/4386 1612/4389
f 993/835 992/833 1612/4389 1610/4388
f 1610/4388 868/4391 994/834 993/835
f 868/4391 1627/4394 995/837 994/834
f 996/836 995/837 1627/4394 867/838
f 867/839 900/840 997/841 996/842
f 998/843 997/841 900/840 866/844
f 866/844 987/845 1622/1503 998/843
f 1621/1507 1622/1503 987/845 865/4397
f 865/4397 1628/4398 1624/1510 1621/1507
f 837/846 953/847 990/769 1001/770
f 989/848 988/830 1002/831 1003/849
f 991/832 1004/1492 1003/849 1002/831
f 1619/1500 1620/1511 976/1508 982/850
f 1618/1498 1619/1500 982/850 869/851
f 834/4264 1617/1495 1618/1498 869/851
f 918/737 919/738 1009/853 1008/852
f 919/738 920/739 1010/854 1009/853
f 920/739 921/740 1011/855 1010/854
f 921/740 922/741 1012/856 1011/855
f 922/741 923/742 1013/857 1012/856
f 923/742 924/744 1014/859 1013/857
f 924/744 925/743 1015/858 1014/859
f 925/745 926/746 1016/861 1015/860
f 926/746 927/747 1017/862 1016/861
f 927/747 928/748 1018/863 1017/862
f 928/748 929/749 1019/864 1018/863
f 929/749 930/750 1020/865 1019/864
f 930/750 931/751 1021/866 1020/865
f 931/751 932/752 1022/867 1021/866
f 932/752 933/753 1023/868 1022/867
f 933/753 918/737 1008/852 1023/868
f 3097/3379 3098/3380 2783/870 2768/869
f 3098/3380 3099/3381 2782/871 2783/870
f 3099/3381 3100/3382 2781/872 2782/871
f 3100/3382 3101/3383 2780/873 2781/872
f 3101/3383 3102/3384 2779/874 2780/873
f 3102/3384 3103/3386 2778/875 2779/874
f 3103/3386 3104/3385 2777/3020 2778/875
f 3104/3387 3105/3388 2776/876 2777/3018
f 3105/3388 3106/3389 2775/877 2776/876
f 3106/3389 3107/3390 2774/878 2775/877
f 3107/3390 3108/3391 2773/879 2774/878
f 3108/3391 3109/3392 2772/880 2773/879
f 3109/3392 3110/3393 2771/881 2772/880
f 3110/3393 3111/3394 2770/882 2771/881
f 3111/3394 3112/3395 2769/883 2770/882
f 3112/3395 3097/3379 2768/869 2769/883
f 1041/768 1040/754 2736/2991 2737/2959
f 1042/767 1041/768 2737/2959 2738/2961
f 1043/766 1042/767 2738/2961 2739/2963
f 1044/765 1043/766 2739/2963 2740/2965
f 1045/764 1044/765 2740/2965 2741/2967
f 1046/763 1045/764 2741/2967 2742/2969
f 1047/762 1046/763 2742/2969 2743/2971
f 1048/761 1047/762 2743/2971 2744/2973
f 1049/884 1048/761 2744/2973 2745/2975
f 1050/760 1049/885 2745/2978 2746/2977
f 1051/759 1050/760 2746/2977 2747/2981
f 1052/758 1051/759 2747/2981 2748/2983
f 1053/757 1052/758 2748/2983 2749/2985
f 1054/756 1053/757 2749/2985 2750/2987
f 1055/755 1054/756 2750/2987 2751/2989
f 1040/754 1055/755 2751/2989 2736/2991
f 2784/3029 2785/3030 1057/887 1056/886
f 2785/3030 2786/3032 1058/888 1057/887
f 2786/3032 2787/3033 1059/889 1058/888
f 2787/3033 2788/3034 1060/890 1059/889
f 2788/3034 2789/3035 1061/891 1060/890
f 2789/3035 2790/3038 1062/893 1061/891
f 2790/3038 2791/3037 1063/892 1062/893
f 2791/3039 2792/3040 1064/895 1063/894
f 2792/3040 2793/3041 1065/896 1064/895
f 2793/3041 2794/3043 1066/897 1065/896
f 2794/3043 2795/3044 1067/898 1066/897
f 2795/3044 2796/3045 1068/899 1067/898
f 2796/3045 2797/3046 1069/900 1068/899
f 2797/3046 2798/3048 1070/901 1069/900
f 2798/3048 2799/3049 1071/902 1070/901
f 2799/3049 2784/3029 1056/886 1071/902
f 2800/936 2801/905 2802/3052 2803/903
f 1096/933 1097/3059 1073/1172 1074/1175
f 1095/931 1096/933 1074/1175 1075/1308
f 1094/929 1095/931 1075/1308 1076/1307
f 1093/927 1094/929 1076/1307 1077/1176
f 2815/926 2816/3070 2817/3060 2818/3062
f 2819/924 2815/926 2818/3062 2820/3061
f 2821/922 2819/921 2820/3063 2822/3064
f 2823/918 2821/922 2822/3064 2824/904
f 1091/916 1092/3065 1081/1334 1082/1470
f 1090/914 1091/916 1082/1470 1083/1468
f 1089/912 1090/914 1083/1468 1084/1465
f 1088/910 1089/912 1084/1465 1085/1314
f 2804/909 2805/3057 2806/3050 2807/3051
f 2808/907 2804/909 2807/3051 2809/3053
f 2801/905 2808/907 2809/3053 2802/3052
f 2811/935 2810/906 2808/907 2801/905
f 2810/906 2812/908 2804/909 2808/907
f 2812/908 2813/3058 2805/3057 2804/909
f 915/3047 914/911 1089/912 1088/910
f 914/911 913/913 1090/914 1089/912
f 913/913 912/915 1091/916 1090/914
f 912/915 911/3042 1092/3065 1091/916
f 2826/917 2825/919 2821/922 2823/918
f 2825/919 2827/920 2819/921 2821/922
f 2827/923 2828/925 2815/926 2819/924
f 2828/925 2829/3071 2816/3070 2815/926
f 907/3036 906/928 1094/929 1093/927
f 906/928 905/930 1095/931 1094/929
f 905/930 904/932 1096/933 1095/931
f 904/932 903/3031 1097/3059 1096/933
f 2814/934 2811/935 2801/905 2800/936
f 1099/721 1098/4293 821/4273 820/937
f 1100/722 1099/721 820/937 819/938
f 1191/1049 1192/1048 1100/722 819/938
f 1106/988 1105/987 825/949 824/939
f 1107/989 1106/988 824/939 823/940
f 1108/4518 1107/989 823/940 822/4471
f 818/1033 1120/957 1122/958 1133/941
f 2955/3211 2956/3215 2946/942 2945/1012
f 1163/1008 2945/1011 2946/943 859/1007
f 1142/944 1188/1004 1150/997 1141/998
f 1102/945 1101/960 1131/959 1132/946
f 1103/947 1102/945 1132/946 1134/948
f 825/949 1105/987 1147/990 1148/993
f 822/4471 823/940 1110/700 1109/4276
f 1111/699 1110/700 823/940 824/939
f 824/939 825/949 1112/950 1111/699
f 1112/950 825/949 1148/993 1149/995
f 1116/1043 1112/950 1149/995 1150/997
f 857/951 862/952 1118/953 1117/954
f 1119/955 1118/953 862/952 856/956
f 856/956 1189/1046 1190/1045 1119/955
f 1120/957 861/1014 1121/1015 1122/958
f 818/1033 1133/941 1131/959 1101/960
f 1226/1986 1227/1984 1927/962 1912/961
f 1227/1984 1228/1982 1926/963 1927/962
f 1228/1982 1229/1980 1925/964 1926/963
f 1229/1980 1230/1978 1924/965 1925/964
f 1230/1978 1231/1976 1923/966 1924/965
f 1231/1976 1232/1974 1922/967 1923/966
f 1232/1974 1233/1972 1921/968 1922/967
f 1233/1972 1234/1970 1920/969 1921/968
f 1234/1970 1235/1968 1919/970 1920/969
f 1235/1968 1236/1966 1918/971 1919/970
f 1236/1966 1237/1964 1917/972 1918/971
f 1237/1964 1238/1962 1916/973 1917/972
f 1238/1962 1239/1960 1915/974 1916/973
f 1239/1960 1240/1958 1914/976 1915/974
f 1240/1958 1241/1957 1913/975 1914/976
f 1241/1954 1226/1986 1912/961 1913/977
f 1103/979 1137/978 1170/1022 1171/1021
f 1137/978 1103/979 1134/980 1135/981
f 1138/992 1137/978 1135/981 1136/982
f 1139/994 1138/992 1136/982 1126/983
f 1140/996 1139/994 1126/983 1127/984
f 1141/998 1140/996 1127/984 1130/985
f 1142/944 1141/998 1130/985 1129/986
f 1105/987 1143/718 1104/991 1147/990
f 1144/719 1143/718 1105/987 1106/988
f 1145/720 1144/719 1106/988 1107/989
f 1146/4292 1145/720 1107/989 1108/4518
f 1147/990 1104/991 1137/978 1138/992
f 1148/993 1147/990 1138/992 1139/994
f 1149/995 1148/993 1139/994 1140/996
f 1150/997 1149/995 1140/996 1141/998
f 1007/1496 1156/999 811/696 829/682
f 1222/1081 1223/1000 3086/3359 3087/3358
f 1202/1061 1203/1060 1180/1035 1181/1001
f 864/2925 1114/701 1115/1002 1161/1003
f 1188/1004 1186/1044 1116/1043 1150/997
f 858/2948 2728/2926 864/2925 1161/1003
f 2929/2955 2930/1005 2933/1006 2932/2956
f 2716/2930 2734/2953 2932/2956 2933/1006
f 859/1007 1184/2950 1142/944 1163/1008
f 875/3185 2732/2951 1184/2950 859/1007
f 1163/1008 1142/944 1129/986 1128/1009
f 1125/1010 2945/1011 1163/1008 1128/1009
f 1124/3212 2955/3211 2945/1012 1125/1013
f 861/1014 1164/3210 1123/3213 1121/1015
f 888/4568 887/1041 1166/1017 1165/1016
f 887/1041 886/1040 1167/1018 1166/1017
f 886/1040 885/1039 1168/1019 1167/1018
f 885/1039 884/1038 1169/1020 1168/1019
f 884/1038 883/1037 1170/1022 1169/1020
f 1171/1021 1170/1022 883/1037 1151/1023
f 1172/1024 1171/1025 1151/1026 1152/1027
f 1173/1028 1172/1024 1152/1027 1160/1034
f 1174/1029 1193/1050 1194/1065 1157/1030
f 1175/1031 1174/1029 1157/1030 1153/1032
f 1176/4294 1175/1031 1153/1032 1179/4262
f 1101/960 1173/1028 1177/1047 818/1033
f 1178/1042 1177/1047 1173/1028 1160/1034
f 1152/1027 1181/1001 1180/1035 1160/1034
f 1151/1026 1182/1036 1181/1001 1152/1027
f 882/717 1182/716 1151/1023 883/1037
f 881/715 882/717 883/1037 884/1038
f 880/714 881/715 884/1038 885/1039
f 879/713 880/714 885/1039 886/1040
f 878/712 879/713 886/1040 887/1041
f 877/4567 878/712 887/1041 888/4568
f 1160/1034 1180/1035 1183/1051 1178/1042
f 1184/2950 1187/709 1188/1004 1142/944
f 1186/1044 1185/2947 858/2948 1161/1003
f 1115/1002 1116/1043 1186/1044 1161/1003
f 861/1014 1189/1046 852/3214 1164/3210
f 1190/1045 1189/1046 861/1014 1120/957
f 1191/1049 1190/1045 1120/957 818/1033
f 818/1033 1177/1047 1192/1048 1191/1049
f 1193/1050 1192/1048 1177/1047 1178/1042
f 1194/1065 1193/1050 1178/1042 1183/1051
f 893/4586 894/3377 1196/1053 1195/1052
f 894/3377 895/3375 1197/1054 1196/1053
f 895/3375 896/3373 1198/1055 1197/1054
f 896/3373 897/3371 1199/1056 1198/1055
f 897/3371 898/3369 1200/1058 1199/1056
f 898/3369 889/3368 1201/1057 1200/1058
f 889/3365 890/3363 1202/1061 1201/1059
f 890/3363 891/3361 1203/1060 1202/1061
f 1204/1069 1208/1063 891/3361 1159/3360
f 1205/1071 1204/1069 1159/3360 1155/1062
f 1206/4606 1205/1071 1155/1062 892/4595
f 1207/1064 1183/1051 1180/1035 1203/1060
f 1208/1063 1207/1064 1203/1060 891/3361
f 1209/1066 1194/1065 1183/1051 1207/1064
f 1210/1068 1209/1066 1207/1064 1208/1063
f 1211/1067 1210/1068 1208/1063 1204/1069
f 1212/1070 1211/1067 1204/1069 1205/1071
f 1213/4288 1212/1070 1205/1071 1206/4606
f 1214/1072 1608/4611 813/1490 1215/1073
f 813/1490 814/695 1216/1074 1215/1073
f 814/695 815/685 1217/1075 1216/1074
f 815/685 816/684 1218/1076 1217/1075
f 816/684 817/693 1219/1078 1218/1076
f 817/693 808/692 1220/1077 1219/1078
f 808/690 809/689 1221/1080 1220/1079
f 809/689 810/697 1222/1081 1221/1080
f 810/697 811/696 1223/1000 1222/1081
f 1614/4626 1615/1493 1616/1494 812/4627
f 1274/2054 1275/2052 1273/1083 1258/1082
f 1275/2052 1276/2050 1272/1084 1273/1083
f 1276/2050 1277/2048 1271/1085 1272/1084
f 1277/2048 1278/2046 1270/1086 1271/1085
f 1278/2046 1279/2044 1269/1087 1270/1086
f 1279/2044 1280/2042 1268/1088 1269/1087
f 1280/2042 1281/2040 1267/1089 1268/1088
f 1281/2040 1282/2038 1266/1090 1267/1089
f 1282/2038 1283/2036 1265/1091 1266/1090
f 1283/2036 1284/2034 1264/1092 1265/1091
f 1284/2034 1285/2032 1263/1093 1264/1092
f 1285/2032 1286/2030 1262/1094 1263/1093
f 1286/2030 1287/2028 1261/1095 1262/1094
f 1287/2028 1288/2026 1260/1096 1261/1095
f 1288/2026 1289/2025 1259/1132 1260/1096
f 1289/2022 1274/2054 1258/1082 1259/1131
f 1132/1097 1131/1099 1243/1100 1242/1098
f 1131/1099 1133/1101 1244/1102 1243/1100
f 1133/1101 1122/1103 1245/1104 1244/1102
f 1122/1103 1121/1105 1246/1106 1245/1104
f 1121/1105 1123/1107 1247/1108 1246/1106
f 1123/1107 1124/1109 1248/1110 1247/1108
f 1124/1109 1125/1111 1249/1112 1248/1110
f 1125/1111 1128/1113 1250/1114 1249/1112
f 1128/1113 1129/1115 1251/1116 1250/1114
f 1129/1115 1130/1117 1252/1118 1251/1116
f 1130/1117 1127/1119 1253/1120 1252/1118
f 1127/1119 1126/1121 1254/1122 1253/1120
f 1126/1121 1136/1123 1255/1124 1254/1122
f 1136/1123 1135/1125 1256/1128 1255/1124
f 1135/1125 1134/1126 1257/1127 1256/1128
f 1134/1129 1132/1097 1242/1098 1257/1130
f 1259/1131 1258/1082 1290/1987 1291/2019
f 1260/1096 1259/1132 1291/2016 1292/2015
f 1261/1095 1260/1096 1292/2015 1293/2013
f 1262/1094 1261/1095 1293/2013 1294/2011
f 1263/1093 1262/1094 1294/2011 1295/2009
f 1264/1092 1263/1093 1295/2009 1296/2007
f 1265/1091 1264/1092 1296/2007 1297/2005
f 1266/1090 1265/1091 1297/2005 1298/2003
f 1267/1089 1266/1090 1298/2003 1299/2001
f 1268/1088 1267/1089 1299/2001 1300/1999
f 1269/1087 1268/1088 1300/1999 1301/1997
f 1270/1086 1269/1087 1301/1997 1302/1995
f 1271/1085 1270/1086 1302/1995 1303/1993
f 1272/1084 1271/1085 1303/1993 1304/1991
f 1273/1083 1272/1084 1304/1991 1305/1989
f 1258/1082 1273/1083 1305/1989 1290/1987
f 1306/1148 1307/1149 2023/2051 2008/2053
f 1307/1149 1308/1150 2022/2049 2023/2051
f 1308/1150 1309/1151 2021/2047 2022/2049
f 1309/1151 1310/1152 2020/2045 2021/2047
f 1310/1152 1311/1153 2019/2043 2020/2045
f 1311/1153 1312/1154 2018/2041 2019/2043
f 1312/1154 1313/1155 2017/2039 2018/2041
f 1313/1155 1314/1156 2016/2037 2017/2039
f 1314/1156 1315/1157 2015/2035 2016/2037
f 1315/1157 1316/1158 2014/2033 2015/2035
f 1316/1158 1317/1159 2013/2031 2014/2033
f 1317/1159 1318/1160 2012/2029 2013/2031
f 1318/1160 1319/1161 2011/2027 2012/2029
f 1319/1161 1320/1163 2010/2023 2011/2027
f 1320/1163 1321/1162 2009/2024 2010/2023
f 1321/1164 1306/1148 2008/2053 2009/2021
f 2007/2020 1992/1988 1322/1147 1323/1165
f 2006/2018 2007/2017 1323/1166 1324/1133
f 2005/2014 2006/2018 1324/1133 1325/1134
f 2004/2012 2005/2014 1325/1134 1326/1135
f 2003/2010 2004/2012 1326/1135 1327/1136
f 2002/2008 2003/2010 1327/1136 1328/1137
f 2001/2006 2002/2008 1328/1137 1329/1138
f 2000/2004 2001/2006 1329/1138 1330/1139
f 1999/2002 2000/2004 1330/1139 1331/1140
f 1998/2000 1999/2002 1331/1140 1332/1141
f 1997/1998 1998/2000 1332/1141 1333/1142
f 1996/1996 1997/1998 1333/1142 1334/1143
f 1995/1994 1996/1996 1334/1143 1335/1144
f 1994/1992 1995/1994 1335/1144 1336/1145
f 1993/1990 1994/1992 1336/1145 1337/1146
f 1992/1988 1993/1990 1337/1146 1322/1147
f 2024/2055 2025/2056 1307/1149 1306/1148
f 2025/2056 2026/2057 1308/1150 1307/1149
f 2026/2057 2027/2058 1309/1151 1308/1150
f 2027/2058 2028/2059 1310/1152 1309/1151
f 2028/2059 2029/2060 1311/1153 1310/1152
f 2029/2060 2030/2061 1312/1154 1311/1153
f 2030/2061 2031/2062 1313/1155 1312/1154
f 2031/2062 2032/2063 1314/1156 1313/1155
f 2032/2063 2033/2064 1315/1157 1314/1156
f 2033/2064 2034/2065 1316/1158 1315/1157
f 2034/2065 2035/2066 1317/1159 1316/1158
f 2035/2066 2036/2067 1318/1160 1317/1159
f 2036/2067 2037/2068 1319/1161 1318/1160
f 2037/2068 2038/2070 1320/1163 1319/1161
f 2038/2070 2039/2069 1321/1162 1320/1163
f 2039/2071 2024/2055 1306/1148 1321/1164
f 1323/1165 1322/1147 1976/1985 1977/1953
f 1324/1133 1323/1166 1977/1956 1978/1955
f 1325/1134 1324/1133 1978/1955 1979/1959
f 1326/1135 1325/1134 1979/1959 1980/1961
f 1327/1136 1326/1135 1980/1961 1981/1963
f 1328/1137 1327/1136 1981/1963 1982/1965
f 1329/1138 1328/1137 1982/1965 1983/1967
f 1330/1139 1329/1138 1983/1967 1984/1969
f 1331/1140 1330/1139 1984/1969 1985/1971
f 1332/1141 1331/1140 1985/1971 1986/1973
f 1333/1142 1332/1141 1986/1973 1987/1975
f 1334/1143 1333/1142 1987/1975 1988/1977
f 1335/1144 1334/1143 1988/1977 1989/1979
f 1336/1145 1335/1144 1989/1979 1990/1981
f 1337/1146 1336/1145 1990/1981 1991/1983
f 1322/1147 1337/1146 1991/1983 1976/1985
f 2930/1005 2726/1167 2934/1168 2933/1006
f 2927/708 2725/3176 2726/1167 2930/1005
f 633/3175 2939/3187 2940/3191 1339/1169
f 629/3220 630/704 1341/1171 1340/1170
f 630/704 631/4712 1342/4159 1341/1171
f 1075/1308 1074/1175 1568/1174 1569/1305
f 1073/1172 1567/1173 1568/1174 1074/1175
f 1077/1176 1076/1307 1570/1306 1571/1177
f 1349/1268 1354/1223 1343/1484 1458/1309
f 1426/1269 1427/1272 1347/1178 1353/1179
f 1441/1270 1426/1269 1353/1179 1348/1180
f 1346/1181 1457/1183 1350/1274 1351/1273
f 1345/1182 1355/1222 1350/1274 1457/1183
f 1428/1275 1429/1277 1344/1221 1352/1184
f 1427/1276 1428/1275 1352/1184 1347/1185
f 1361/1191 1368/1186 1434/1285 1435/1287
f 1368/1186 1358/1205 1433/1283 1434/1285
f 1362/1187 1374/1284 1357/1206 1375/1188
f 1369/1192 1362/1187 1375/1188 1359/1193
f 1360/1189 1370/1190 1436/1286 1437/1288
f 1370/1190 1361/1191 1435/1287 1436/1286
f 1363/1194 1369/1192 1359/1193 1376/1195
f 1377/1289 1363/1194 1376/1195 1356/1196
f 1356/1196 1376/1195 1364/1197 1379/1199
f 1376/1195 1359/1193 1371/1203 1364/1197
f 1364/1197 1371/1203 1492/1204 1509/1198
f 1379/1199 1364/1197 1509/1198 1508/1200
f 1359/1193 1375/1188 1365/1201 1371/1203
f 1375/1188 1357/1206 1378/1350 1365/1201
f 1365/1201 1378/1350 1494/1349 1493/1202
f 1371/1203 1365/1201 1493/1202 1492/1204
f 1358/1205 1372/1355 1432/1351 1433/1283
f 1374/1284 1366/1354 1378/1350 1357/1206
f 1505/1207 1373/1208 1438/1290 1506/1292
f 1373/1208 1360/1189 1437/1288 1438/1290
f 1367/1291 1377/1289 1356/1196 1379/1199
f 1367/1291 1379/1199 1508/1200 1507/1209
f 1389/8174 1607/1487 1380/1489 1388/8176
f 1390/8172 1391/8170 1592/1409 1593/1210
f 1430/1278 1431/8164 1394/8162 1383/1211
f 1392/8168 1393/8165 1382/1279 1381/1212
f 1386/8182 1439/8180 1440/1328 1385/1325
f 1387/8178 1388/8176 1380/1489 1384/1330
f 1553/1396 1554/1397 1536/1293 1535/1213
f 1555/1398 1556/1399 1538/1215 1537/1214
f 1556/1399 1557/1400 1539/1216 1538/1215
f 1557/1400 1558/1401 1540/1217 1539/1216
f 1558/1401 1559/1402 1541/1218 1540/1217
f 1559/1402 1560/1403 1542/1219 1541/1218
f 1560/1403 1561/1406 1543/1282 1542/1219
f 1562/1405 1563/1407 1545/1220 1544/1281
f 7163/8183 7115/8136 7116/8137 7162/8181
f 7161/8179 7117/8138 7118/8139 7160/8177
f 7160/8177 7118/8139 7119/8140 7159/8175
f 7159/8175 7119/8140 7120/8141 7158/8173
f 7158/8173 7120/8141 7121/8142 7157/8171
f 7157/8171 7121/8142 7122/8143 7156/8169
f 7156/8169 7122/8143 7123/8144 7155/8166
f 7124/1280 7125/8146 7153/8163 7154/8167
f 1429/1277 1456/1456 1442/1453 1344/1221
f 1450/1434 1451/1431 1441/1270 1348/1180
f 1345/1182 1454/1474 1455/1457 1355/1222
f 1452/1430 1453/1429 1343/1484 1354/1223
f 1073/1172 1072/1464 1566/1463 1567/1173
f 1077/1176 1571/1177 1572/1422 1078/1421
f 1397/1236 1398/1237 1399/1224 1400/1225
f 1401/1226 1399/1224 1398/1237 1402/1238
f 1403/1234 1397/1236 1400/1225 1404/1235
f 1401/1226 1402/1238 1395/1239 1396/1227
f 7152/8158 7126/8148 7127/1228 7151/8159
f 7127/1228 7128/1229 7168/8194 7151/8159
f 7128/1229 7129/1230 7167/8192 7168/8194
f 7129/1230 7130/1231 7166/8190 7167/8192
f 7130/1231 7131/1232 7165/8188 7166/8190
f 7131/1232 7132/8155 7164/8185 7165/8188
f 1406/8157 1405/8156 1412/1317 1413/1233
f 1405/8156 1407/8193 1414/1319 1412/1317
f 1407/8193 1408/8191 1415/1320 1414/1319
f 1416/1321 1415/1320 1408/8191 1409/8189
f 1417/1322 1416/1321 1409/8189 1410/8187
f 1418/1252 1417/1322 1410/8187 1411/8184
f 1443/1450 1444/1449 1403/1234 1404/1235
f 1444/1449 1445/1446 1397/1236 1403/1234
f 1445/1446 1446/1444 1398/1237 1397/1236
f 1402/1238 1398/1237 1446/1444 1447/1441
f 1395/1239 1402/1238 1447/1441 1448/1439
f 1396/1227 1395/1239 1448/1439 1449/1437
f 1546/1385 1547/1384 1529/1240 1528/1241
f 1547/1384 1548/1387 1530/1242 1529/1240
f 1548/1387 1549/1389 1531/1243 1530/1242
f 1549/1389 1550/1391 1532/1244 1531/1243
f 1550/1391 1551/1393 1533/1245 1532/1244
f 1551/1393 1552/1395 1534/1256 1533/1245
f 1347/1246 1352/1248 1400/1225 1399/1224
f 1353/1247 1347/1246 1399/1224 1401/1226
f 1352/1248 1344/1253 1404/1235 1400/1225
f 1348/1249 1353/1247 1401/1226 1396/1227
f 7153/8161 7125/8147 7126/8148 7152/8158
f 1383/1250 1394/8160 1406/8157 1413/1233
f 1386/1251 1385/1323 1418/1252 1411/8184
f 1344/1253 1442/1451 1443/1450 1404/1235
f 1449/1437 1450/1436 1348/1249 1396/1227
f 7164/8185 7132/8155 7115/8154 7163/8186
f 1563/1408 1546/1385 1528/1241 1545/1254
f 1552/1395 1553/1394 1535/1255 1534/1256
f 1372/1257 1358/1259 1419/1358 1420/1258
f 1358/1259 1368/1260 1421/1361 1419/1358
f 1368/1260 1361/1261 1422/1363 1421/1361
f 1361/1261 1370/1262 1423/1365 1422/1363
f 1370/1262 1360/1263 1424/1367 1423/1365
f 1360/1263 1373/1266 1425/1265 1424/1367
f 1504/1264 1425/1265 1373/1266 1505/1267
f 1354/1223 1349/1268 1426/1269 1441/1270
f 1349/1268 1351/1271 1427/1272 1426/1269
f 1351/1273 1350/1274 1428/1275 1427/1276
f 1350/1274 1355/1222 1429/1277 1428/1275
f 1455/1457 1456/1456 1429/1277 1355/1222
f 1393/8165 1431/8164 1430/1278 1382/1279
f 7155/8166 7123/8144 7124/1280 7154/8167
f 1561/1406 1562/1405 1544/1281 1543/1282
f 1433/1283 1432/1351 1366/1354 1374/1284
f 1434/1285 1433/1283 1374/1284 1362/1187
f 1435/1287 1434/1285 1362/1187 1369/1192
f 1436/1286 1435/1287 1369/1192 1363/1194
f 1437/1288 1436/1286 1363/1194 1377/1289
f 1438/1290 1437/1288 1377/1289 1367/1291
f 1438/1290 1367/1291 1507/1209 1506/1292
f 1554/1397 1555/1398 1537/1214 1536/1293
f 7162/8181 7116/8137 7117/8138 7161/8179
f 1440/1328 1439/8180 1387/8178 1384/1330
f 1441/1270 1451/1431 1452/1430 1354/1223
f 1586/1447 1587/1452 1462/1316 1463/1318
f 1463/1318 1464/1294 1585/1448 1586/1447
f 1464/1294 1465/1295 1584/1445 1585/1448
f 1465/1295 1466/1296 1583/1443 1584/1445
f 1582/1442 1583/1443 1466/1296 1467/1297
f 1581/1440 1582/1442 1467/1297 1468/1298
f 1580/1438 1581/1440 1468/1298 1469/1299
f 1469/1299 1470/1324 1579/1435 1580/1438
f 1470/1326 1471/1327 1578/1432 1579/1433
f 1577/1427 1578/1432 1471/1327 1472/1329
f 1472/1329 1473/1300 1576/1428 1577/1427
f 1079/1301 1575/1302 1573/1332 1080/1331
f 1565/1312 1591/1462 1087/1461 1086/1313
f 1589/1458 1590/1477 1459/1471 1460/1303
f 1460/1303 1461/1304 1588/1455 1589/1458
f 1587/1454 1588/1455 1461/1304 1462/1315
f 1569/1305 1570/1306 1076/1307 1075/1308
f 1349/1268 1458/1309 1346/1310 1351/1271
f 1564/1311 1565/1312 1086/1313 1085/1314
f 1460/1303 1459/1471 1381/1212 1382/1279
f 1382/1279 1430/1278 1461/1304 1460/1303
f 1462/1315 1461/1304 1430/1278 1383/1211
f 1463/1318 1462/1316 1383/1250 1413/1233
f 1413/1233 1412/1317 1464/1294 1463/1318
f 1412/1317 1414/1319 1465/1295 1464/1294
f 1414/1319 1415/1320 1466/1296 1465/1295
f 1467/1297 1466/1296 1415/1320 1416/1321
f 1468/1298 1467/1297 1416/1321 1417/1322
f 1469/1299 1468/1298 1417/1322 1418/1252
f 1385/1323 1470/1324 1469/1299 1418/1252
f 1385/1325 1440/1328 1471/1327 1470/1326
f 1472/1329 1471/1327 1440/1328 1384/1330
f 1380/1489 1473/1300 1472/1329 1384/1330
f 1080/1331 1573/1332 1574/1333 1081/1334
f 1492/1204 1493/1202 1475/1336 1474/1335
f 1493/1202 1494/1349 1476/1337 1475/1336
f 1494/1349 1495/1353 1477/1338 1476/1337
f 1495/1353 1496/1352 1478/1404 1477/1338
f 1479/1339 1478/1404 1496/1352 1497/1356
f 1480/1341 1479/1340 1497/1357 1498/1360
f 1498/1360 1499/1359 1481/1383 1480/1341
f 1499/1359 1500/1362 1482/1386 1481/1383
f 1500/1362 1501/1364 1483/1388 1482/1386
f 1484/1390 1483/1388 1501/1364 1502/1366
f 1485/1392 1484/1390 1502/1366 1503/1368
f 1486/1343 1485/1392 1503/1368 1504/1264
f 1504/1264 1505/1267 1487/1342 1486/1343
f 1505/1207 1506/1292 1488/1345 1487/1344
f 1489/1346 1488/1345 1506/1292 1507/1209
f 1507/1209 1508/1200 1490/1347 1489/1346
f 1508/1200 1509/1198 1491/1348 1490/1347
f 1509/1198 1492/1204 1474/1335 1491/1348
f 1366/1354 1495/1353 1494/1349 1378/1350
f 1432/1351 1496/1352 1495/1353 1366/1354
f 1372/1355 1497/1356 1496/1352 1432/1351
f 1498/1360 1497/1357 1372/1257 1420/1258
f 1419/1358 1499/1359 1498/1360 1420/1258
f 1421/1361 1500/1362 1499/1359 1419/1358
f 1422/1363 1501/1364 1500/1362 1421/1361
f 1423/1365 1502/1366 1501/1364 1422/1363
f 1424/1367 1503/1368 1502/1366 1423/1365
f 1504/1264 1503/1368 1424/1367 1425/1265
f 1527/1369 1534/1256 1535/1255 1510/1370
f 1511/1372 1510/1371 1535/1213 1536/1293
f 1512/1373 1511/1372 1536/1293 1537/1214
f 1513/1374 1512/1373 1537/1214 1538/1215
f 1514/1375 1513/1374 1538/1215 1539/1216
f 1515/1376 1514/1375 1539/1216 1540/1217
f 1516/1377 1515/1376 1540/1217 1541/1218
f 1517/1378 1516/1377 1541/1218 1542/1219
f 1518/1379 1517/1378 1542/1219 1543/1282
f 1543/1282 1544/1281 1519/8145 1518/1379
f 1520/1380 1519/8145 1544/1281 1545/1220
f 1521/1382 1520/1381 1545/1254 1528/1241
f 1528/1241 1529/1240 1522/8149 1521/1382
f 1529/1240 1530/1242 1523/8150 1522/8149
f 1530/1242 1531/1243 1524/8151 1523/8150
f 1531/1243 1532/1244 1525/8152 1524/8151
f 1532/1244 1533/1245 1526/8153 1525/8152
f 1527/1369 1526/8153 1533/1245 1534/1256
f 1480/1341 1481/1383 1547/1384 1546/1385
f 1481/1383 1482/1386 1548/1387 1547/1384
f 1482/1386 1483/1388 1549/1389 1548/1387
f 1483/1388 1484/1390 1550/1391 1549/1389
f 1484/1390 1485/1392 1551/1393 1550/1391
f 1485/1392 1486/1343 1552/1395 1551/1393
f 1486/1343 1487/1342 1553/1394 1552/1395
f 1487/1344 1488/1345 1554/1397 1553/1396
f 1488/1345 1489/1346 1555/1398 1554/1397
f 1489/1346 1490/1347 1556/1399 1555/1398
f 1490/1347 1491/1348 1557/1400 1556/1399
f 1491/1348 1474/1335 1558/1401 1557/1400
f 1474/1335 1475/1336 1559/1402 1558/1401
f 1475/1336 1476/1337 1560/1403 1559/1402
f 1476/1337 1477/1338 1561/1406 1560/1403
f 1477/1338 1478/1404 1562/1405 1561/1406
f 1478/1404 1479/1339 1563/1407 1562/1405
f 1479/1340 1480/1341 1546/1385 1563/1408
f 1564/1412 1592/1409 1391/8170 1595/1473
f 1389/8174 1390/8172 1593/1210 1594/1410
f 1595/1473 1596/1472 1565/1411 1564/1412
f 1596/1472 1597/1476 1591/1460 1565/1411
f 1567/1414 1566/1459 1598/1475 1599/1479
f 1568/1413 1567/1414 1599/1479 1600/1478
f 1569/1415 1568/1413 1600/1478 1601/1480
f 1601/1482 1602/1481 1570/1416 1569/1417
f 1571/1418 1570/1416 1602/1481 1603/1483
f 1572/1426 1571/1418 1603/1483 1604/1486
f 1573/1420 1575/1425 1605/1485 1606/1488
f 1574/1419 1573/1420 1606/1488 1607/1487
f 1078/1421 1572/1422 1575/1423 1079/1424
f 1604/1486 1605/1485 1575/1425 1572/1426
f 1577/1427 1576/1428 1453/1429 1452/1430
f 1452/1430 1451/1431 1578/1432 1577/1427
f 1579/1433 1578/1432 1451/1431 1450/1434
f 1580/1438 1579/1435 1450/1436 1449/1437
f 1449/1437 1448/1439 1581/1440 1580/1438
f 1448/1439 1447/1441 1582/1442 1581/1440
f 1447/1441 1446/1444 1583/1443 1582/1442
f 1584/1445 1583/1443 1446/1444 1445/1446
f 1585/1448 1584/1445 1445/1446 1444/1449
f 1586/1447 1585/1448 1444/1449 1443/1450
f 1443/1450 1442/1451 1587/1452 1586/1447
f 1442/1453 1456/1456 1588/1455 1587/1454
f 1589/1458 1588/1455 1456/1456 1455/1457
f 1455/1457 1454/1474 1590/1477 1589/1458
f 1597/1476 1598/1475 1566/1459 1591/1460
f 1087/1461 1591/1462 1566/1463 1072/1464
f 1085/1314 1084/1465 1592/1466 1564/1311
f 1593/1467 1592/1466 1084/1465 1083/1468
f 1594/1469 1593/1467 1083/1468 1082/1470
f 1081/1334 1574/1333 1594/1469 1082/1470
f 1459/1471 1596/1472 1595/1473 1381/1212
f 1590/1477 1597/1476 1596/1472 1459/1471
f 1454/1474 1598/1475 1597/1476 1590/1477
f 1599/1479 1598/1475 1454/1474 1345/1182
f 1600/1478 1599/1479 1345/1182 1457/1183
f 1601/1480 1600/1478 1457/1183 1346/1181
f 1458/1309 1602/1481 1601/1482 1346/1310
f 1603/1483 1602/1481 1458/1309 1343/1484
f 1604/1486 1603/1483 1343/1484 1453/1429
f 1576/1428 1605/1485 1604/1486 1453/1429
f 1606/1488 1605/1485 1576/1428 1473/1300
f 1607/1487 1606/1488 1473/1300 1380/1489
f 1595/1473 1391/8170 1392/8168 1381/1212
f 1389/8174 1594/1410 1574/1419 1607/1487
f 1608/4611 1609/5039 828/1491 813/1490
f 1609/5039 1611/5041 991/832 828/1491
f 1611/5041 1613/4386 1004/1492 991/832
f 1225/4298 1224/723 1615/1493 1614/4626
f 1224/723 1223/1000 811/696 1615/1493
f 1156/999 1616/1494 1615/1493 811/696
f 1617/1495 1616/1494 1156/999 1007/1496
f 1618/1498 1617/1495 1007/1496 1006/1497
f 1006/1497 1005/1499 1619/1500 1618/1498
f 1005/1499 1000/1512 1620/1511 1619/1500
f 1621/1507 1624/1510 1625/1509 999/1506
f 986/825 840/1501 983/1502 954/826
f 1622/1503 1623/1504 830/1505 998/843
f 999/1506 1623/1504 1622/1503 1621/1507
f 1624/1510 1628/4398 976/1508 1620/1511
f 1625/1509 1624/1510 1620/1511 1000/1512
f 1626/1513 1625/1509 1000/1512 975/1514
f 985/822 1626/1513 975/1514 843/1515
f 645/1516 646/1518 1629/1521 807/1517
f 646/1518 2942/1519 2943/1520 1629/1521
f 644/1522 1630/1523 637/5069 638/2927
f 687/1524 1631/1548 73/1533 176/1525
f 688/3258 3015/3263 152/3267 160/1526
f 689/1545 696/3432 128/3487 144/1527
f 84/3477 705/1528 3162/3450 185/3449
f 129/3491 3146/3434 706/1559 86/3492
f 715/1529 3145/3431 33/3430 35/1530
f 45/3413 3129/3415 716/1557 120/3493
f 39/1535 1632/1534 725/1531 37/1532
f 725/1531 715/1529 35/1530 37/1532
f 716/1557 727/1537 112/3497 120/3493
f 104/3500 3016/3269 726/3260 96/3502
f 73/1533 1631/1548 3010/3256 168/3259
f 41/3262 3011/3261 1632/1534 39/1535
f 75/1536 1633/3266 689/1545 144/1527
f 727/1537 1634/3268 43/1538 112/3497
f 1654/3328 1661/3329 1635/1539 1653/1553
f 1661/3329 2888/3129 2889/3132 1635/1539
f 2889/3132 2890/3133 1636/1540 1635/1539
f 2890/3133 3142/3425 3143/3427 1636/1540
f 2891/3134 3159/3444 3160/3446 1637/3428
f 2892/3135 2893/3136 1639/1541 1638/3447
f 681/1542 1639/1541 2893/3136 2894/3526
f 3008/3522 3009/3257 1648/1549 681/1542
f 3013/3565 3014/3264 1647/1547 682/3520
f 3033/3289 3034/3290 684/591 697/600
f 3032/3288 3149/3435 3150/3437 707/607
f 3031/3287 3132/3416 3133/3418 717/614
f 3030/3286 3031/3287 717/614 728/1543
f 3029/3285 3030/3286 728/1543 737/1544
f 689/1545 1633/3266 1646/3265 1645/1546
f 1647/1547 3014/3264 3015/3263 688/3258
f 1631/1548 1648/1549 3009/3257 3010/3256
f 687/1524 1649/1550 1648/1549 1631/1548
f 705/1528 1651/1551 3161/3448 3162/3450
f 1652/1552 3144/3429 3145/3431 715/1529
f 1653/1553 1652/1552 715/1529 725/1531
f 1654/3328 1653/1553 725/1531 1632/1534
f 3011/3261 3012/1554 1654/3328 1632/1534
f 3016/3269 3017/3271 1655/1570 726/3260
f 1657/1555 1656/3270 1634/3268 727/1537
f 716/1557 1658/1556 1657/1555 727/1537
f 3129/3415 3130/3414 1658/1556 716/1557
f 3146/3434 3147/3433 1659/1558 706/1559
f 689/1545 1645/1546 1660/1560 696/3432
f 1661/3329 1663/3529 2887/3130 2888/3129
f 3056/3318 3057/3319 1713/1605 756/1561
f 3055/3316 3056/3318 756/1561 767/1562
f 3054/3314 3055/3316 767/1562 778/1563
f 807/1517 1629/1521 1669/1566 1668/1564
f 1629/1521 2943/1520 2944/1565 1669/1566
f 730/623 731/624 1671/1568 1670/1567
f 731/624 732/625 1672/1569 1671/1568
f 732/625 733/626 1673/3164 1672/1569
f 2913/3172 2921/3171 734/5100 1674/5116
f 2886/3128 3226/3527 3227/3532 1676/3327
f 3017/3271 3028/3538 3027/3536 1655/1570
f 737/1544 738/627 1679/1571 1678/1572
f 738/628 730/623 1670/1567 1679/1573
f 754/1574 1698/1590 1773/1677 1774/1678
f 765/1575 754/1574 1774/1678 1775/1680
f 776/1576 765/1575 1775/1680 1776/1682
f 787/1648 776/1576 1776/1682 1777/1685
f 1759/1649 1778/1684 1779/1688 1732/1577
f 801/1578 1732/1577 1779/1688 1780/1690
f 1780/1692 1781/1694 1741/1628 801/1623
f 777/1580 788/1579 1783/1698 1784/1700
f 766/1581 777/1580 1784/1700 1785/1702
f 755/1582 766/1581 1785/1702 1786/1704
f 1786/1704 1787/1706 1711/1604 755/1582
f 1681/3298 1697/1589 1698/1590 754/1574
f 1682/3300 1681/3298 754/1574 765/1575
f 1683/3302 1682/3300 765/1575 776/1576
f 1684/3304 1683/3302 776/1576 787/1648
f 2923/5115 2922/3332 2913/3172 1674/5116
f 1685/3162 1745/1638 1687/1584 1680/3163
f 1711/1604 1712/3320 1665/3317 755/1582
f 744/5117 1689/1583 1788/1708 1789/5118
f 1771/1673 1772/1675 1687/1584 1745/1638
f 739/3146 740/3144 1694/1586 1693/1585
f 740/3144 741/3160 1695/1587 1694/1586
f 741/3160 742/3330 1696/1588 1695/1587
f 742/3330 3042/3333 3043/3296 1696/1588
f 1698/1590 1697/1589 1680/3163 1687/1584
f 1772/1675 1773/1677 1698/1590 1687/1584
f 1690/1711 1718/1710 1719/1611 1699/1591
f 566/1736 564/1729 1701/1593 1700/1592
f 564/1729 561/1727 1702/1594 1701/1593
f 561/1727 560/1725 1703/1595 1702/1594
f 560/1725 581/1723 1704/1596 1703/1595
f 581/1723 579/1721 1705/1597 1704/1596
f 579/1721 577/1719 1706/1598 1705/1597
f 577/1719 574/1717 1707/1599 1706/1598
f 574/1717 573/1715 1708/1600 1707/1599
f 1709/1603 1708/1600 573/1715 1691/1732
f 1691/1732 1692/1601 1710/1602 1709/1603
f 1787/1706 1788/1708 1689/1583 1711/1604
f 1689/1583 1664/3321 1712/3320 1711/1604
f 1713/1605 3057/3319 3058/3323 745/3157
f 745/3157 746/3156 1714/1606 1713/1605
f 746/3156 747/3154 1715/1607 1714/1606
f 747/3154 748/3152 1716/1609 1715/1607
f 748/3152 749/3151 1717/1608 1716/1609
f 749/3148 739/3146 1693/1585 1717/1610
f 1719/1611 1718/1710 566/1736 1700/1592
f 1720/1612 1719/1611 1700/1592 567/517
f 567/517 586/527 1721/1613 1720/1612
f 586/527 598/537 1722/1614 1721/1613
f 598/537 610/547 1723/1666 1722/1614
f 1761/1668 622/1667 1735/1626 1734/1615
f 1724/1616 1734/1615 1735/1626 1725/1617
f 1738/1627 1739/1671 1724/1616 1725/1617
f 1725/1617 1735/1626 1736/1635 1726/1619
f 1737/1637 1738/1627 1725/1617 1726/1619
f 1736/1635 620/1634 627/1618 1726/1619
f 623/1620 1737/1637 626/1636 625/1621
f 801/1578 1727/1622 1731/3307 1732/1577
f 801/1623 1741/1628 1742/1629 1727/1624
f 777/1580 1667/3313 1728/1625 788/1579
f 3049/3306 3050/3308 1767/1660 1768/1662
f 1743/1630 1767/1658 3050/3309 3051/3310
f 1758/1647 1759/1649 1732/1577 1731/3307
f 1736/1635 1735/1626 622/1667 621/1632
f 624/1669 1738/1627 1737/1637 623/1620
f 1781/1694 1782/1696 1764/1655 1741/1628
f 1764/1655 1765/1654 1742/1629 1741/1628
f 3051/3310 3052/3311 1766/1656 1743/1630
f 797/1657 1744/1631 1743/1630 1766/1656
f 1729/1659 1744/1631 799/670 800/669
f 796/1665 1730/1663 794/666 795/667
f 621/1632 619/1633 620/1634 1736/1635
f 626/1636 1737/1637 1726/1619 627/1618
f 743/5178 1745/1638 1685/3162 1686/5179
f 1770/5181 1771/1673 1745/1638 743/5178
f 1800/1735 1791/1714 1790/1747 1811/1746
f 1808/1743 1809/1744 1749/1640 1748/1639
f 1809/1744 1810/1745 1750/1641 1749/1640
f 1810/1745 1811/1746 1751/1749 1750/1641
f 1803/1738 1804/1739 1753/1643 1752/1642
f 1804/1739 1805/1740 1754/1644 1753/1643
f 1805/1740 1806/1741 1755/1645 1754/1644
f 1806/1741 1807/1742 1756/1646 1755/1645
f 1807/1742 1808/1743 1748/1639 1756/1646
f 1792/1716 1801/1733 1691/1732 573/1715
f 787/1648 1759/1649 1758/1647 1684/3304
f 787/1648 1777/1685 1778/1684 1759/1649
f 1761/1668 1760/1650 611/1651 1723/1666
f 612/562 613/1652 1763/1653 1762/1670
f 788/1579 1764/1655 1782/1696 1783/1698
f 1728/1625 1765/1654 1764/1655 788/1579
f 789/660 1766/1656 3052/3311 3053/3312
f 797/1657 1766/1656 789/660 790/661
f 1767/1658 1743/1630 1744/1631 1729/1659
f 1730/1663 1768/1662 1767/1660 1729/1661
f 1768/1662 1730/1663 796/1665 1769/1664
f 785/658 786/659 1769/1664 796/1665
f 1769/1664 786/659 3047/3303 3048/3305
f 1723/1666 610/547 622/1667 1761/1668
f 624/1669 1762/1670 1739/1671 1738/1627
f 1746/1672 1771/1673 1770/5181 568/5213
f 1690/1674 1772/1675 1771/1673 1746/1672
f 1699/1676 1773/1677 1772/1675 1690/1674
f 1774/1678 1773/1677 1699/1676 569/1679
f 1775/1680 1774/1678 569/1679 587/1681
f 1776/1682 1775/1680 587/1681 599/1683
f 1777/1685 1776/1682 599/1683 611/1686
f 1778/1684 1777/1685 611/1686 1760/1687
f 1779/1688 1778/1684 1760/1687 1733/1689
f 1780/1690 1779/1688 1733/1689 628/1691
f 1740/1695 1781/1694 1780/1692 628/1693
f 1763/1697 1782/1696 1781/1694 1740/1695
f 1783/1698 1782/1696 1763/1697 613/1699
f 1784/1700 1783/1698 613/1699 601/1701
f 1785/1702 1784/1700 601/1701 589/1703
f 1786/1704 1785/1702 589/1703 572/1705
f 1710/1707 1787/1706 1786/1704 572/1705
f 1692/1709 1788/1708 1787/1706 1710/1707
f 1789/5118 1788/1708 1692/1709 570/5250
f 1746/1712 1791/1714 1718/1710 1690/1711
f 1746/1712 568/1713 1790/1747 1791/1714
f 573/1715 574/1717 1793/1718 1792/1716
f 574/1717 577/1719 1794/1720 1793/1718
f 577/1719 579/1721 1795/1722 1794/1720
f 579/1721 581/1723 1796/1724 1795/1722
f 581/1723 560/1725 1797/1726 1796/1724
f 560/1725 561/1727 1798/1728 1797/1726
f 561/1727 564/1729 1799/1730 1798/1728
f 564/1729 566/1736 1800/1735 1799/1730
f 1757/1731 1802/1737 1803/1738 1752/1642
f 1691/1732 1801/1733 570/1734 1692/1601
f 1718/1710 1791/1714 1800/1735 566/1736
f 1803/1738 1802/1737 1801/1733 1792/1716
f 1792/1716 1793/1718 1804/1739 1803/1738
f 1793/1718 1794/1720 1805/1740 1804/1739
f 1794/1720 1795/1722 1806/1741 1805/1740
f 1795/1722 1796/1724 1807/1742 1806/1741
f 1796/1724 1797/1726 1808/1743 1807/1742
f 1797/1726 1798/1728 1809/1744 1808/1743
f 1798/1728 1799/1730 1810/1745 1809/1744
f 1799/1730 1800/1735 1811/1746 1810/1745
f 1811/1746 1790/1747 1747/1748 1751/1749
f 1748/1750 1749/1752 1813/1753 1812/1751
f 1749/1752 1750/1754 1814/1755 1813/1753
f 1750/1754 1751/1756 1815/1759 1814/1755
f 1751/1756 1747/1757 1816/1758 1815/1759
f 1757/1760 1752/1762 1818/1763 1817/1761
f 1752/1762 1753/1764 1819/1765 1818/1763
f 1753/1764 1754/1766 1820/1767 1819/1765
f 1754/1766 1755/1768 1821/1769 1820/1767
f 1755/1768 1756/1770 1822/1771 1821/1769
f 1756/1770 1748/1750 1812/1751 1822/1771
f 1812/1751 1813/1753 1824/1773 1823/1772
f 1813/1753 1814/1755 1825/1774 1824/1773
f 1814/1755 1815/1759 1826/1776 1825/1774
f 1815/1759 1816/1758 1827/1775 1826/1776
f 1817/1761 1818/1763 1829/1778 1828/1777
f 1818/1763 1819/1765 1830/1779 1829/1778
f 1819/1765 1820/1767 1831/1780 1830/1779
f 1820/1767 1821/1769 1832/1781 1831/1780
f 1821/1769 1822/1771 1833/1782 1832/1781
f 1822/1771 1812/1751 1823/1772 1833/1782
f 1823/1772 1824/1773 1835/1784 1834/1783
f 1824/1773 1825/1774 1836/1785 1835/1784
f 1825/1774 1826/1776 1837/1787 1836/1785
f 1826/1776 1827/1775 1838/1786 1837/1787
f 1828/1777 1829/1778 1840/1789 1839/1788
f 1829/1778 1830/1779 1841/1790 1840/1789
f 1830/1779 1831/1780 1842/1791 1841/1790
f 1831/1780 1832/1781 1843/1792 1842/1791
f 1832/1781 1833/1782 1844/1793 1843/1792
f 1833/1782 1823/1772 1834/1783 1844/1793
f 1834/1783 1835/1784 1846/1795 1845/1794
f 1835/1784 1836/1785 1847/1796 1846/1795
f 1836/1785 1837/1787 1848/1798 1847/1796
f 1837/1787 1838/1786 1849/1797 1848/1798
f 1839/1788 1840/1789 1851/1800 1850/1799
f 1840/1789 1841/1790 1852/1801 1851/1800
f 1841/1790 1842/1791 1853/1802 1852/1801
f 1842/1791 1843/1792 1854/1803 1853/1802
f 1843/1792 1844/1793 1855/1804 1854/1803
f 1844/1793 1834/1783 1845/1794 1855/1804
f 1845/1794 1846/1795 1857/1806 1856/1805
f 1846/1795 1847/1796 1858/1807 1857/1806
f 1847/1796 1848/1798 1859/1809 1858/1807
f 1848/1798 1849/1797 1860/1808 1859/1809
f 1850/1799 1851/1800 1862/1811 1861/1810
f 1851/1800 1852/1801 1863/1812 1862/1811
f 1852/1801 1853/1802 1864/1813 1863/1812
f 1853/1802 1854/1803 1865/1814 1864/1813
f 1854/1803 1855/1804 1866/1815 1865/1814
f 1855/1804 1845/1794 1856/1805 1866/1815
f 1856/1805 1857/1806 1868/1817 1867/1816
f 1857/1806 1858/1807 1869/1818 1868/1817
f 1858/1807 1859/1809 1870/1820 1869/1818
f 1859/1809 1860/1808 1871/1819 1870/1820
f 1861/1810 1862/1811 1873/1822 1872/1821
f 1862/1811 1863/1812 1874/1823 1873/1822
f 1863/1812 1864/1813 1875/1824 1874/1823
f 1864/1813 1865/1814 1876/1825 1875/1824
f 1865/1814 1866/1815 1877/1826 1876/1825
f 1866/1815 1856/1805 1867/1816 1877/1826
f 1867/1816 1868/1817 1879/1828 1878/1827
f 1868/1817 1869/1818 1880/1829 1879/1828
f 1869/1818 1870/1820 1881/1831 1880/1829
f 1870/1820 1871/1819 1882/1830 1881/1831
f 1872/1821 1873/1822 1884/1833 1883/1832
f 1873/1822 1874/1823 1885/1834 1884/1833
f 1874/1823 1875/1824 1886/1835 1885/1834
f 1875/1824 1876/1825 1887/1836 1886/1835
f 1876/1825 1877/1826 1888/1837 1887/1836
f 1877/1826 1867/1816 1878/1827 1888/1837
f 1878/1827 1879/1828 1890/1839 1889/1838
f 1879/1828 1880/1829 1891/1840 1890/1839
f 1880/1829 1881/1831 1892/1842 1891/1840
f 1881/1831 1882/1830 1893/1841 1892/1842
f 1883/1832 1884/1833 1895/1844 1894/1843
f 1884/1833 1885/1834 1896/1845 1895/1844
f 1885/1834 1886/1835 1897/1846 1896/1845
f 1886/1835 1887/1836 1898/1847 1897/1846
f 1887/1836 1888/1837 1899/1848 1898/1847
f 1888/1837 1878/1827 1889/1838 1899/1848
f 1889/1838 1890/1839 1901/1850 1900/1849
f 1890/1839 1891/1840 1902/1851 1901/1850
f 1891/1840 1892/1842 1903/1853 1902/1851
f 1892/1842 1893/1841 1904/1852 1903/1853
f 1894/1843 1895/1844 1906/1855 1905/1854
f 1895/1844 1896/1845 1907/1856 1906/1855
f 1896/1845 1897/1846 1908/1857 1907/1856
f 1897/1846 1898/1847 1909/1858 1908/1857
f 1898/1847 1899/1848 1910/1859 1909/1858
f 1899/1848 1889/1838 1900/1849 1910/1859
f 2839/3082 3068/3338 3073/3344 2838/3080
f 3066/3340 3070/3341 3071/3343 3072/3345
f 1913/1860 1912/1893 438/1894 437/1861
f 1914/1862 1913/1863 437/1864 436/1865
f 1915/1866 1914/1862 436/1865 432/1867
f 1916/1868 1915/1866 432/1867 433/1869
f 1917/1870 1916/1868 433/1869 434/1871
f 1918/1872 1917/1870 434/1871 435/1873
f 1919/1874 1918/1872 435/1873 397/1910
f 1920/1875 1919/1876 397/1877 446/1878
f 1921/1879 1920/1875 446/1878 445/1880
f 1922/1881 1921/1879 445/1880 444/1882
f 1923/1883 1922/1881 444/1882 443/1884
f 1924/1885 1923/1883 443/1884 442/1886
f 1925/1887 1924/1885 442/1886 441/1888
f 1926/1889 1925/1887 441/1888 440/1890
f 1927/1891 1926/1889 440/1890 439/1892
f 1912/1893 1927/1891 439/1892 438/1894
f 1929/1895 1928/1918 383/1917 366/1896
f 1930/1897 1929/1895 366/1896 335/412
f 1931/2633 1930/1897 335/412 459/2635
f 1933/1898 1932/1915 341/385 381/1899
f 1934/1900 1933/1898 381/1899 364/1901
f 1935/1902 1934/1900 364/1901 342/1903
f 1936/2625 1935/1902 342/1903 457/2626
f 383/1917 1942/391 327/1942 384/1904
f 1937/1907 1941/1914 411/1913 319/1932
f 399/1905 1938/1906 1937/1907 319/1932
f 1938/1906 399/1905 444/1882 445/1880
f 1939/1909 1938/1906 445/1880 446/1878
f 446/1878 397/1877 1940/1908 1939/1909
f 397/1910 435/1873 395/1911 1940/1912
f 412/1945 341/385 1932/1915 1941/1914
f 411/1913 1941/1914 1932/1915 317/1916
f 336/379 1942/391 383/1917 1928/1918
f 1971/392 1942/391 336/379 419/382
f 414/363 1943/1939 413/1919 1944/1920
f 1944/1920 413/1919 328/389 1956/1934
f 1945/1922 1944/1920 1956/1934 1957/350
f 1958/348 1946/1921 1945/1922 1957/350
f 1947/1923 1946/1921 1958/348 1959/346
f 1948/1924 1947/1923 1959/346 1960/344
f 1949/1926 1948/1924 1960/344 1961/342
f 1962/494 1950/1925 1949/1926 1961/342
f 1963/356 1951/1927 1950/1925 1962/494
f 1952/1929 1951/1928 1963/355 1964/502
f 1965/501 1953/2916 1952/1929 1964/502
f 2683/2874 430/1930 1954/1931 2682/2875
f 1955/1933 1954/1931 430/1930 453/405
f 319/1932 1955/1933 453/405 399/1905
f 1956/1934 328/389 396/406 395/1911
f 296/1937 1968/1936 286/202 285/1935
f 428/1938 1969/1940 1968/1936 296/1937
f 428/1938 413/1919 1943/1939 1969/1940
f 429/1943 1971/392 1970/1941 297/368
f 1943/1939 327/1942 429/1943 1969/1940
f 422/387 1972/1944 412/1945 340/351
f 290/1946 1973/1947 1972/1944 422/387
f 279/1948 1974/1949 1973/1947 290/1946
f 220/1950 1975/1951 1974/1949 279/1948
f 255/1952 1975/1951 220/1950 256/236
f 1977/1953 1976/1985 1226/1986 1241/1954
f 1978/1955 1977/1956 1241/1957 1240/1958
f 1979/1959 1978/1955 1240/1958 1239/1960
f 1980/1961 1979/1959 1239/1960 1238/1962
f 1981/1963 1980/1961 1238/1962 1237/1964
f 1982/1965 1981/1963 1237/1964 1236/1966
f 1983/1967 1982/1965 1236/1966 1235/1968
f 1984/1969 1983/1967 1235/1968 1234/1970
f 1985/1971 1984/1969 1234/1970 1233/1972
f 1986/1973 1985/1971 1233/1972 1232/1974
f 1987/1975 1986/1973 1232/1974 1231/1976
f 1988/1977 1987/1975 1231/1976 1230/1978
f 1989/1979 1988/1977 1230/1978 1229/1980
f 1990/1981 1989/1979 1229/1980 1228/1982
f 1991/1983 1990/1981 1228/1982 1227/1984
f 1976/1985 1991/1983 1227/1984 1226/1986
f 1290/1987 1305/1989 1993/1990 1992/1988
f 1305/1989 1304/1991 1994/1992 1993/1990
f 1304/1991 1303/1993 1995/1994 1994/1992
f 1303/1993 1302/1995 1996/1996 1995/1994
f 1302/1995 1301/1997 1997/1998 1996/1996
f 1301/1997 1300/1999 1998/2000 1997/1998
f 1300/1999 1299/2001 1999/2002 1998/2000
f 1299/2001 1298/2003 2000/2004 1999/2002
f 1298/2003 1297/2005 2001/2006 2000/2004
f 1297/2005 1296/2007 2002/2008 2001/2006
f 1296/2007 1295/2009 2003/2010 2002/2008
f 1295/2009 1294/2011 2004/2012 2003/2010
f 1294/2011 1293/2013 2005/2014 2004/2012
f 1293/2013 1292/2015 2006/2018 2005/2014
f 1292/2015 1291/2016 2007/2017 2006/2018
f 1291/2019 1290/1987 1992/1988 2007/2020
f 2009/2021 2008/2053 1274/2054 1289/2022
f 2010/2023 2009/2024 1289/2025 1288/2026
f 2011/2027 2010/2023 1288/2026 1287/2028
f 2012/2029 2011/2027 1287/2028 1286/2030
f 2013/2031 2012/2029 1286/2030 1285/2032
f 2014/2033 2013/2031 1285/2032 1284/2034
f 2015/2035 2014/2033 1284/2034 1283/2036
f 2016/2037 2015/2035 1283/2036 1282/2038
f 2017/2039 2016/2037 1282/2038 1281/2040
f 2018/2041 2017/2039 1281/2040 1280/2042
f 2019/2043 2018/2041 1280/2042 1279/2044
f 2020/2045 2019/2043 1279/2044 1278/2046
f 2021/2047 2020/2045 1278/2046 1277/2048
f 2022/2049 2021/2047 1277/2048 1276/2050
f 2023/2051 2022/2049 1276/2050 1275/2052
f 2008/2053 2023/2051 1275/2052 1274/2054
f 1242/1098 1243/1100 2025/2056 2024/2055
f 1243/1100 1244/1102 2026/2057 2025/2056
f 1244/1102 1245/1104 2027/2058 2026/2057
f 1245/1104 1246/1106 2028/2059 2027/2058
f 1246/1106 1247/1108 2029/2060 2028/2059
f 1247/1108 1248/1110 2030/2061 2029/2060
f 1248/1110 1249/1112 2031/2062 2030/2061
f 1249/1112 1250/1114 2032/2063 2031/2062
f 1250/1114 1251/1116 2033/2064 2032/2063
f 1251/1116 1252/1118 2034/2065 2033/2064
f 1252/1118 1253/1120 2035/2066 2034/2065
f 1253/1120 1254/1122 2036/2067 2035/2066
f 1254/1122 1255/1124 2037/2068 2036/2067
f 1255/1124 1256/1128 2038/2070 2037/2068
f 1256/1128 1257/1127 2039/2069 2038/2070
f 1257/1130 1242/1098 2024/2055 2039/2071
f 2079/2217 2080/2215 2066/2073 2055/2072
f 2080/2215 2081/2213 2065/2074 2066/2073
f 2081/2213 2082/2211 2064/2075 2065/2074
f 2082/2211 2083/2209 2063/2076 2064/2075
f 2083/2209 2084/2208 2062/2106 2063/2076
f 2084/2205 2085/2203 2061/2077 2062/2109
f 2085/2203 2086/2201 2060/2078 2061/2077
f 2086/2201 2087/2199 2059/2079 2060/2078
f 2087/2199 2088/2197 2058/2080 2059/2079
f 2088/2197 2089/2195 2057/2081 2058/2080
f 2089/2195 2090/2194 2056/2115 2057/2081
f 2090/2191 2079/2217 2055/2072 2056/2118
f 2045/2264 2053/2085 2043/2267 2044/2265
f 2041/2271 2042/2269 2052/2082 2054/2087
f 2047/2257 2053/2084 2045/2261 2046/2259
f 2049/2253 2054/2086 2052/2083 2048/2255
f 2048/2255 2052/2083 2053/2084 2047/2257
f 2043/2267 2053/2085 2052/2082 2042/2269
f 2051/2250 2054/2086 2049/2253 2050/2251
f 2041/2271 2054/2087 2051/2247 2040/2273
f 2138/2161 2127/2148 2103/2097 2104/2120
f 2137/2160 2138/2159 2104/2121 2105/2088
f 2136/2158 2137/2160 2105/2088 2106/2089
f 2135/2157 2136/2158 2106/2089 2107/2090
f 2134/2156 2135/2157 2107/2090 2108/2091
f 2133/2155 2134/2156 2108/2091 2109/2092
f 2132/2154 2133/2155 2109/2092 2110/2127
f 2131/2153 2132/2152 2110/2128 2111/2093
f 2130/2151 2131/2153 2111/2093 2112/2094
f 2129/2150 2130/2151 2112/2094 2113/2095
f 2128/2149 2129/2150 2113/2095 2114/2096
f 2127/2148 2128/2149 2114/2096 2103/2097
f 2068/2098 2067/2133 2115/2147 2116/2134
f 2069/2122 2068/2099 2116/2136 2117/2135
f 2070/2123 2069/2122 2117/2135 2118/2137
f 2071/2124 2070/2123 2118/2137 2119/2138
f 2072/2125 2071/2124 2119/2138 2120/2139
f 2073/2126 2072/2125 2120/2139 2121/2140
f 2074/2100 2073/2126 2121/2140 2122/2141
f 2075/2129 2074/2101 2122/2143 2123/2142
f 2076/2130 2075/2129 2123/2142 2124/2144
f 2077/2131 2076/2130 2124/2144 2125/2145
f 2078/2132 2077/2131 2125/2145 2126/2146
f 2067/2133 2078/2132 2126/2146 2115/2147
f 2151/2176 2152/2177 2174/2214 2163/2216
f 2152/2177 2153/2178 2173/2212 2174/2214
f 2153/2178 2154/2179 2172/2210 2173/2212
f 2154/2179 2155/2181 2171/2206 2172/2210
f 2155/2181 2156/2180 2170/2207 2171/2206
f 2156/2182 2157/2183 2169/2202 2170/2204
f 2157/2183 2158/2184 2168/2200 2169/2202
f 2158/2184 2159/2185 2167/2198 2168/2200
f 2159/2185 2160/2186 2166/2196 2167/2198
f 2160/2186 2161/2188 2165/2192 2166/2196
f 2161/2188 2162/2187 2164/2193 2165/2192
f 2162/2189 2151/2176 2163/2216 2164/2190
f 2055/2072 2066/2073 2092/2103 2091/2102
f 2066/2073 2065/2074 2093/2104 2092/2103
f 2065/2074 2064/2075 2094/2105 2093/2104
f 2064/2075 2063/2076 2095/2108 2094/2105
f 2063/2076 2062/2106 2096/2107 2095/2108
f 2062/2109 2061/2077 2097/2111 2096/2110
f 2061/2077 2060/2078 2098/2112 2097/2111
f 2060/2078 2059/2079 2099/2113 2098/2112
f 2059/2079 2058/2080 2100/2114 2099/2113
f 2058/2080 2057/2081 2101/2117 2100/2114
f 2057/2081 2056/2115 2102/2116 2101/2117
f 2056/2118 2055/2072 2091/2102 2102/2119
f 2104/2120 2103/2097 2067/2133 2068/2098
f 2105/2088 2104/2121 2068/2099 2069/2122
f 2106/2089 2105/2088 2069/2122 2070/2123
f 2107/2090 2106/2089 2070/2123 2071/2124
f 2108/2091 2107/2090 2071/2124 2072/2125
f 2109/2092 2108/2091 2072/2125 2073/2126
f 2110/2127 2109/2092 2073/2126 2074/2100
f 2111/2093 2110/2128 2074/2101 2075/2129
f 2112/2094 2111/2093 2075/2129 2076/2130
f 2113/2095 2112/2094 2076/2130 2077/2131
f 2114/2096 2113/2095 2077/2131 2078/2132
f 2103/2097 2114/2096 2078/2132 2067/2133
f 2116/2134 2115/2147 2139/2175 2140/2162
f 2117/2135 2116/2136 2140/2164 2141/2163
f 2118/2137 2117/2135 2141/2163 2142/2165
f 2119/2138 2118/2137 2142/2165 2143/2166
f 2120/2139 2119/2138 2143/2166 2144/2167
f 2121/2140 2120/2139 2144/2167 2145/2168
f 2122/2141 2121/2140 2145/2168 2146/2169
f 2123/2142 2122/2143 2146/2171 2147/2170
f 2124/2144 2123/2142 2147/2170 2148/2172
f 2125/2145 2124/2144 2148/2172 2149/2173
f 2126/2146 2125/2145 2149/2173 2150/2174
f 2115/2147 2126/2146 2150/2174 2139/2175
f 2091/2102 2092/2103 2128/2149 2127/2148
f 2092/2103 2093/2104 2129/2150 2128/2149
f 2093/2104 2094/2105 2130/2151 2129/2150
f 2094/2105 2095/2108 2131/2153 2130/2151
f 2095/2108 2096/2107 2132/2152 2131/2153
f 2096/2110 2097/2111 2133/2155 2132/2154
f 2097/2111 2098/2112 2134/2156 2133/2155
f 2098/2112 2099/2113 2135/2157 2134/2156
f 2099/2113 2100/2114 2136/2158 2135/2157
f 2100/2114 2101/2117 2137/2160 2136/2158
f 2101/2117 2102/2116 2138/2159 2137/2160
f 2102/2119 2091/2102 2127/2148 2138/2161
f 2140/2162 2139/2175 2187/2272 2188/2246
f 2141/2163 2140/2164 2188/2249 2189/2248
f 2142/2165 2141/2163 2189/2248 2190/2252
f 2143/2166 2142/2165 2190/2252 2191/2254
f 2144/2167 2143/2166 2191/2254 2192/2256
f 2145/2168 2144/2167 2192/2256 2193/2258
f 2146/2169 2145/2168 2193/2258 2194/2260
f 2147/2170 2146/2171 2194/2263 2195/2262
f 2148/2172 2147/2170 2195/2262 2196/2266
f 2149/2173 2148/2172 2196/2266 2197/2268
f 2150/2174 2149/2173 2197/2268 2198/2270
f 2139/2175 2150/2174 2198/2270 2187/2272
f 2175/2219 2176/2221 2152/2177 2151/2176
f 2176/2221 2177/2223 2153/2178 2152/2177
f 2177/2223 2178/2225 2154/2179 2153/2178
f 2178/2225 2179/2229 2155/2181 2154/2179
f 2179/2229 2180/2228 2156/2180 2155/2181
f 2180/2231 2181/2233 2157/2183 2156/2182
f 2181/2233 2182/2235 2158/2184 2157/2183
f 2182/2235 2183/2237 2159/2185 2158/2184
f 2183/2237 2184/2239 2160/2186 2159/2185
f 2184/2239 2185/2243 2161/2188 2160/2186
f 2185/2243 2186/2242 2162/2187 2161/2188
f 2186/2245 2175/2219 2151/2176 2162/2189
f 2164/2190 2163/2216 2079/2217 2090/2191
f 2165/2192 2164/2193 2090/2194 2089/2195
f 2166/2196 2165/2192 2089/2195 2088/2197
f 2167/2198 2166/2196 2088/2197 2087/2199
f 2168/2200 2167/2198 2087/2199 2086/2201
f 2169/2202 2168/2200 2086/2201 2085/2203
f 2170/2204 2169/2202 2085/2203 2084/2205
f 2171/2206 2170/2207 2084/2208 2083/2209
f 2172/2210 2171/2206 2083/2209 2082/2211
f 2173/2212 2172/2210 2082/2211 2081/2213
f 2174/2214 2173/2212 2081/2213 2080/2215
f 2163/2216 2174/2214 2080/2215 2079/2217
f 556/2218 482/2220 2176/2221 2175/2219
f 482/2220 479/2222 2177/2223 2176/2221
f 479/2222 480/2224 2178/2225 2177/2223
f 480/2224 526/2226 2179/2229 2178/2225
f 526/2226 478/2227 2180/2228 2179/2229
f 478/2230 523/2232 2181/2233 2180/2231
f 523/2232 484/2234 2182/2235 2181/2233
f 484/2234 483/2236 2183/2237 2182/2235
f 483/2236 485/2238 2184/2239 2183/2237
f 485/2238 541/2240 2185/2243 2184/2239
f 541/2240 481/2241 2186/2242 2185/2243
f 481/2244 556/2218 2175/2219 2186/2245
f 2188/2246 2187/2272 2040/2273 2051/2247
f 2189/2248 2188/2249 2051/2250 2050/2251
f 2190/2252 2189/2248 2050/2251 2049/2253
f 2191/2254 2190/2252 2049/2253 2048/2255
f 2192/2256 2191/2254 2048/2255 2047/2257
f 2193/2258 2192/2256 2047/2257 2046/2259
f 2194/2260 2193/2258 2046/2259 2045/2261
f 2195/2262 2194/2263 2045/2264 2044/2265
f 2196/2266 2195/2262 2044/2265 2043/2267
f 2197/2268 2196/2266 2043/2267 2042/2269
f 2198/2270 2197/2268 2042/2269 2041/2271
f 2187/2272 2198/2270 2041/2271 2040/2273
f 2238/2419 2239/2417 2225/2275 2214/2274
f 2239/2417 2240/2415 2224/2276 2225/2275
f 2240/2415 2241/2413 2223/2277 2224/2276
f 2241/2413 2242/2411 2222/2278 2223/2277
f 2242/2411 2243/2410 2221/2308 2222/2278
f 2243/2407 2244/2405 2220/2279 2221/2311
f 2244/2405 2245/2403 2219/2280 2220/2279
f 2245/2403 2246/2401 2218/2281 2219/2280
f 2246/2401 2247/2399 2217/2282 2218/2281
f 2247/2399 2248/2397 2216/2283 2217/2282
f 2248/2397 2249/2396 2215/2317 2216/2283
f 2249/2393 2238/2419 2214/2274 2215/2320
f 2204/2461 2212/2287 2202/2464 2203/2462
f 2200/2468 2201/2466 2211/2284 2213/2289
f 2206/2454 2212/2286 2204/2458 2205/2456
f 2208/2450 2213/2288 2211/2285 2207/2452
f 2207/2452 2211/2285 2212/2286 2206/2454
f 2202/2464 2212/2287 2211/2284 2201/2466
f 2210/2447 2213/2288 2208/2450 2209/2448
f 2200/2468 2213/2289 2210/2444 2199/2470
f 2297/2363 2286/2350 2262/2299 2263/2322
f 2296/2362 2297/2361 2263/2323 2264/2290
f 2295/2360 2296/2362 2264/2290 2265/2291
f 2294/2359 2295/2360 2265/2291 2266/2292
f 2293/2358 2294/2359 2266/2292 2267/2293
f 2292/2357 2293/2358 2267/2293 2268/2294
f 2291/2356 2292/2357 2268/2294 2269/2329
f 2290/2355 2291/2354 2269/2330 2270/2295
f 2289/2353 2290/2355 2270/2295 2271/2296
f 2288/2352 2289/2353 2271/2296 2272/2297
f 2287/2351 2288/2352 2272/2297 2273/2298
f 2286/2350 2287/2351 2273/2298 2262/2299
f 2227/2300 2226/2335 2274/2349 2275/2336
f 2228/2324 2227/2301 2275/2338 2276/2337
f 2229/2325 2228/2324 2276/2337 2277/2339
f 2230/2326 2229/2325 2277/2339 2278/2340
f 2231/2327 2230/2326 2278/2340 2279/2341
f 2232/2328 2231/2327 2279/2341 2280/2342
f 2233/2302 2232/2328 2280/2342 2281/2343
f 2234/2331 2233/2303 2281/2345 2282/2344
f 2235/2332 2234/2331 2282/2344 2283/2346
f 2236/2333 2235/2332 2283/2346 2284/2347
f 2237/2334 2236/2333 2284/2347 2285/2348
f 2226/2335 2237/2334 2285/2348 2274/2349
f 2310/2378 2311/2379 2333/2416 2322/2418
f 2311/2379 2312/2380 2332/2414 2333/2416
f 2312/2380 2313/2381 2331/2412 2332/2414
f 2313/2381 2314/2383 2330/2408 2331/2412
f 2314/2383 2315/2382 2329/2409 2330/2408
f 2315/2384 2316/2385 2328/2404 2329/2406
f 2316/2385 2317/2386 2327/2402 2328/2404
f 2317/2386 2318/2387 2326/2400 2327/2402
f 2318/2387 2319/2388 2325/2398 2326/2400
f 2319/2388 2320/2390 2324/2394 2325/2398
f 2320/2390 2321/2389 2323/2395 2324/2394
f 2321/2391 2310/2378 2322/2418 2323/2392
f 2214/2274 2225/2275 2251/2305 2250/2304
f 2225/2275 2224/2276 2252/2306 2251/2305
f 2224/2276 2223/2277 2253/2307 2252/2306
f 2223/2277 2222/2278 2254/2310 2253/2307
f 2222/2278 2221/2308 2255/2309 2254/2310
f 2221/2311 2220/2279 2256/2313 2255/2312
f 2220/2279 2219/2280 2257/2314 2256/2313
f 2219/2280 2218/2281 2258/2315 2257/2314
f 2218/2281 2217/2282 2259/2316 2258/2315
f 2217/2282 2216/2283 2260/2319 2259/2316
f 2216/2283 2215/2317 2261/2318 2260/2319
f 2215/2320 2214/2274 2250/2304 2261/2321
f 2263/2322 2262/2299 2226/2335 2227/2300
f 2264/2290 2263/2323 2227/2301 2228/2324
f 2265/2291 2264/2290 2228/2324 2229/2325
f 2266/2292 2265/2291 2229/2325 2230/2326
f 2267/2293 2266/2292 2230/2326 2231/2327
f 2268/2294 2267/2293 2231/2327 2232/2328
f 2269/2329 2268/2294 2232/2328 2233/2302
f 2270/2295 2269/2330 2233/2303 2234/2331
f 2271/2296 2270/2295 2234/2331 2235/2332
f 2272/2297 2271/2296 2235/2332 2236/2333
f 2273/2298 2272/2297 2236/2333 2237/2334
f 2262/2299 2273/2298 2237/2334 2226/2335
f 2275/2336 2274/2349 2298/2377 2299/2364
f 2276/2337 2275/2338 2299/2366 2300/2365
f 2277/2339 2276/2337 2300/2365 2301/2367
f 2278/2340 2277/2339 2301/2367 2302/2368
f 2279/2341 2278/2340 2302/2368 2303/2369
f 2280/2342 2279/2341 2303/2369 2304/2370
f 2281/2343 2280/2342 2304/2370 2305/2371
f 2282/2344 2281/2345 2305/2373 2306/2372
f 2283/2346 2282/2344 2306/2372 2307/2374
f 2284/2347 2283/2346 2307/2374 2308/2375
f 2285/2348 2284/2347 2308/2375 2309/2376
f 2274/2349 2285/2348 2309/2376 2298/2377
f 2250/2304 2251/2305 2287/2351 2286/2350
f 2251/2305 2252/2306 2288/2352 2287/2351
f 2252/2306 2253/2307 2289/2353 2288/2352
f 2253/2307 2254/2310 2290/2355 2289/2353
f 2254/2310 2255/2309 2291/2354 2290/2355
f 2255/2312 2256/2313 2292/2357 2291/2356
f 2256/2313 2257/2314 2293/2358 2292/2357
f 2257/2314 2258/2315 2294/2359 2293/2358
f 2258/2315 2259/2316 2295/2360 2294/2359
f 2259/2316 2260/2319 2296/2362 2295/2360
f 2260/2319 2261/2318 2297/2361 2296/2362
f 2261/2321 2250/2304 2286/2350 2297/2363
f 2299/2364 2298/2377 2346/2469 2347/2443
f 2300/2365 2299/2366 2347/2446 2348/2445
f 2301/2367 2300/2365 2348/2445 2349/2449
f 2302/2368 2301/2367 2349/2449 2350/2451
f 2303/2369 2302/2368 2350/2451 2351/2453
f 2304/2370 2303/2369 2351/2453 2352/2455
f 2305/2371 2304/2370 2352/2455 2353/2457
f 2306/2372 2305/2373 2353/2460 2354/2459
f 2307/2374 2306/2372 2354/2459 2355/2463
f 2308/2375 2307/2374 2355/2463 2356/2465
f 2309/2376 2308/2375 2356/2465 2357/2467
f 2298/2377 2309/2376 2357/2467 2346/2469
f 2334/2420 2335/2421 2311/2379 2310/2378
f 2335/2421 2336/2423 2312/2380 2311/2379
f 2336/2423 2337/2425 2313/2381 2312/2380
f 2337/2425 2338/2429 2314/2383 2313/2381
f 2338/2429 2339/2428 2315/2382 2314/2383
f 2339/2431 2340/2433 2316/2385 2315/2384
f 2340/2433 2341/2435 2317/2386 2316/2385
f 2341/2435 2342/2437 2318/2387 2317/2386
f 2342/2437 2343/2439 2319/2388 2318/2387
f 2343/2439 2344/2441 2320/2390 2319/2388
f 2344/2441 2345/2440 2321/2389 2320/2390
f 2345/2442 2334/2420 2310/2378 2321/2391
f 2323/2392 2322/2418 2238/2419 2249/2393
f 2324/2394 2323/2395 2249/2396 2248/2397
f 2325/2398 2324/2394 2248/2397 2247/2399
f 2326/2400 2325/2398 2247/2399 2246/2401
f 2327/2402 2326/2400 2246/2401 2245/2403
f 2328/2404 2327/2402 2245/2403 2244/2405
f 2329/2406 2328/2404 2244/2405 2243/2407
f 2330/2408 2329/2409 2243/2410 2242/2411
f 2331/2412 2330/2408 2242/2411 2241/2413
f 2332/2414 2331/2412 2241/2413 2240/2415
f 2333/2416 2332/2414 2240/2415 2239/2417
f 2322/2418 2333/2416 2239/2417 2238/2419
f 524/467 472/416 2335/2421 2334/2420
f 472/416 470/2422 2336/2423 2335/2421
f 470/2422 476/2424 2337/2425 2336/2423
f 476/2424 497/2426 2338/2429 2337/2425
f 497/2426 475/2427 2339/2428 2338/2429
f 475/2430 494/2432 2340/2433 2339/2431
f 494/2432 477/2434 2341/2435 2340/2433
f 477/2434 474/2436 2342/2437 2341/2435
f 474/2436 473/2438 2343/2439 2342/2437
f 473/2438 521/466 2344/2441 2343/2439
f 521/466 471/417 2345/2440 2344/2441
f 471/468 524/467 2334/2420 2345/2442
f 2347/2443 2346/2469 2199/2470 2210/2444
f 2348/2445 2347/2446 2210/2447 2209/2448
f 2349/2449 2348/2445 2209/2448 2208/2450
f 2350/2451 2349/2449 2208/2450 2207/2452
f 2351/2453 2350/2451 2207/2452 2206/2454
f 2352/2455 2351/2453 2206/2454 2205/2456
f 2353/2457 2352/2455 2205/2456 2204/2458
f 2354/2459 2353/2460 2204/2461 2203/2462
f 2355/2463 2354/2459 2203/2462 2202/2464
f 2356/2465 2355/2463 2202/2464 2201/2466
f 2357/2467 2356/2465 2201/2466 2200/2468
f 2346/2469 2357/2467 2200/2468 2199/2470
f 2397/2616 2398/2614 2384/2472 2373/2471
f 2398/2614 2399/2612 2383/2473 2384/2472
f 2399/2612 2400/2610 2382/2474 2383/2473
f 2400/2610 2401/2608 2381/2475 2382/2474
f 2401/2608 2402/2607 2380/2505 2381/2475
f 2402/2604 2403/2602 2379/2476 2380/2508
f 2403/2602 2404/2600 2378/2477 2379/2476
f 2404/2600 2405/2598 2377/2478 2378/2477
f 2405/2598 2406/2596 2376/2479 2377/2478
f 2406/2596 2407/2594 2375/2480 2376/2479
f 2407/2594 2408/2593 2374/2514 2375/2480
f 2408/2590 2397/2616 2373/2471 2374/2517
f 2363/2663 2371/2484 2361/2666 2362/2664
f 2359/2670 2360/2668 2370/2481 2372/2486
f 2365/2656 2371/2483 2363/2660 2364/2658
f 2367/2652 2372/2485 2370/2482 2366/2654
f 2366/2654 2370/2482 2371/2483 2365/2656
f 2361/2666 2371/2484 2370/2481 2360/2668
f 2369/2649 2372/2485 2367/2652 2368/2650
f 2359/2670 2372/2486 2369/2646 2358/2672
f 2456/2560 2445/2547 2421/2496 2422/2519
f 2455/2559 2456/2558 2422/2520 2423/2487
f 2454/2557 2455/2559 2423/2487 2424/2488
f 2453/2556 2454/2557 2424/2488 2425/2489
f 2452/2555 2453/2556 2425/2489 2426/2490
f 2451/2554 2452/2555 2426/2490 2427/2491
f 2450/2553 2451/2554 2427/2491 2428/2526
f 2449/2552 2450/2551 2428/2527 2429/2492
f 2448/2550 2449/2552 2429/2492 2430/2493
f 2447/2549 2448/2550 2430/2493 2431/2494
f 2446/2548 2447/2549 2431/2494 2432/2495
f 2445/2547 2446/2548 2432/2495 2421/2496
f 2386/2497 2385/2532 2433/2546 2434/2533
f 2387/2521 2386/2498 2434/2535 2435/2534
f 2388/2522 2387/2521 2435/2534 2436/2536
f 2389/2523 2388/2522 2436/2536 2437/2537
f 2390/2524 2389/2523 2437/2537 2438/2538
f 2391/2525 2390/2524 2438/2538 2439/2539
f 2392/2499 2391/2525 2439/2539 2440/2540
f 2393/2528 2392/2500 2440/2542 2441/2541
f 2394/2529 2393/2528 2441/2541 2442/2543
f 2395/2530 2394/2529 2442/2543 2443/2544
f 2396/2531 2395/2530 2443/2544 2444/2545
f 2385/2532 2396/2531 2444/2545 2433/2546
f 2469/2575 2470/2576 2492/2613 2481/2615
f 2470/2576 2471/2577 2491/2611 2492/2613
f 2471/2577 2472/2578 2490/2609 2491/2611
f 2472/2578 2473/2580 2489/2605 2490/2609
f 2473/2580 2474/2579 2488/2606 2489/2605
f 2474/2581 2475/2582 2487/2601 2488/2603
f 2475/2582 2476/2583 2486/2599 2487/2601
f 2476/2583 2477/2584 2485/2597 2486/2599
f 2477/2584 2478/2585 2484/2595 2485/2597
f 2478/2585 2479/2587 2483/2591 2484/2595
f 2479/2587 2480/2586 2482/2592 2483/2591
f 2480/2588 2469/2575 2481/2615 2482/2589
f 2373/2471 2384/2472 2410/2502 2409/2501
f 2384/2472 2383/2473 2411/2503 2410/2502
f 2383/2473 2382/2474 2412/2504 2411/2503
f 2382/2474 2381/2475 2413/2507 2412/2504
f 2381/2475 2380/2505 2414/2506 2413/2507
f 2380/2508 2379/2476 2415/2510 2414/2509
f 2379/2476 2378/2477 2416/2511 2415/2510
f 2378/2477 2377/2478 2417/2512 2416/2511
f 2377/2478 2376/2479 2418/2513 2417/2512
f 2376/2479 2375/2480 2419/2516 2418/2513
f 2375/2480 2374/2514 2420/2515 2419/2516
f 2374/2517 2373/2471 2409/2501 2420/2518
f 2422/2519 2421/2496 2385/2532 2386/2497
f 2423/2487 2422/2520 2386/2498 2387/2521
f 2424/2488 2423/2487 2387/2521 2388/2522
f 2425/2489 2424/2488 2388/2522 2389/2523
f 2426/2490 2425/2489 2389/2523 2390/2524
f 2427/2491 2426/2490 2390/2524 2391/2525
f 2428/2526 2427/2491 2391/2525 2392/2499
f 2429/2492 2428/2527 2392/2500 2393/2528
f 2430/2493 2429/2492 2393/2528 2394/2529
f 2431/2494 2430/2493 2394/2529 2395/2530
f 2432/2495 2431/2494 2395/2530 2396/2531
f 2421/2496 2432/2495 2396/2531 2385/2532
f 2434/2533 2433/2546 2457/2574 2458/2561
f 2435/2534 2434/2535 2458/2563 2459/2562
f 2436/2536 2435/2534 2459/2562 2460/2564
f 2437/2537 2436/2536 2460/2564 2461/2565
f 2438/2538 2437/2537 2461/2565 2462/2566
f 2439/2539 2438/2538 2462/2566 2463/2567
f 2440/2540 2439/2539 2463/2567 2464/2568
f 2441/2541 2440/2542 2464/2570 2465/2569
f 2442/2543 2441/2541 2465/2569 2466/2571
f 2443/2544 2442/2543 2466/2571 2467/2572
f 2444/2545 2443/2544 2467/2572 2468/2573
f 2433/2546 2444/2545 2468/2573 2457/2574
f 2409/2501 2410/2502 2446/2548 2445/2547
f 2410/2502 2411/2503 2447/2549 2446/2548
f 2411/2503 2412/2504 2448/2550 2447/2549
f 2412/2504 2413/2507 2449/2552 2448/2550
f 2413/2507 2414/2506 2450/2551 2449/2552
f 2414/2509 2415/2510 2451/2554 2450/2553
f 2415/2510 2416/2511 2452/2555 2451/2554
f 2416/2511 2417/2512 2453/2556 2452/2555
f 2417/2512 2418/2513 2454/2557 2453/2556
f 2418/2513 2419/2516 2455/2559 2454/2557
f 2419/2516 2420/2515 2456/2558 2455/2559
f 2420/2518 2409/2501 2445/2547 2456/2560
f 2458/2561 2457/2574 2505/2671 2506/2645
f 2459/2562 2458/2563 2506/2648 2507/2647
f 2460/2564 2459/2562 2507/2647 2508/2651
f 2461/2565 2460/2564 2508/2651 2509/2653
f 2462/2566 2461/2565 2509/2653 2510/2655
f 2463/2567 2462/2566 2510/2655 2511/2657
f 2464/2568 2463/2567 2511/2657 2512/2659
f 2465/2569 2464/2570 2512/2662 2513/2661
f 2466/2571 2465/2569 2513/2661 2514/2665
f 2467/2572 2466/2571 2514/2665 2515/2667
f 2468/2573 2467/2572 2515/2667 2516/2669
f 2457/2574 2468/2573 2516/2669 2505/2671
f 2493/2618 2494/2620 2470/2576 2469/2575
f 2494/2620 2495/2622 2471/2577 2470/2576
f 2495/2622 2496/2624 2472/2578 2471/2577
f 2496/2624 2497/2628 2473/2580 2472/2578
f 2497/2628 2498/2627 2474/2579 2473/2580
f 2498/2630 2499/2632 2475/2582 2474/2581
f 2499/2632 2500/2634 2476/2583 2475/2582
f 2500/2634 2501/2636 2477/2584 2476/2583
f 2501/2636 2502/2638 2478/2585 2477/2584
f 2502/2638 2503/2642 2479/2587 2478/2585
f 2503/2642 2504/2641 2480/2586 2479/2587
f 2504/2644 2493/2618 2469/2575 2480/2588
f 2482/2589 2481/2615 2397/2616 2408/2590
f 2483/2591 2482/2592 2408/2593 2407/2594
f 2484/2595 2483/2591 2407/2594 2406/2596
f 2485/2597 2484/2595 2406/2596 2405/2598
f 2486/2599 2485/2597 2405/2598 2404/2600
f 2487/2601 2486/2599 2404/2600 2403/2602
f 2488/2603 2487/2601 2403/2602 2402/2604
f 2489/2605 2488/2606 2402/2607 2401/2608
f 2490/2609 2489/2605 2401/2608 2400/2610
f 2491/2611 2490/2609 2400/2610 2399/2612
f 2492/2613 2491/2611 2399/2612 2398/2614
f 2481/2615 2492/2613 2398/2614 2397/2616
f 488/2617 455/2619 2494/2620 2493/2618
f 455/2619 456/2621 2495/2622 2494/2620
f 456/2621 458/2623 2496/2624 2495/2622
f 458/2623 1936/2625 2497/2628 2496/2624
f 1936/2625 457/2626 2498/2627 2497/2628
f 457/2629 460/2631 2499/2632 2498/2630
f 460/2631 1931/2633 2500/2634 2499/2632
f 1931/2633 459/2635 2501/2636 2500/2634
f 459/2635 461/2637 2502/2638 2501/2636
f 461/2637 491/2639 2503/2642 2502/2638
f 491/2639 454/2640 2504/2641 2503/2642
f 454/2643 488/2617 2493/2618 2504/2644
f 2506/2645 2505/2671 2358/2672 2369/2646
f 2507/2647 2506/2648 2369/2649 2368/2650
f 2508/2651 2507/2647 2368/2650 2367/2652
f 2509/2653 2508/2651 2367/2652 2366/2654
f 2510/2655 2509/2653 2366/2654 2365/2656
f 2511/2657 2510/2655 2365/2656 2364/2658
f 2512/2659 2511/2657 2364/2658 2363/2660
f 2513/2661 2512/2662 2363/2663 2362/2664
f 2514/2665 2513/2661 2362/2664 2361/2666
f 2515/2667 2514/2665 2361/2666 2360/2668
f 2516/2669 2515/2667 2360/2668 2359/2670
f 2505/2671 2516/2669 2359/2670 2358/2672
f 2556/2818 2557/2816 2543/2674 2532/2673
f 2557/2816 2558/2814 2542/2675 2543/2674
f 2558/2814 2559/2812 2541/2676 2542/2675
f 2559/2812 2560/2810 2540/2677 2541/2676
f 2560/2810 2561/2809 2539/2707 2540/2677
f 2561/2806 2562/2804 2538/2678 2539/2710
f 2562/2804 2563/2802 2537/2679 2538/2678
f 2563/2802 2564/2800 2536/2680 2537/2679
f 2564/2800 2565/2798 2535/2681 2536/2680
f 2565/2798 2566/2796 2534/2682 2535/2681
f 2566/2796 2567/2795 2533/2716 2534/2682
f 2567/2792 2556/2818 2532/2673 2533/2719
f 2522/2854 2530/2686 2520/2857 2521/2855
f 2518/2861 2519/2859 2529/2683 2531/2688
f 2524/2847 2530/2685 2522/2851 2523/2849
f 2526/2843 2531/2687 2529/2684 2525/2845
f 2525/2845 2529/2684 2530/2685 2524/2847
f 2520/2857 2530/2686 2529/2683 2519/2859
f 2528/2840 2531/2687 2526/2843 2527/2841
f 2518/2861 2531/2688 2528/2837 2517/2863
f 2615/2762 2604/2749 2580/2698 2581/2721
f 2614/2761 2615/2760 2581/2722 2582/2689
f 2613/2759 2614/2761 2582/2689 2583/2690
f 2612/2758 2613/2759 2583/2690 2584/2691
f 2611/2757 2612/2758 2584/2691 2585/2692
f 2610/2756 2611/2757 2585/2692 2586/2693
f 2609/2755 2610/2756 2586/2693 2587/2728
f 2608/2754 2609/2753 2587/2729 2588/2694
f 2607/2752 2608/2754 2588/2694 2589/2695
f 2606/2751 2607/2752 2589/2695 2590/2696
f 2605/2750 2606/2751 2590/2696 2591/2697
f 2604/2749 2605/2750 2591/2697 2580/2698
f 2545/2699 2544/2734 2592/2748 2593/2735
f 2546/2723 2545/2700 2593/2737 2594/2736
f 2547/2724 2546/2723 2594/2736 2595/2738
f 2548/2725 2547/2724 2595/2738 2596/2739
f 2549/2726 2548/2725 2596/2739 2597/2740
f 2550/2727 2549/2726 2597/2740 2598/2741
f 2551/2701 2550/2727 2598/2741 2599/2742
f 2552/2730 2551/2702 2599/2744 2600/2743
f 2553/2731 2552/2730 2600/2743 2601/2745
f 2554/2732 2553/2731 2601/2745 2602/2746
f 2555/2733 2554/2732 2602/2746 2603/2747
f 2544/2734 2555/2733 2603/2747 2592/2748
f 2628/2777 2629/2778 2651/2815 2640/2817
f 2629/2778 2630/2779 2650/2813 2651/2815
f 2630/2779 2631/2780 2649/2811 2650/2813
f 2631/2780 2632/2782 2648/2807 2649/2811
f 2632/2782 2633/2781 2647/2808 2648/2807
f 2633/2783 2634/2784 2646/2803 2647/2805
f 2634/2784 2635/2785 2645/2801 2646/2803
f 2635/2785 2636/2786 2644/2799 2645/2801
f 2636/2786 2637/2787 2643/2797 2644/2799
f 2637/2787 2638/2789 2642/2793 2643/2797
f 2638/2789 2639/2788 2641/2794 2642/2793
f 2639/2790 2628/2777 2640/2817 2641/2791
f 2532/2673 2543/2674 2569/2704 2568/2703
f 2543/2674 2542/2675 2570/2705 2569/2704
f 2542/2675 2541/2676 2571/2706 2570/2705
f 2541/2676 2540/2677 2572/2709 2571/2706
f 2540/2677 2539/2707 2573/2708 2572/2709
f 2539/2710 2538/2678 2574/2712 2573/2711
f 2538/2678 2537/2679 2575/2713 2574/2712
f 2537/2679 2536/2680 2576/2714 2575/2713
f 2536/2680 2535/2681 2577/2715 2576/2714
f 2535/2681 2534/2682 2578/2718 2577/2715
f 2534/2682 2533/2716 2579/2717 2578/2718
f 2533/2719 2532/2673 2568/2703 2579/2720
f 2581/2721 2580/2698 2544/2734 2545/2699
f 2582/2689 2581/2722 2545/2700 2546/2723
f 2583/2690 2582/2689 2546/2723 2547/2724
f 2584/2691 2583/2690 2547/2724 2548/2725
f 2585/2692 2584/2691 2548/2725 2549/2726
f 2586/2693 2585/2692 2549/2726 2550/2727
f 2587/2728 2586/2693 2550/2727 2551/2701
f 2588/2694 2587/2729 2551/2702 2552/2730
f 2589/2695 2588/2694 2552/2730 2553/2731
f 2590/2696 2589/2695 2553/2731 2554/2732
f 2591/2697 2590/2696 2554/2732 2555/2733
f 2580/2698 2591/2697 2555/2733 2544/2734
f 2593/2735 2592/2748 2616/2776 2617/2763
f 2594/2736 2593/2737 2617/2765 2618/2764
f 2595/2738 2594/2736 2618/2764 2619/2766
f 2596/2739 2595/2738 2619/2766 2620/2767
f 2597/2740 2596/2739 2620/2767 2621/2768
f 2598/2741 2597/2740 2621/2768 2622/2769
f 2599/2742 2598/2741 2622/2769 2623/2770
f 2600/2743 2599/2744 2623/2772 2624/2771
f 2601/2745 2600/2743 2624/2771 2625/2773
f 2602/2746 2601/2745 2625/2773 2626/2774
f 2603/2747 2602/2746 2626/2774 2627/2775
f 2592/2748 2603/2747 2627/2775 2616/2776
f 2568/2703 2569/2704 2605/2750 2604/2749
f 2569/2704 2570/2705 2606/2751 2605/2750
f 2570/2705 2571/2706 2607/2752 2606/2751
f 2571/2706 2572/2709 2608/2754 2607/2752
f 2572/2709 2573/2708 2609/2753 2608/2754
f 2573/2711 2574/2712 2610/2756 2609/2755
f 2574/2712 2575/2713 2611/2757 2610/2756
f 2575/2713 2576/2714 2612/2758 2611/2757
f 2576/2714 2577/2715 2613/2759 2612/2758
f 2577/2715 2578/2718 2614/2761 2613/2759
f 2578/2718 2579/2717 2615/2760 2614/2761
f 2579/2720 2568/2703 2604/2749 2615/2762
f 2617/2763 2616/2776 2664/2862 2665/2836
f 2618/2764 2617/2765 2665/2839 2666/2838
f 2619/2766 2618/2764 2666/2838 2667/2842
f 2620/2767 2619/2766 2667/2842 2668/2844
f 2621/2768 2620/2767 2668/2844 2669/2846
f 2622/2769 2621/2768 2669/2846 2670/2848
f 2623/2770 2622/2769 2670/2848 2671/2850
f 2624/2771 2623/2772 2671/2853 2672/2852
f 2625/2773 2624/2771 2672/2852 2673/2856
f 2626/2774 2625/2773 2673/2856 2674/2858
f 2627/2775 2626/2774 2674/2858 2675/2860
f 2616/2776 2627/2775 2675/2860 2664/2862
f 2652/2819 2653/2820 2629/2778 2628/2777
f 2653/2820 2654/2822 2630/2779 2629/2778
f 2654/2822 2655/2823 2631/2780 2630/2779
f 2655/2823 2656/2825 2632/2782 2631/2780
f 2656/2825 2657/2824 2633/2781 2632/2782
f 2657/2826 2658/2827 2634/2784 2633/2783
f 2658/2827 2659/2828 2635/2785 2634/2784
f 2659/2828 2660/2830 2636/2786 2635/2785
f 2660/2830 2661/2832 2637/2787 2636/2786
f 2661/2832 2662/2834 2638/2789 2637/2787
f 2662/2834 2663/2833 2639/2788 2638/2789
f 2663/2835 2652/2819 2628/2777 2639/2790
f 2641/2791 2640/2817 2556/2818 2567/2792
f 2642/2793 2641/2794 2567/2795 2566/2796
f 2643/2797 2642/2793 2566/2796 2565/2798
f 2644/2799 2643/2797 2565/2798 2564/2800
f 2645/2801 2644/2799 2564/2800 2563/2802
f 2646/2803 2645/2801 2563/2802 2562/2804
f 2647/2805 2646/2803 2562/2804 2561/2806
f 2648/2807 2647/2808 2561/2809 2560/2810
f 2649/2811 2648/2807 2560/2810 2559/2812
f 2650/2813 2649/2811 2559/2812 2558/2814
f 2651/2815 2650/2813 2558/2814 2557/2816
f 2640/2817 2651/2815 2557/2816 2556/2818
f 495/451 469/448 2653/2820 2652/2819
f 469/448 463/2821 2654/2822 2653/2820
f 463/2821 464/437 2655/2823 2654/2822
f 464/437 486/436 2656/2825 2655/2823
f 486/436 462/413 2657/2824 2656/2825
f 462/429 489/428 2658/2827 2657/2826
f 489/428 466/488 2659/2828 2658/2827
f 466/488 465/2829 2660/2830 2659/2828
f 465/2829 467/2831 2661/2832 2660/2830
f 467/2831 492/457 2662/2834 2661/2832
f 492/457 468/454 2663/2833 2662/2834
f 468/452 495/451 2652/2819 2663/2835
f 2665/2836 2664/2862 2517/2863 2528/2837
f 2666/2838 2665/2839 2528/2840 2527/2841
f 2667/2842 2666/2838 2527/2841 2526/2843
f 2668/2844 2667/2842 2526/2843 2525/2845
f 2669/2846 2668/2844 2525/2845 2524/2847
f 2670/2848 2669/2846 2524/2847 2523/2849
f 2671/2850 2670/2848 2523/2849 2522/2851
f 2672/2852 2671/2853 2522/2854 2521/2855
f 2673/2856 2672/2852 2521/2855 2520/2857
f 2674/2858 2673/2856 2520/2857 2519/2859
f 2675/2860 2674/2858 2519/2859 2518/2861
f 2664/2862 2675/2860 2518/2861 2517/2863
f 324/2864 2676/2867 501/2865 378/2866
f 324/2864 409/360 2677/361 2676/2867
f 2678/2869 502/2868 377/2871 2680/2872
f 2679/2870 2678/2869 2680/2872 2681/2873
f 1954/1931 2679/2870 2681/2873 2682/2875
f 2690/2885 2691/2886 2680/2872 377/2871
f 2681/2873 2680/2872 2691/2886 2692/2887
f 2682/2875 2681/2873 2692/2887 2686/2878
f 2687/2877 2683/2874 2682/2875 2686/2878
f 401/2879 2684/2876 2683/2874 2687/2877
f 442/1886 2684/2876 401/2879 441/1888
f 431/2906 2687/2877 2686/2878 2706/2907
f 401/2879 2687/2877 431/2906 402/352
f 510/2883 2688/2882 322/2880 516/2881
f 2689/446 2688/2882 510/2883 2695/2899
f 2690/2885 359/2884 2688/2882 2689/446
f 323/2889 2691/2886 2690/2885 2689/446
f 2692/2887 2691/2886 323/2889 2685/2888
f 2686/2878 2692/2887 2685/2888 2693/2897
f 2694/2898 2693/2897 2685/2888 323/2889
f 2700/2895 2701/2896 2696/359 332/330
f 1966/2914 1967/2890 2697/2891 2710/2915
f 339/419 356/2908 2698/2893 530/2892
f 2699/2894 2698/2893 356/2908 2707/2909
f 2700/2895 2699/2894 2707/2909 2708/2911
f 2701/2896 2700/2895 2708/2911 2709/2912
f 2697/2891 2701/2896 2709/2912 2710/2915
f 2693/2897 2705/2904 2706/2907 2686/2878
f 2694/2898 2704/2902 2705/2904 2693/2897
f 376/2900 2704/2902 2694/2898 2695/2899
f 376/2900 529/2901 2703/2903 2704/2902
f 2705/2904 2704/2902 2703/2903 2702/2905
f 2706/2907 2705/2904 2702/2905 2697/2891
f 1967/2890 431/2906 2706/2907 2697/2891
f 374/2910 2707/2909 356/2908 355/507
f 316/505 2708/2911 2707/2909 374/2910
f 408/2913 2709/2912 2708/2911 316/505
f 1953/2916 2710/2915 2709/2912 408/2913
f 1966/2914 2710/2915 1953/2916 1965/501
f 338/2917 2711/2918 485/2238 483/2236
f 338/2917 372/2920 2712/2919 2711/2918
f 2713/2921 2712/2919 372/2920 389/2922
f 2714/2924 2713/2921 389/2922 337/2923
f 337/2923 418/367 406/493 2714/2924
f 806/3138 2937/3180 2901/3183 2902/3142
f 2718/2931 2719/2933 864/2925 2728/2926
f 1338/2929 2715/2928 638/2927 637/5069
f 632/6474 2716/2930 2715/2928 1338/2929
f 2733/2954 2734/2953 2716/2930 632/6474
f 874/6475 2718/2931 2717/2940 1162/2939
f 874/6475 2720/2932 2719/2933 2718/2931
f 645/2934 2722/2935 2721/3177 639/564
f 2723/3182 2722/2936 645/1516 807/1517
f 653/2937 2724/2938 1668/1564 654/568
f 653/2937 2900/3139 2901/3183 2724/2938
f 2934/1168 2935/3178 638/2927 2715/2928
f 2716/2930 2933/1006 2934/1168 2715/2928
f 1162/2939 2717/2940 2730/2952 2729/2941
f 2727/2942 2931/2944 2730/2952 2717/2940
f 2727/2942 873/2945 2928/2943 2931/2944
f 873/2945 2731/2949 2925/2946 2928/2943
f 1185/2947 2731/2949 873/2945 858/2948
f 2731/2949 2735/2958 2924/3184 2925/2946
f 1184/2950 2732/2951 2735/2958 1187/709
f 2730/2952 2734/2953 2733/2954 2729/2941
f 2931/2944 2932/2956 2734/2953 2730/2952
f 2928/2943 2929/2955 2932/2956 2931/2944
f 2925/2946 2926/2957 2929/2955 2928/2943
f 1185/2947 1187/709 2735/2958 2731/2949
f 2737/2959 2736/2991 934/2992 949/2960
f 2738/2961 2737/2959 949/2960 948/2962
f 2739/2963 2738/2961 948/2962 947/2964
f 2740/2965 2739/2963 947/2964 946/2966
f 2741/2967 2740/2965 946/2966 945/2968
f 2742/2969 2741/2967 945/2968 944/2970
f 2743/2971 2742/2969 944/2970 943/2972
f 2744/2973 2743/2971 943/2972 942/2974
f 2745/2975 2744/2973 942/2974 941/2976
f 2746/2977 2745/2978 941/2979 940/2980
f 2747/2981 2746/2977 940/2980 939/2982
f 2748/2983 2747/2981 939/2982 938/2984
f 2749/2985 2748/2983 938/2984 937/2986
f 2750/2987 2749/2985 937/2986 936/2988
f 2751/2989 2750/2987 936/2988 935/2990
f 2736/2991 2751/2989 935/2990 934/2992
f 1008/852 1009/853 2753/2994 2752/2993
f 1009/853 1010/854 2754/2995 2753/2994
f 1010/854 1011/855 2755/2996 2754/2995
f 1011/855 1012/856 2756/2997 2755/2996
f 1012/856 1013/857 2757/2998 2756/2997
f 1013/857 1014/859 2758/3000 2757/2998
f 1014/859 1015/858 2759/2999 2758/3000
f 1015/860 1016/861 2760/3002 2759/3001
f 1016/861 1017/862 2761/3003 2760/3002
f 1017/862 1018/863 2762/3004 2761/3003
f 1018/863 1019/864 2763/3005 2762/3004
f 1019/864 1020/865 2764/3006 2763/3005
f 1020/865 1021/866 2765/3007 2764/3006
f 1021/866 1022/867 2766/3008 2765/3007
f 1022/867 1023/868 2767/3009 2766/3008
f 1023/868 1008/852 2752/2993 2767/3009
f 2769/883 2768/869 1024/3028 1039/3010
f 2770/882 2769/883 1039/3010 1038/3011
f 2771/881 2770/882 1038/3011 1037/3012
f 2772/880 2771/881 1037/3012 1036/3013
f 2773/879 2772/880 1036/3013 1035/3014
f 2774/878 2773/879 1035/3014 1034/3015
f 2775/877 2774/878 1034/3015 1033/3016
f 2776/876 2775/877 1033/3016 1032/3017
f 2777/3018 2776/876 1032/3017 1031/3019
f 2778/875 2777/3020 1031/3021 1030/3022
f 2779/874 2778/875 1030/3022 1029/3023
f 2780/873 2779/874 1029/3023 1028/3024
f 2781/872 2780/873 1028/3024 1027/3025
f 2782/871 2781/872 1027/3025 1026/3026
f 2783/870 2782/871 1026/3026 1025/3027
f 2768/869 2783/870 1025/3027 1024/3028
f 2785/3030 2784/3029 902/3054 903/3031
f 2786/3032 2785/3030 903/3031 904/932
f 2787/3033 2786/3032 904/932 905/930
f 2788/3034 2787/3033 905/930 906/928
f 2789/3035 2788/3034 906/928 907/3036
f 2790/3038 2789/3035 907/3036 908/3069
f 2791/3037 2790/3038 908/3069 909/3068
f 2792/3040 2791/3039 909/3067 910/3066
f 2793/3041 2792/3040 910/3066 911/3042
f 2794/3043 2793/3041 911/3042 912/915
f 2795/3044 2794/3043 912/915 913/913
f 2796/3045 2795/3044 913/913 914/911
f 2797/3046 2796/3045 914/911 915/3047
f 2798/3048 2797/3046 915/3047 916/3056
f 2799/3049 2798/3048 916/3056 917/3055
f 902/3054 2784/3029 2799/3049 917/3055
f 1072/1464 1073/1172 2803/903 2802/3052
f 1073/1172 1097/3059 2800/936 2803/903
f 1088/910 1085/1314 2806/3050 2805/3057
f 1085/1314 1086/1313 2807/3051 2806/3050
f 1086/1313 1087/1461 2809/3053 2807/3051
f 1087/1461 1072/1464 2802/3052 2809/3053
f 902/3054 917/3055 2810/906 2811/935
f 917/3055 916/3056 2812/908 2810/906
f 916/3056 915/3047 2813/3058 2812/908
f 915/3047 1088/910 2805/3057 2813/3058
f 903/3031 902/3054 2811/935 2814/934
f 1097/3059 903/3031 2814/934 2800/936
f 1093/927 1077/1176 2817/3060 2816/3070
f 1077/1176 1078/1421 2818/3062 2817/3060
f 1078/1421 1079/1424 2820/3061 2818/3062
f 1079/1301 1080/1331 2822/3064 2820/3063
f 1080/1331 1081/1334 2824/904 2822/3064
f 1081/1334 1092/3065 2823/918 2824/904
f 911/3042 910/3066 2825/919 2826/917
f 1092/3065 911/3042 2826/917 2823/918
f 910/3066 909/3067 2827/920 2825/919
f 909/3068 908/3069 2828/925 2827/923
f 908/3069 907/3036 2829/3071 2828/925
f 907/3036 1093/927 2816/3070 2829/3071
f 2831/3073 2830/3072 3079/3351 3080/3352
f 2832/3074 2831/3073 3080/3352 3081/3353
f 2833/3075 2832/3074 3081/3353 3082/3354
f 2834/3076 2833/3075 3082/3354 3083/3355
f 2835/3077 2834/3076 3083/3355 3084/3356
f 2836/3078 2835/3077 3084/3356 3074/3346
f 2837/3079 2836/3078 3074/3346 3075/3347
f 2838/3080 2837/3079 3075/3347 3076/3348
f 2839/3082 2838/3080 3076/3348 3077/3350
f 2840/3081 2839/3082 3077/3350 3078/3349
f 2852/3083 2853/3084 2884/3123 2874/3125
f 2853/3084 2854/3085 2883/3121 2884/3123
f 2854/3085 2855/3087 2882/3117 2883/3121
f 2855/3087 2856/3086 2881/3118 2882/3117
f 2879/3113 2880/3116 2857/3088 2858/3089
f 2858/3089 2859/3090 2878/3111 2879/3113
f 2859/3090 2860/3091 2877/3109 2878/3111
f 2860/3091 2861/3092 2876/3107 2877/3109
f 2861/3092 2862/3093 2875/3105 2876/3107
f 2862/3093 2852/3083 2874/3125 2875/3105
f 2863/3094 2864/3095 2853/3084 2852/3083
f 2864/3095 2865/3096 2854/3085 2853/3084
f 2865/3096 2866/3098 2855/3087 2854/3085
f 2866/3098 2867/3097 2856/3086 2855/3087
f 2858/3089 2857/3088 2868/3099 2869/3100
f 2869/3100 2870/3101 2859/3090 2858/3089
f 2870/3101 2871/3102 2860/3091 2859/3090
f 2871/3102 2872/3103 2861/3092 2860/3091
f 2872/3103 2873/3104 2862/3093 2861/3092
f 2873/3104 2863/3094 2852/3083 2862/3093
f 1900/1849 1901/1850 2864/3095 2863/3094
f 1901/1850 1902/1851 2865/3096 2864/3095
f 1902/1851 1903/1853 2866/3098 2865/3096
f 1903/1853 1904/1852 2867/3097 2866/3098
f 2869/3100 2868/3099 1905/1854 1906/1855
f 1906/1855 1907/1856 2870/3101 2869/3100
f 1907/1856 1908/1857 2871/3102 2870/3101
f 1908/1857 1909/1858 2872/3103 2871/3102
f 1909/1858 1910/1859 2873/3104 2872/3103
f 1910/1859 1900/1849 2863/3094 2873/3104
f 2875/3105 2874/3125 2841/3126 2851/3106
f 2876/3107 2875/3105 2851/3106 2850/3108
f 2877/3109 2876/3107 2850/3108 2849/3110
f 2878/3111 2877/3109 2849/3110 2848/3112
f 2879/3113 2878/3111 2848/3112 2847/3114
f 2847/3114 2846/3115 2880/3116 2879/3113
f 2882/3117 2881/3118 2845/3119 2844/3120
f 2883/3121 2882/3117 2844/3120 2843/3122
f 2884/3123 2883/3121 2843/3122 2842/3124
f 2874/3125 2884/3123 2842/3124 2841/3126
f 2885/3159 1689/1583 744/5117 1688/3127
f 1675/6714 2886/3128 2885/3159 1688/3127
f 3225/3528 3226/3527 2886/3128 1675/6714
f 2888/3129 2887/3130 735/7198 1662/3131
f 2889/3132 2888/3129 1662/3131 724/6716
f 714/6718 2890/3133 2889/3132 724/6716
f 3141/3426 3142/3425 2890/3133 714/6718
f 3158/3445 3159/3444 2891/3134 704/7063
f 686/6720 2893/3136 2892/3135 695/7093
f 2894/3526 2893/3136 686/6720 680/6722
f 2968/6723 2969/3238 3039/3295 3040/3294
f 671/6724 2896/3608 2895/3137 674/6834
f 652/6725 2897/3140 3290/3610 662/7289
f 2902/3142 2903/3141 805/6726 806/3138
f 2897/3140 2902/3142 2901/3183 2900/3139
f 2897/3140 652/6725 2903/3141 2902/3142
f 2905/3143 2904/3161 741/3160 740/3144
f 2906/3145 2905/3143 740/3144 739/3146
f 2907/3147 2906/3145 739/3146 749/3148
f 2908/3149 2907/3150 749/3151 748/3152
f 2909/3153 2908/3149 748/3152 747/3154
f 2910/3155 2909/3153 747/3154 746/3156
f 745/3157 3058/3323 3059/3325 3060/3158
f 2911/3322 2885/3159 2886/3128 1676/3327
f 742/3330 741/3160 2904/3161 2912/3331
f 3042/3333 2922/3332 1685/3162 1680/3163
f 2922/3332 2912/3331 1673/3164 2913/3172
f 803/673 804/6745 651/4163 2914/3165
f 2916/3166 2915/3173 661/6746 670/7278
f 2917/3167 3246/3555 3247/6747 694/7092
f 2918/3168 3156/3443 3157/6748 703/7062
f 2919/3169 3139/3424 3140/6749 713/6750
f 2920/3170 2919/3169 713/6750 723/6752
f 2921/3171 2920/3170 723/6752 734/5100
f 733/626 2921/3171 2913/3172 1673/3164
f 1685/3162 2922/3332 2923/5115 1686/5179
f 650/567 2914/3165 2915/3173 660/3174
f 855/703 2924/3184 875/3185 2938/3188
f 855/703 633/3175 2927/708 2926/2957
f 2725/3176 2927/708 633/3175 1339/1169
f 2726/1167 2721/3177 2935/3178 2934/1168
f 2721/3177 2722/2935 2936/3179 2935/3178
f 2937/3180 2936/3181 2722/2936 2723/3182
f 2901/3183 2937/3180 2723/3182 2724/2938
f 2732/2951 875/3185 2924/3184 2735/2958
f 2948/3189 2938/3188 875/3185 2947/710
f 2949/3186 2939/3187 2938/3188 2948/3189
f 2950/3190 2940/3191 2939/3187 2949/3186
f 2951/3192 2941/3193 2940/3191 2950/3190
f 2952/3194 2942/3195 2941/3193 2951/3192
f 2953/3206 2943/3196 2942/3197 2952/3207
f 2954/3208 2944/3198 2943/3196 2953/3206
f 656/3199 2944/3198 2954/3208 647/3209
f 2957/3217 2947/3200 2946/942 2956/3215
f 2958/3218 2948/3201 2947/3200 2957/3217
f 2959/3219 2949/3202 2948/3201 2958/3218
f 2960/3221 2950/3203 2949/3202 2959/3219
f 2961/3223 2951/3204 2950/3203 2960/3221
f 2962/3225 2952/3205 2951/3204 2961/3223
f 2963/3226 2953/3206 2952/3207 2962/3227
f 2964/3228 2954/3208 2953/3206 2963/3226
f 647/3209 2954/3208 2964/3228 648/3229
f 1164/3210 2955/3211 1124/3212 1123/3213
f 852/3214 2956/3215 2955/3211 1164/3210
f 860/3216 2957/3217 2956/3215 852/3214
f 2958/3218 2957/3217 860/3216 870/705
f 2959/3219 2958/3218 870/705 629/3220
f 2960/3221 2959/3219 629/3220 1340/1170
f 634/3222 2961/3223 2960/3221 1340/1170
f 634/3222 641/3224 2962/3225 2961/3223
f 2963/3226 2962/3227 641/672 802/674
f 2964/3228 2963/3226 802/674 2965/3231
f 648/3229 2964/3228 2965/3231 649/566
f 802/674 803/673 2966/3230 2965/3231
f 2999/3239 3000/3240 2982/3233 2981/3232
f 3000/3240 3024/3279 3025/3280 2982/3233
f 3268/3583 3269/3585 3002/3544 2984/3542
f 3007/3247 2999/3239 2981/3232 2985/3234
f 3005/3246 3006/6826 2986/6825 2987/3235
f 3004/3244 3005/3246 2987/3235 2988/3236
f 3003/3242 3020/3273 3021/3275 2989/3237
f 3233/3541 3234/3543 3003/3242 2989/3237
f 3022/3278 3291/3612 3285/587 2991/3602
f 2992/3547 3271/3587 3272/3589 677/3570
f 2993/3252 3236/3545 3237/3548 2971/3281
f 2995/3250 2994/3251 2970/589 2969/3238
f 2996/6832 2995/3250 2969/3238 2968/6723
f 2895/3137 2998/3249 2997/6841 674/6834
f 2990/3255 2998/3249 2895/3137 2898/586
f 2972/3248 2973/3254 3000/3240 2999/3239
f 2973/3254 3023/3277 3024/3279 3000/3240
f 3269/3585 3270/3588 2975/3253 3002/3544
f 3234/3543 3235/3546 2980/3241 3003/3242
f 2980/3241 3019/3274 3020/3273 3003/3242
f 2979/3243 2977/3245 3005/3246 3004/3244
f 2977/3245 2978/6844 3006/6826 3005/3246
f 2976/6838 2972/3248 2999/3239 3007/3247
f 2973/3254 2972/3248 2998/3249 2990/3255
f 2997/6841 2998/3249 2972/3248 2976/6838
f 2978/6844 2977/3245 2995/3250 2996/6832
f 2977/3245 2979/3243 2994/3251 2995/3250
f 3018/3272 3019/3274 2980/3241 2993/3252
f 2980/3241 3235/3546 3236/3545 2993/3252
f 2975/3253 3270/3588 3271/3587 2992/3547
f 3022/3278 3023/3277 2973/3254 2990/3255
f 1647/1547 3009/3257 3008/3522 682/3520
f 3010/3256 3009/3257 1647/1547 688/3258
f 168/3259 3010/3256 688/3258 160/1526
f 726/3260 3011/3261 41/3262 96/3502
f 1655/1570 3012/1554 3011/3261 726/3260
f 683/3564 1646/3265 3014/3264 3013/3565
f 3015/3263 3014/3264 1646/3265 1633/3266
f 152/3267 3015/3263 1633/3266 75/1536
f 43/1538 1634/3268 3016/3269 104/3500
f 1656/3270 3017/3271 3016/3269 1634/3268
f 2979/3243 3019/3274 3018/3272 2994/3251
f 3020/3273 3019/3274 2979/3243 3004/3244
f 3021/3275 3020/3273 3004/3244 2988/3236
f 2974/3276 3023/3277 3022/3278 2991/3602
f 3024/3279 3023/3277 2974/3276 3001/3586
f 3025/3280 3024/3279 3001/3586 2983/3584
f 2971/3281 3026/3282 3018/3272 2993/3252
f 3260/3574 3242/3540 3254/3569 3259/3573
f 2971/3281 3036/3292 3037/3291 3026/3282
f 2970/589 3026/3282 3037/3291 3038/3293
f 3230/3535 3231/3537 1677/3284 3041/3283
f 736/3539 3028/3538 3017/3271 1656/3270
f 1677/3284 3231/3537 3211/3507 3029/3285
f 3211/3507 3212/3508 3030/3286 3029/3285
f 3212/3508 3213/3510 3031/3287 3030/3286
f 3213/3510 3214/3511 3132/3416 3031/3287
f 3215/3514 3216/3515 3149/3435 3032/3288
f 3217/3517 3218/3518 3034/3290 3033/3289
f 3034/3290 3218/3518 3255/3563 3256/3567
f 3036/3292 3035/3566 3219/3562 3220/3519
f 3037/3291 3036/3292 3220/3519 3221/3521
f 3038/3293 3037/3291 3221/3521 3222/3523
f 3222/3523 3223/3525 3039/3295 3038/3293
f 3040/3294 3039/3295 3223/3525 3224/3524
f 3242/3540 3240/3551 684/591 3034/3290
f 1677/3284 3029/3285 737/1544 1678/1572
f 3059/3325 3063/3326 3061/3324 3060/3158
f 1655/1570 3027/3536 3062/3534 3012/1554
f 3229/3533 3230/3535 3041/3283 3061/3324
f 3060/3158 3061/3324 3041/3283 2910/3155
f 745/3157 3060/3158 2910/3155 746/3156
f 3043/3296 3042/3333 1680/3163 1697/1589
f 3044/3297 3043/3296 1697/1589 1681/3298
f 3045/3299 3044/3297 1681/3298 1682/3300
f 3046/3301 3045/3299 1682/3300 1683/3302
f 3047/3303 3046/3301 1683/3302 1684/3304
f 3048/3305 3047/3303 1684/3304 1758/1647
f 3049/3306 3048/3305 1758/1647 1731/3307
f 1727/1622 3050/3308 3049/3306 1731/3307
f 3051/3310 3050/3309 1727/1624 1742/1629
f 1765/1654 3052/3311 3051/3310 1742/1629
f 3053/3312 3052/3311 1765/1654 1728/1625
f 3054/3314 3053/3312 1728/1625 1667/3313
f 1667/3313 1666/3315 3055/3316 3054/3314
f 1666/3315 1665/3317 3056/3318 3055/3316
f 1665/3317 1712/3320 3057/3319 3056/3318
f 3058/3323 3057/3319 1712/3320 1664/3321
f 1664/3321 2911/3322 3059/3325 3058/3323
f 3063/3326 3228/3531 3229/3533 3061/3324
f 3012/1554 3062/3534 3064/3530 1654/3328
f 3063/3326 3059/3325 2911/3322 1676/3327
f 3227/3532 3228/3531 3063/3326 1676/3327
f 1654/3328 3064/3530 1663/3529 1661/3329
f 742/3330 2912/3331 2922/3332 3042/3333
f 1650/3334 1649/1550 687/1524 3065/3336
f 184/3335 3065/3336 687/1524 176/1525
f 3067/3339 3068/3338 2839/3082 2840/3081
f 1911/3337 3069/3342 3070/3341 3066/3340
f 1911/3337 3066/3340 3068/3338 3067/3339
f 3072/3345 3073/3344 3068/3338 3066/3340
f 3070/3341 3069/3342 2830/3072 2831/3073
f 2832/3074 3071/3343 3070/3341 2831/3073
f 2834/3076 3071/3343 2832/3074 2833/3075
f 3072/3345 3071/3343 2834/3076 2835/3077
f 2836/3078 3073/3344 3072/3345 2835/3077
f 2838/3080 3073/3344 2836/3078 2837/3079
f 2841/3126 2842/3124 3075/3347 3074/3346
f 2842/3124 2843/3122 3076/3348 3075/3347
f 2843/3122 2844/3120 3077/3350 3076/3348
f 2844/3120 2845/3119 3078/3349 3077/3350
f 3080/3352 3079/3351 2846/3115 2847/3114
f 2847/3114 2848/3112 3081/3353 3080/3352
f 2848/3112 2849/3110 3082/3354 3081/3353
f 2849/3110 2850/3108 3083/3355 3082/3354
f 2850/3108 2851/3106 3084/3356 3083/3355
f 2851/3106 2841/3126 3074/3346 3084/3356
f 1155/1062 1159/3360 3086/3359 3085/3357
f 3087/3358 3086/3359 1159/3360 891/3361
f 3088/3362 3087/3358 891/3361 890/3363
f 3089/3364 3088/3362 890/3363 889/3365
f 3090/3366 3089/3367 889/3368 898/3369
f 3091/3370 3090/3366 898/3369 897/3371
f 3092/3372 3091/3370 897/3371 896/3373
f 3093/3374 3092/3372 896/3373 895/3375
f 3094/3376 3093/3374 895/3375 894/3377
f 3095/3378 3094/3376 894/3377 893/4586
f 1155/1062 3085/3357 3096/4297 892/4595
f 3113/3396 3114/3397 3098/3380 3097/3379
f 3114/3397 3115/3398 3099/3381 3098/3380
f 3115/3398 3116/3399 3100/3382 3099/3381
f 3116/3399 3117/3400 3101/3383 3100/3382
f 3117/3400 3118/3401 3102/3384 3101/3383
f 3118/3401 3119/3403 3103/3386 3102/3384
f 3119/3403 3120/3402 3104/3385 3103/3386
f 3120/3404 3121/3405 3105/3388 3104/3387
f 3121/3405 3122/3406 3106/3389 3105/3388
f 3122/3406 3123/3407 3107/3390 3106/3389
f 3123/3407 3124/3408 3108/3391 3107/3390
f 3124/3408 3125/3409 3109/3392 3108/3391
f 3125/3409 3126/3410 3110/3393 3109/3392
f 3126/3410 3127/3411 3111/3394 3110/3393
f 3127/3411 3128/3412 3112/3395 3111/3394
f 3128/3412 3113/3396 3097/3379 3112/3395
f 1056/886 1057/887 3114/3397 3113/3396
f 1057/887 1058/888 3115/3398 3114/3397
f 1058/888 1059/889 3116/3399 3115/3398
f 1059/889 1060/890 3117/3400 3116/3399
f 1060/890 1061/891 3118/3401 3117/3400
f 1061/891 1062/893 3119/3403 3118/3401
f 1062/893 1063/892 3120/3402 3119/3403
f 1063/894 1064/895 3121/3405 3120/3404
f 1064/895 1065/896 3122/3406 3121/3405
f 1065/896 1066/897 3123/3407 3122/3406
f 1066/897 1067/898 3124/3408 3123/3407
f 1067/898 1068/899 3125/3409 3124/3408
f 1068/899 1069/900 3126/3410 3125/3409
f 1069/900 1070/901 3127/3411 3126/3410
f 1070/901 1071/902 3128/3412 3127/3411
f 1071/902 1056/886 3113/3396 3128/3412
f 706/1559 3129/3415 45/3413 86/3492
f 706/1559 1659/1558 3130/3414 3129/3415
f 3131/3512 3130/3414 1659/1558 1642/3513
f 3132/3416 3214/3511 3215/3514 3032/3288
f 3133/3418 3132/3416 3032/3288 707/607
f 707/607 708/606 3134/3417 3133/3418
f 708/608 699/602 3135/3420 3134/3419
f 699/602 700/603 3136/3421 3135/3420
f 700/603 701/604 3137/3422 3136/3421
f 701/604 702/605 3138/3423 3137/3422
f 702/605 2918/3168 3139/3424 3138/3423
f 3140/6749 3139/3424 2918/3168 703/7062
f 704/7063 2891/3134 3142/3425 3141/3426
f 3143/3427 3142/3425 2891/3134 1637/3428
f 3144/3429 3143/3427 1637/3428 1651/1551
f 3145/3431 3144/3429 1651/1551 705/1528
f 33/3430 3145/3431 705/1528 84/3477
f 696/3432 3146/3434 129/3491 128/3487
f 696/3432 1660/1560 3147/3433 3146/3434
f 3148/3516 3147/3433 1660/1560 1641/598
f 3149/3435 3216/3515 3217/3517 3033/3289
f 3150/3437 3149/3435 3033/3289 697/600
f 697/600 698/599 3151/3436 3150/3437
f 698/601 690/594 3152/3439 3151/3438
f 690/594 691/595 3153/3440 3152/3439
f 691/595 692/596 3154/3441 3153/3440
f 692/596 693/597 3155/3442 3154/3441
f 693/597 2917/3167 3156/3443 3155/3442
f 3157/6748 3156/3443 2917/3167 694/7092
f 695/7093 2892/3135 3159/3444 3158/3445
f 3160/3446 3159/3444 2892/3135 1638/3447
f 3161/3448 3160/3446 1638/3447 1650/3334
f 3162/3450 3161/3448 1650/3334 3065/3336
f 185/3449 3162/3450 3065/3336 184/3335
f 3164/3451 3163/3452 3187/3476 3188/3475
f 3165/3454 3164/3451 3188/3475 3189/3479
f 3189/3479 3190/3478 3166/3453 3165/3454
f 3190/3478 3191/3480 3167/3455 3166/3453
f 3191/3480 3192/3481 3168/3456 3167/3455
f 3192/3481 3193/3482 3169/3457 3168/3456
f 3193/3482 3194/3483 3170/3458 3169/3457
f 3194/3483 3195/3484 3171/3459 3170/3458
f 3195/3484 3196/3485 3172/3460 3171/3459
f 3196/3485 3197/3486 3173/3461 3172/3460
f 3197/3486 3198/3488 3174/3462 3173/3461
f 3198/3488 3199/3490 3175/3464 3174/3462
f 3176/3463 3175/3464 3199/3490 3200/3489
f 3200/3489 3201/3495 3177/3466 3176/3463
f 3201/3495 3202/3494 3178/3465 3177/3466
f 3179/3467 3178/3465 3202/3494 3203/3496
f 3180/3469 3179/3467 3203/3496 3204/3499
f 3181/3468 3180/3469 3204/3499 3205/3498
f 3182/3470 3181/3468 3205/3498 3206/3501
f 3183/3471 3182/3470 3206/3501 3207/3503
f 3207/3503 3208/3504 3184/3472 3183/3471
f 3208/3504 3209/3505 3185/3473 3184/3472
f 3209/3505 3210/3506 3186/3474 3185/3473
f 3210/3506 3187/3476 3163/3452 3186/3474
f 3188/3475 3187/3476 33/3430 84/3477
f 3189/3479 3188/3475 84/3477 185/3449
f 184/3335 3190/3478 3189/3479 185/3449
f 176/1525 3191/3480 3190/3478 184/3335
f 73/1533 3192/3481 3191/3480 176/1525
f 73/1533 168/3259 3193/3482 3192/3481
f 160/1526 3194/3483 3193/3482 168/3259
f 152/3267 3195/3484 3194/3483 160/1526
f 75/1536 3196/3485 3195/3484 152/3267
f 75/1536 144/1527 3197/3486 3196/3485
f 144/1527 128/3487 3198/3488 3197/3486
f 128/3487 129/3491 3199/3490 3198/3488
f 3200/3489 3199/3490 129/3491 86/3492
f 86/3492 45/3413 3201/3495 3200/3489
f 45/3413 120/3493 3202/3494 3201/3495
f 3203/3496 3202/3494 120/3493 112/3497
f 3204/3499 3203/3496 112/3497 43/1538
f 3205/3498 3204/3499 43/1538 104/3500
f 3206/3501 3205/3498 104/3500 96/3502
f 3207/3503 3206/3501 96/3502 41/3262
f 41/3262 39/1535 3208/3504 3207/3503
f 39/1535 37/1532 3209/3505 3208/3504
f 37/1532 35/1530 3210/3506 3209/3505
f 35/1530 33/3430 3187/3476 3210/3506
f 736/3539 1644/620 3212/3508 3211/3507
f 1644/620 1643/3509 3213/3510 3212/3508
f 1643/3509 3131/3512 3214/3511 3213/3510
f 3215/3514 3214/3511 3131/3512 1642/3513
f 1642/3513 3148/3516 3216/3515 3215/3514
f 3217/3517 3216/3515 3148/3516 1641/598
f 1641/598 1640/593 3218/3518 3217/3517
f 683/3564 3255/3563 3218/3518 1640/593
f 3220/3519 3219/3562 3013/3565 682/3520
f 3221/3521 3220/3519 682/3520 3008/3522
f 3222/3523 3221/3521 3008/3522 681/1542
f 681/1542 2894/3526 3223/3525 3222/3523
f 3224/3524 3223/3525 2894/3526 680/6722
f 735/7198 2887/3130 3226/3527 3225/3528
f 3227/3532 3226/3527 2887/3130 1663/3529
f 1663/3529 3064/3530 3228/3531 3227/3532
f 3229/3533 3228/3531 3064/3530 3062/3534
f 3027/3536 3230/3535 3229/3533 3062/3534
f 3028/3538 3231/3537 3230/3535 3027/3536
f 3211/3507 3231/3537 3028/3538 736/3539
f 3254/3569 3242/3540 3034/3290 3256/3567
f 3002/3544 3234/3543 3233/3541 2984/3542
f 2975/3253 3235/3546 3234/3543 3002/3544
f 3236/3545 3235/3546 2975/3253 2992/3547
f 3237/3548 3236/3545 2992/3547 677/3570
f 3232/3549 3237/3548 677/3570 3257/3572
f 2971/3281 3237/3548 3232/3549 3036/3292
f 3238/3568 3232/3549 3257/3572 3258/3571
f 3240/3551 3242/3540 3260/3574 3261/3576
f 3241/3550 3240/3551 3261/3576 3262/3575
f 3244/3553 679/3552 3249/3558 3250/3559
f 3245/3554 3244/3553 3250/3559 3251/3560
f 3246/3555 3245/3554 3251/3560 3252/3561
f 3253/7227 3247/6747 3246/3555 3252/3561
f 3248/3557 3241/3556 3262/3577 3263/3578
f 3249/3558 3248/3557 3263/3578 3264/3579
f 3250/3559 3249/3558 3264/3579 3265/3580
f 3251/3560 3250/3559 3265/3580 3266/3581
f 3252/3561 3251/3560 3266/3581 3267/3582
f 2967/7234 3253/7227 3252/3561 3267/3582
f 3254/3569 3238/3568 3258/3571 3259/3573
f 3219/3562 3255/3563 683/3564 3013/3565
f 3035/3566 3256/3567 3255/3563 3219/3562
f 3035/3566 3238/3568 3254/3569 3256/3567
f 3272/3589 3273/3591 3257/3572 677/3570
f 3273/3591 3274/3590 3258/3571 3257/3572
f 3274/3590 3275/3592 3259/3573 3258/3571
f 3275/3592 3276/3593 3260/3574 3259/3573
f 3261/3576 3260/3574 3276/3593 3277/3595
f 3262/3575 3261/3576 3277/3595 3278/3594
f 3263/3578 3262/3577 3278/3596 3279/3597
f 3264/3579 3263/3578 3279/3597 3280/3598
f 3265/3580 3264/3579 3280/3598 3281/3599
f 3266/3581 3265/3580 3281/3599 3282/3600
f 3267/3582 3266/3581 3282/3600 3283/3601
f 676/7253 2967/7234 3267/3582 3283/3601
f 3001/3586 3269/3585 3268/3583 2983/3584
f 2974/3276 3270/3588 3269/3585 3001/3586
f 3271/3587 3270/3588 2974/3276 2991/3602
f 3284/3603 3273/3591 3272/3589 3285/587
f 3239/3604 3274/3590 3273/3591 3284/3603
f 675/3609 3275/3592 3274/3590 3239/3604
f 3243/582 3276/3593 3275/3592 675/3609
f 3277/3595 3276/3593 3243/582 672/583
f 672/583 673/584 3278/3594 3277/3595
f 673/585 666/578 3279/3597 3278/3596
f 666/578 667/579 3280/3598 3279/3597
f 667/579 668/580 3281/3599 3280/3598
f 668/580 669/581 3282/3600 3281/3599
f 669/581 2916/3166 3283/3601 3282/3600
f 676/7253 3283/3601 2916/3166 670/7278
f 2991/3602 3285/587 3272/3589 3271/3587
f 3284/3603 3292/3614 3293/3613 3239/3604
f 2899/3605 2896/3608 3287/3607 3286/3606
f 3288/7290 3287/3607 2896/3608 671/6724
f 3239/3604 3293/3613 3294/3615 675/3609
f 3286/3606 3287/3607 3290/3610 3289/3611
f 662/7289 3290/3610 3287/3607 3288/7290
f 3291/3612 3022/3278 2990/3255 2898/586
f 3292/3614 3291/3612 2898/586 2899/3605
f 2899/3605 3286/3606 3293/3613 3292/3614
f 3294/3615 3293/3613 3286/3606 3289/3611
f 3328/3616 3377/3661 6310/7103 6309/7125
f 6332/7124 3330/3617 3328/3616 6309/7125
f 6331/7123 3332/3618 3330/3617 6332/7124
f 6330/7122 3334/3619 3332/3618 6331/7123
f 6329/7120 3336/3620 3334/3619 6330/7122
f 3389/3621 3336/3620 6329/7120 6328/7121
f 3397/3622 3389/3621 6328/7121 6327/7119
f 3338/3623 3397/3622 6327/7119 6326/7117
f 3405/3624 3338/3623 6326/7117 6325/7118
f 3413/3732 3405/3624 6325/7118 6324/7116
f 6322/7114 3379/3738 3340/3731 6323/7115
f 3341/3688 3377/3661 3328/3616 3342/3643
f 3330/3617 3343/3644 3342/3643 3328/3616
f 3332/3618 3344/3645 3343/3644 3330/3617
f 3334/3619 3345/3646 3344/3645 3332/3618
f 3336/3620 3346/3647 3345/3646 3334/3619
f 3388/3648 3346/3647 3336/3620 3389/3621
f 3396/3705 3388/3648 3389/3621 3397/3622
f 3347/3713 3396/3705 3397/3622 3338/3623
f 3404/3649 3347/3713 3338/3623 3405/3624
f 3412/3730 3404/3649 3405/3624 3413/3732
f 3340/3731 3379/3738 3349/3740 3348/3729
f 3376/3698 3375/3696 3320/3630 3297/3629
f 3296/7860 3297/3629 3300/3625 3299/7861
f 3300/3625 3297/3629 3320/3630 3321/3633
f 3299/7861 3300/3625 3303/3626 3302/7862
f 3303/3626 3300/3625 3321/3633 3322/3635
f 3302/7862 3303/3626 3306/3627 3305/7863
f 3306/3627 3303/3626 3322/3635 3323/3637
f 3305/7863 3306/3627 3309/3628 3308/7864
f 3309/3628 3306/3627 3323/3637 3324/3639
f 3309/3628 3384/3701 3383/7878 3308/7864
f 3324/3639 3385/3703 3384/3701 3309/3628
f 3312/3707 3400/3716 3399/7880 3311/7865
f 3325/3710 3401/3718 3400/3716 3312/3707
f 3376/3698 3297/3629 3296/7860 3319/7866
f 3320/3630 3375/3696 3295/3631 3298/3632
f 3321/3633 3320/3630 3298/3632 3301/3634
f 3322/3635 3321/3633 3301/3634 3304/3636
f 3323/3637 3322/3635 3304/3636 3307/3638
f 3324/3639 3323/3637 3307/3638 3310/3640
f 3310/3640 3386/3641 3385/3703 3324/3639
f 3313/3709 3402/3642 3401/3718 3325/3710
f 3341/3688 3342/3643 3351/3700 3350/3693
f 3351/3700 3342/3643 3343/3644 3352/3650
f 3352/3650 3343/3644 3344/3645 3353/3652
f 3353/3652 3344/3645 3345/3646 3354/3654
f 3354/3654 3345/3646 3346/3647 3355/3656
f 3388/3648 3387/3706 3355/3656 3346/3647
f 3404/3649 3403/3720 3356/3714 3347/3713
f 3348/3729 3349/3740 3358/3742 3357/3727
f 3298/3699 3351/3700 3352/3650 3301/3651
f 3301/3651 3352/3650 3353/3652 3304/3653
f 3304/3653 3353/3652 3354/3654 3307/3655
f 3307/3655 3354/3654 3355/3656 3310/3657
f 3355/3656 3387/3706 3386/3658 3310/3657
f 3356/3714 3403/3720 3402/3659 3313/3712
f 3357/3727 3358/3742 3318/3660 3317/3726
f 3377/3661 3480/3778 6311/7102 6310/7103
f 6313/7105 3469/3773 3368/3768 6314/7106
f 6317/7109 3445/3758 3370/3753 6318/7110
f 6320/7112 3421/3736 3424/3737 6321/7113
f 3421/3736 3420/3734 3425/3739 3424/3737
f 3445/3758 3444/3756 3371/3749 3370/3753
f 3469/3773 3468/3771 3372/3764 3368/3768
f 3480/3778 3377/3661 3341/3688 3481/3775
f 3463/7867 3464/3662 3472/3782 3471/7883
f 3464/3662 3465/3686 3473/3781 3472/3782
f 3360/7868 3359/3663 3464/3662 3463/7867
f 3359/3663 3366/3683 3465/3686 3464/3662
f 3455/7869 3456/3664 3359/3663 3360/7868
f 3456/3664 3457/3681 3366/3683 3359/3663
f 3447/7870 3448/3665 3456/3664 3455/7869
f 3448/3665 3449/3679 3457/3681 3456/3664
f 3439/7871 3440/3666 3448/3665 3447/7870
f 3440/3666 3441/3678 3449/3679 3448/3665
f 3363/7872 3362/3667 3440/3666 3439/7871
f 3362/3667 3365/3675 3441/3678 3440/3666
f 3431/7873 3432/3668 3362/3667 3363/7872
f 3432/3668 3433/3674 3365/3675 3362/3667
f 3415/7874 3416/3669 3432/3668 3431/7873
f 3416/3669 3417/3670 3433/3674 3432/3668
f 3430/7875 3429/3747 3416/3669 3415/7874
f 3416/3669 3429/3747 3428/3743 3417/3670
f 3417/3670 3428/3743 3427/3671 3418/3672
f 3417/3670 3418/3672 3434/3673 3433/3674
f 3365/3675 3433/3674 3434/3673 3364/3676
f 3365/3675 3364/3676 3442/3677 3441/3678
f 3449/3679 3441/3678 3442/3677 3450/3680
f 3457/3681 3449/3679 3450/3680 3458/3682
f 3366/3683 3457/3681 3458/3682 3361/3684
f 3366/3683 3361/3684 3466/3685 3465/3686
f 3473/3781 3465/3686 3466/3685 3474/3687
f 3420/3734 3419/3735 3426/3741 3425/3739
f 3371/3749 3444/3756 3443/3757 3373/3750
f 3372/3764 3468/3771 3467/3772 3374/3765
f 3481/3775 3341/3688 3350/3693 3482/3776
f 3419/3735 3418/3689 3427/3690 3426/3741
f 3373/3750 3443/3757 3442/3691 3364/3748
f 3374/3765 3467/3772 3466/3692 3361/3763
f 3482/3776 3350/3693 3295/3694 3483/3695
f 3375/3696 3484/3780 3483/3697 3295/3631
f 3484/3780 3375/3696 3376/3698 3485/3783
f 3485/3783 3376/3698 3319/7866 3486/7876
f 3381/3744 3326/3723 3317/3725 3318/3745
f 3316/3721 3326/3723 3381/3744 3382/3746
f 3315/7877 3316/3721 3382/3746 3314/7882
f 3298/3699 3295/3694 3350/3693 3351/3700
f 3392/3708 3391/7879 3383/7878 3384/3701
f 3393/3711 3392/3708 3384/3701 3385/3703
f 3394/3702 3393/3711 3385/3703 3386/3641
f 3395/3715 3394/3704 3386/3658 3387/3706
f 3396/3705 3395/3715 3387/3706 3388/3648
f 3312/3707 3311/7865 3391/7879 3392/3708
f 3325/3710 3312/3707 3392/3708 3393/3711
f 3313/3709 3325/3710 3393/3711 3394/3702
f 3356/3714 3313/3712 3394/3704 3395/3715
f 3347/3713 3356/3714 3395/3715 3396/3705
f 3400/3716 3408/3722 3407/7881 3399/7880
f 3401/3718 3409/3724 3408/3722 3400/3716
f 3402/3642 3410/3717 3409/3724 3401/3718
f 3403/3720 3411/3728 3410/3719 3402/3659
f 3412/3730 3411/3728 3403/3720 3404/3649
f 3408/3722 3316/3721 3315/7877 3407/7881
f 3316/3721 3408/3722 3409/3724 3326/3723
f 3326/3723 3409/3724 3410/3717 3317/3725
f 3411/3728 3357/3727 3317/3726 3410/3719
f 3412/3730 3348/3729 3357/3727 3411/3728
f 3340/3731 3348/3729 3412/3730 3413/3732
f 6323/7115 3340/3731 3413/3732 6324/7116
f 3419/3735 3435/3751 3434/3733 3418/3689
f 3420/3734 3436/3752 3435/3751 3419/3735
f 3437/3754 3436/3752 3420/3734 3421/3736
f 6319/7111 3437/3754 3421/3736 6320/7112
f 3424/3737 3379/3738 6322/7114 6321/7113
f 3379/3738 3424/3737 3425/3739 3349/3740
f 3349/3740 3425/3739 3426/3741 3358/3742
f 3358/3742 3426/3741 3427/3690 3318/3660
f 3428/3743 3381/3744 3318/3745 3427/3671
f 3382/3746 3381/3744 3428/3743 3429/3747
f 3382/3746 3429/3747 3430/7875 3314/7882
f 3373/3750 3364/3748 3434/3733 3435/3751
f 3371/3749 3373/3750 3435/3751 3436/3752
f 3370/3753 3371/3749 3436/3752 3437/3754
f 6318/7110 3370/3753 3437/3754 6319/7111
f 3451/3761 3450/3755 3442/3691 3443/3757
f 3444/3756 3452/3760 3451/3761 3443/3757
f 3453/3762 3452/3760 3444/3756 3445/3758
f 6316/7108 3453/3762 3445/3758 6317/7109
f 3459/3766 3458/3759 3450/3755 3451/3761
f 3452/3760 3460/3767 3459/3766 3451/3761
f 3461/3769 3460/3767 3452/3760 3453/3762
f 6315/7107 3461/3769 3453/3762 6316/7108
f 3374/3765 3361/3763 3458/3759 3459/3766
f 3372/3764 3374/3765 3459/3766 3460/3767
f 3368/3768 3372/3764 3460/3767 3461/3769
f 6314/7106 3368/3768 3461/3769 6315/7107
f 3475/3777 3474/3770 3466/3692 3467/3772
f 3468/3771 3476/3774 3475/3777 3467/3772
f 3477/3779 3476/3774 3468/3771 3469/3773
f 6312/7104 3477/3779 3469/3773 6313/7105
f 3482/3776 3483/3695 3474/3770 3475/3777
f 3476/3774 3481/3775 3482/3776 3475/3777
f 3480/3778 3481/3775 3476/3774 3477/3779
f 6311/7102 3480/3778 3477/3779 6312/7104
f 3484/3780 3473/3781 3474/3687 3483/3697
f 3472/3782 3473/3781 3484/3780 3485/3783
f 3471/7883 3472/3782 3485/3783 3486/7876
f 3492/3784 3491/3785 3490/3911 3500/3791
f 3488/3915 3501/3793 3499/3790 3489/3913
f 3494/3786 3493/3787 3492/3784 3500/3791
f 3496/3788 3495/3789 3499/3790 3501/3793
f 3495/3789 3494/3786 3500/3791 3499/3790
f 3490/3911 3489/3913 3499/3790 3500/3791
f 3498/3897 3497/3792 3496/3788 3501/3793
f 3488/3915 3487/3895 3498/3897 3501/3793
f 3560/3866 3526/3814 3525/3811 3549/3868
f 3559/3794 3527/3795 3526/3814 3560/3866
f 3558/3862 3528/3817 3527/3796 3559/3797
f 3557/3860 3529/3819 3528/3817 3558/3862
f 3556/3858 3530/3821 3529/3819 3557/3860
f 3555/3856 3531/3823 3530/3821 3556/3858
f 3554/3854 3532/3826 3531/3823 3555/3856
f 3553/3798 3533/3799 3532/3826 3554/3854
f 3552/3850 3534/3829 3533/3800 3553/3801
f 3551/3848 3535/3831 3534/3829 3552/3850
f 3550/5485 3536/3833 3535/3831 3551/3848
f 3549/3868 3525/3811 3536/3833 3550/5485
f 3503/3813 3538/3836 3537/3834 3502/3810
f 3504/3812 3539/3802 3538/3836 3503/3813
f 3505/3816 3540/3838 3539/3803 3504/3815
f 3506/3818 3541/3839 3540/3838 3505/3816
f 3507/3820 3542/3840 3541/3839 3506/3818
f 3508/3822 3543/3841 3542/3840 3507/3820
f 3509/3825 3544/3843 3543/3841 3508/3822
f 3510/3824 3545/3804 3544/3843 3509/3825
f 3511/3828 3546/3845 3545/3805 3510/3827
f 3512/3830 3547/3846 3546/3845 3511/3828
f 3513/3832 3548/3847 3547/3846 3512/3830
f 3502/3810 3537/3834 3548/3847 3513/3832
f 3573/5483 3514/5486 3515/3849 3574/3883
f 3574/3883 3515/3849 3516/3851 3575/3884
f 3575/3884 3516/3851 3517/3852 3576/3806
f 3576/3807 3517/3853 3518/3855 3577/3887
f 3577/3887 3518/3855 3519/3857 3578/3888
f 3578/3888 3519/3857 3520/3859 3579/3889
f 3579/3889 3520/3859 3521/3861 3580/3890
f 3580/3890 3521/3861 3522/3863 3581/3891
f 3581/3891 3522/3863 3523/3864 3582/3808
f 3582/3809 3523/3865 3524/3867 3583/3894
f 3583/3894 3524/3867 5157/5487 5156/5484
f 3526/3814 3503/3813 3502/3810 3525/3811
f 3527/3795 3504/3812 3503/3813 3526/3814
f 3528/3817 3505/3816 3504/3815 3527/3796
f 3529/3819 3506/3818 3505/3816 3528/3817
f 3530/3821 3507/3820 3506/3818 3529/3819
f 3531/3823 3508/3822 3507/3820 3530/3821
f 3532/3826 3509/3825 3508/3822 3531/3823
f 3533/3799 3510/3824 3509/3825 3532/3826
f 3534/3829 3511/3828 3510/3827 3533/3800
f 3535/3831 3512/3830 3511/3828 3534/3829
f 3536/3833 3513/3832 3512/3830 3535/3831
f 3525/3811 3502/3810 3513/3832 3536/3833
f 3538/3836 3562/3871 3561/3869 3537/3834
f 3539/3802 3563/3835 3562/3871 3538/3836
f 3540/3838 3564/3873 3563/3837 3539/3803
f 3541/3839 3565/3874 3564/3873 3540/3838
f 3542/3840 3566/3875 3565/3874 3541/3839
f 3543/3841 3567/3876 3566/3875 3542/3840
f 3544/3843 3568/3878 3567/3876 3543/3841
f 3545/3804 3569/3842 3568/3878 3544/3843
f 3546/3845 3570/3880 3569/3844 3545/3805
f 3547/3846 3571/3881 3570/3880 3546/3845
f 3548/3847 3572/3882 3571/3881 3547/3846
f 3537/3834 3561/3869 3572/3882 3548/3847
f 3514/5486 3550/5485 3551/3848 3515/3849
f 3515/3849 3551/3848 3552/3850 3516/3851
f 3516/3851 3552/3850 3553/3801 3517/3852
f 3517/3853 3553/3798 3554/3854 3518/3855
f 3518/3855 3554/3854 3555/3856 3519/3857
f 3519/3857 3555/3856 3556/3858 3520/3859
f 3520/3859 3556/3858 3557/3860 3521/3861
f 3521/3861 3557/3860 3558/3862 3522/3863
f 3522/3863 3558/3862 3559/3797 3523/3864
f 3523/3865 3559/3794 3560/3866 3524/3867
f 3524/3867 3560/3866 3549/3868 5157/5487
f 3562/3871 3596/3898 3595/3896 3561/3869
f 3563/3835 3597/3870 3596/3898 3562/3871
f 3564/3873 3598/3901 3597/3872 3563/3837
f 3565/3874 3599/3903 3598/3901 3564/3873
f 3566/3875 3600/3905 3599/3903 3565/3874
f 3567/3876 3601/3907 3600/3905 3566/3875
f 3568/3878 3602/3910 3601/3907 3567/3876
f 3569/3842 3603/3877 3602/3910 3568/3878
f 3570/3880 3604/3912 3603/3879 3569/3844
f 3571/3881 3605/3914 3604/3912 3570/3880
f 3572/3882 3606/3916 3605/3914 3571/3881
f 3561/3869 3595/3896 3606/3916 3572/3882
f 3584/5481 3573/5483 3574/3883 3585/3986
f 3585/3986 3574/3883 3575/3884 3586/3987
f 3586/3987 3575/3884 3576/3806 3587/3885
f 3587/3886 3576/3807 3577/3887 3588/3983
f 3588/3983 3577/3887 3578/3888 3589/3984
f 3589/3984 3578/3888 3579/3889 3590/5471
f 3580/3890 5152/3977 3591/3976 5150/5472
f 3580/3890 3581/3891 3592/3978 5152/3977
f 3592/3978 3581/3891 3582/3808 3593/3892
f 3593/3893 3582/3809 3583/3894 3594/3981
f 3594/3981 3583/3894 5156/5484 5155/5482
f 3596/3898 3498/3897 3487/3895 3595/3896
f 3597/3870 3497/3792 3498/3897 3596/3898
f 3598/3901 3496/3900 3497/3899 3597/3872
f 3599/3903 3495/3902 3496/3900 3598/3901
f 3600/3905 3494/3904 3495/3902 3599/3903
f 3601/3907 3493/3906 3494/3904 3600/3905
f 3602/3910 3492/3909 3493/3906 3601/3907
f 3603/3877 3491/3908 3492/3909 3602/3910
f 3604/3912 3490/3911 3491/3785 3603/3879
f 3605/3914 3489/3913 3490/3911 3604/3912
f 3606/3916 3488/3915 3489/3913 3605/3914
f 3595/3896 3487/3895 3488/3915 3606/3916
f 3661/4080 3833/4008 3620/4010 3834/4081
f 3657/3938 3608/4005 5117/5423 5116/5426
f 3655/4037 3797/4032 3792/4031 3619/4024
f 3640/3917 3849/4099 3848/4101 3648/3918
f 3641/3946 3846/4096 3845/4095 3701/3919
f 5860/6411 3618/6407 3703/6410 5861/6413
f 3706/3990 3634/5478 5119/5430 5123/5439
f 3621/5429 3642/3956 3708/5444 5125/5476
f 3647/3962 3623/3961 3711/3973 3710/3974
f 3624/4068 3832/4060 3665/4087 3825/4085
f 3821/4013 3645/4048 3652/4049 3822/4064
f 5884/6450 5878/6436 3626/3947 5885/6448
f 5858/6408 3627/3949 3704/3971 5859/6409
f 3793/4044 3794/3937 3655/4037 3619/4024
f 3629/5417 3833/4008 3661/4080 3660/5418
f 3623/3961 3631/6470 3712/6471 3711/3973
f 3824/4017 3625/4076 3651/4065 5880/6438
f 3627/3949 3611/3951 3705/5431 3704/3971
f 3628/4034 3608/4005 3657/3938 3656/3936
f 3659/3939 3607/4007 5112/5416 5111/5419
f 3839/3945 3840/3968 3700/3975 5896/6469
f 5893/6464 3836/4023 3837/3932 5894/6465
f 3649/4097 3609/4100 3633/4019 3650/6440
f 3636/3920 3607/4007 3659/3939 3658/3921
f 3836/4023 3640/3922 3648/3923 3837/3932
f 3839/3945 3641/3944 3701/3924 3840/3968
f 3642/3956 3614/3959 3709/3972 3708/5444
f 3643/4079 3809/4083 3663/3942 3662/3941
f 3616/6427 3805/4051 3653/3935 5870/6431
f 3814/4058 3646/4084 3664/4086 3663/3942
f 3614/3959 3647/3962 3710/3974 3709/3972
f 3851/4102 3842/4092 3699/3925 3852/3926
f 3853/4105 3843/3997 3698/3965 3697/3929
f 5121/5434 3746/4000 3745/3927 5122/3928
f 3686/3994 3741/3964 3685/4090 3726/5391
f 3696/6423 3734/5411 3733/5413 3697/3929
f 3738/5404 3737/5406 3694/4001 3693/5432
f 3692/3992 3746/4000 5121/5434 5120/5437
f 3852/3930 3699/3931 3843/3997 3853/4105
f 3736/6420 5866/6421 3694/4001 3737/5406
f 3695/6418 3735/5409 3734/5411 3696/6423
f 3837/3932 3648/3923 3667/3933 3838/3943
f 3847/4098 3667/3934 3648/3918 3848/4101
f 3651/4065 3669/4067 5881/6439 5880/6438
f 3652/4049 3670/6445 3823/4066 3822/4064
f 3671/6412 5872/6429 3653/3935 3654/4033
f 3796/4038 3671/6412 3654/4033 3797/4032
f 3656/3936 3673/3948 3795/4035 3794/3937
f 3657/3938 3674/3950 3673/3948 3656/3936
f 3674/3950 3657/3938 5116/5426 5115/5422
f 3659/3939 3676/3952 3675/3940 3658/3921
f 3676/3952 3659/3939 5111/5419 5110/5415
f 3661/4080 3678/3957 3677/5428 3660/5418
f 3662/3941 3679/3955 3678/3957 3661/4080
f 3663/3942 3680/3958 3679/3955 3662/3941
f 3664/4086 3681/3963 3680/3958 3663/3942
f 3665/4087 3682/3960 3681/3963 3664/4086
f 3666/6466 3683/6468 3682/3960 3665/4087
f 3837/3932 3838/3943 5895/6467 5894/6465
f 3838/3943 3667/3933 3641/3944 3839/3945
f 3846/4096 3641/3946 3667/3934 3847/4098
f 3669/4067 3626/3947 5882/6441 5881/6439
f 3626/3947 3669/4067 3823/4066 5885/6448
f 3796/4038 3672/4036 3618/6407 5860/6411
f 3673/3948 3627/3949 5858/6408 3795/4035
f 3674/3950 3611/3951 3627/3949 3673/3948
f 3611/3951 3674/3950 5115/5422 5114/5440
f 3676/3952 3612/3954 3635/3953 3675/3940
f 3630/5441 3612/3954 3676/3952 5110/5415
f 3679/3955 3642/3956 3621/5429 3678/3957
f 3680/3958 3614/3959 3642/3956 3679/3955
f 3681/3963 3647/3962 3614/3959 3680/3958
f 3682/3960 3623/3961 3647/3962 3681/3963
f 3683/6468 3631/6470 3623/3961 3682/3960
f 3838/3943 3839/3945 5896/6469 5895/6467
f 3741/3964 5142/5455 5143/5457 3742/4088
f 3686/3994 5141/5453 5142/5455 3741/3964
f 3687/3995 5140/5451 5141/5453 3686/3994
f 3688/3996 5139/5449 5140/5451 3687/3995
f 3689/5469 5138/5447 5139/5449 3688/3996
f 5119/5430 3634/5478 3692/3992 5120/5437
f 5866/6421 5865/6419 3724/5466 3694/4001
f 3697/3929 5149/6453 3725/6422 3696/6423
f 3698/3965 5148/6437 5149/6453 3697/3929
f 3744/4094 5147/5465 5148/6437 3698/3965
f 3743/3966 5145/5464 5146/5463 3844/4093
f 3841/4089 5144/5460 5145/5459 3743/3967
f 3840/3968 3701/3924 5133/3969 5132/5461
f 5133/3970 3701/3919 3845/4095 5134/5462
f 5879/6452 5883/6442 5878/6436 5884/6450
f 3703/6410 5859/6409 5136/6414 5861/6413
f 3704/3971 5137/5468 5136/6414 5859/6409
f 3705/5431 3613/5433 5137/5468 3704/3971
f 3709/3972 5127/5450 5126/5448 3708/5444
f 3710/3974 5128/5452 5127/5450 3709/3972
f 3711/3973 5129/5454 5128/5452 3710/3974
f 3712/6471 5130/5456 5129/5454 3711/3973
f 3700/3975 5131/5458 5130/5456 3712/6471
f 5150/5472 3591/3976 3723/5474 5151/5477
f 5152/3977 3592/3978 3713/5443 5153/5475
f 3713/5443 3592/3978 3593/3892 3714/3979
f 3715/3989 3594/3981 5155/5482 5154/5480
f 3714/3980 3593/3893 3594/3981 3715/3989
f 3719/3982 3587/3886 3588/3983 3720/3998
f 3720/3998 3588/3983 3589/3984 3721/3993
f 3718/3999 3586/3987 3587/3885 3719/3985
f 3716/5479 3584/5481 3585/3986 3717/3991
f 3717/3991 3585/3986 3586/3987 3718/3999
f 3721/3993 3589/3984 3590/5471 3722/5473
f 3630/5441 3713/5443 3714/3979 3612/3954
f 3612/3988 3714/3980 3715/3989 3635/5420
f 3635/5420 3715/3989 5154/5480 3706/3990
f 3634/5478 3716/5479 3717/3991 3692/3992
f 3690/5470 3720/3998 3721/3993 3622/5446
f 3622/5446 3721/3993 3722/5473 3707/5445
f 3723/5474 5153/5475 5124/5442 3621/5429
f 3686/3994 3726/5391 3727/5393 3687/3995
f 3687/3995 3727/5393 3728/5395 3688/3996
f 3688/3996 3728/5395 3729/5399 3689/5469
f 3742/4088 3684/4091 3685/4090 3741/3964
f 3743/3967 3699/3925 3842/4092 3841/4089
f 3843/3997 3699/3931 3743/3966 3844/4093
f 3745/4003 3719/3982 3720/3998 3690/5470
f 3746/4000 3718/3999 3719/3985 3745/3927
f 3692/3992 3717/3991 3718/3999 3746/4000
f 3694/4001 3724/5466 3747/5467 3693/5432
f 5122/4002 3745/4003 3690/5470 3689/5469
f 3637/4040 3802/4004 3801/4046 3781/4041
f 3628/4034 3750/6168 3752/6170 3608/4005
f 3608/4005 3752/6170 5118/6172 5117/5423
f 3636/3920 3751/4006 3754/6174 3607/4007
f 3607/4007 3754/6174 5113/6176 5112/5416
f 3833/4008 3755/6180 3785/6182 3803/4078
f 3629/5417 3753/6178 3755/6180 3833/4008
f 3780/6370 3756/6371 3799/4009 3798/4039
f 3834/4081 3620/4010 3784/4043 3800/4082
f 3807/4011 3638/4012 3787/4057 3808/4053
f 3643/4079 3759/6378 3761/6380 3809/4083
f 3805/4051 3616/6427 3790/4055 3806/4052
f 3818/5986 3766/5966 3821/4013 3828/4077
f 3821/4013 3766/5966 3764/5968 3645/4048
f 3815/5982 3765/5983 3827/4014 3826/4070
f 3645/4048 3764/5968 3770/5970 3810/6426
f 3810/6426 3770/5970 3791/5972 3811/4054
f 3812/4015 3769/4016 3788/5974 3813/4056
f 3814/4058 3771/5976 3768/5978 3646/4084
f 3633/4019 3773/5771 3774/5773 3824/4017
f 3824/4017 3774/5773 3820/5775 3829/4072
f 3640/3917 3775/4018 3850/5786 3849/4099
f 3609/4100 3776/5769 3773/5771 3633/4019
f 3830/4020 3772/4021 3817/5777 3831/4074
f 3832/4060 3778/5779 3777/6462 3632/6463
f 3835/5784 3775/4022 3640/3922 3836/4023
f 3779/5782 3835/5784 3836/4023 5893/6464
f 3792/4031 3798/4039 3781/4041 3619/4024
f 3781/4041 3801/4046 3793/4044 3619/4024
f 3799/4025 3756/6372 3783/6374 3800/4082
f 3802/4026 3637/4042 3784/4043 3803/4078
f 3615/4059 3809/4083 3808/4053 3787/4057
f 3788/5974 3771/5976 3814/4058 3813/4056
f 3638/4027 3807/4028 3806/4052 3790/4055
f 3791/5972 3769/4029 3812/4030 3811/4054
f 3644/4050 3757/6366 3758/6368 3792/4031
f 3644/4050 3792/4031 3797/4032 3654/4033
f 3793/4044 3628/4034 3656/3936 3794/3937
f 3749/6166 3750/6168 3628/4034 3793/4044
f 3795/4035 3672/4036 3655/4037 3794/3937
f 3655/4037 3672/4036 3796/4038 3797/4032
f 3792/4031 3758/6368 3780/6370 3798/4039
f 3799/4009 3637/4040 3781/4041 3798/4039
f 3637/4042 3799/4025 3800/4082 3784/4043
f 3749/6166 3793/4044 3801/4046 3782/6184
f 3802/4004 3748/4045 3782/6184 3801/4046
f 3785/6182 3748/4047 3802/4026 3803/4078
f 3645/4048 3810/6426 3804/6425 3652/4049
f 5877/6428 3670/6445 3652/4049 3804/6425
f 5877/6428 5871/6430 3617/6434 5876/6446
f 3805/4051 3644/4050 3654/4033 3653/3935
f 3805/4051 3763/6364 3757/6366 3644/4050
f 3789/6386 3763/6364 3805/4051 3806/4052
f 3807/4028 3762/6384 3789/6386 3806/4052
f 3786/6382 3762/6383 3807/4011 3808/4053
f 3809/4083 3761/6380 3786/6382 3808/4053
f 3616/6427 3810/6426 3811/4054 3790/4055
f 3812/4030 3638/4027 3790/4055 3811/4054
f 3638/4012 3812/4015 3813/4056 3787/4057
f 3814/4058 3615/4059 3787/4057 3813/4056
f 3825/4085 3767/5980 3815/5982 3826/4070
f 3817/5777 3778/5779 3832/4060 3831/4074
f 3827/4061 3765/5984 3818/5986 3828/4077
f 3820/5775 3772/4062 3830/4063 3829/4072
f 3625/4076 3821/4013 3822/4064 3651/4065
f 3823/4066 3669/4067 3651/4065 3822/4064
f 3624/4068 3825/4085 3826/4070 3816/4075
f 3827/4014 3639/4069 3816/4075 3826/4070
f 3639/4071 3827/4061 3828/4077 3819/4073
f 3625/4076 3824/4017 3829/4072 3819/4073
f 3830/4063 3639/4071 3819/4073 3829/4072
f 3639/4069 3830/4020 3831/4074 3816/4075
f 3832/4060 3624/4068 3816/4075 3831/4074
f 3825/4085 3646/4084 3768/5978 3767/5980
f 3821/4013 3625/4076 3819/4073 3828/4077
f 3620/4010 3833/4008 3803/4078 3784/4043
f 3834/4081 3643/4079 3662/3941 3661/4080
f 3834/4081 3760/6376 3759/6378 3643/4079
f 3783/6374 3760/6376 3834/4081 3800/4082
f 3615/4059 3814/4058 3663/3942 3809/4083
f 3646/4084 3825/4085 3665/4087 3664/4086
f 3832/4060 3632/6463 3666/6466 3665/4087
f 5131/5458 3700/3975 3840/3968 5132/5461
f 3742/4088 5143/5457 5144/5460 3841/4089
f 3842/4092 3684/4091 3742/4088 3841/4089
f 3851/4102 3685/4090 3684/4091 3842/4092
f 3744/4094 3698/3965 3843/3997 3844/4093
f 3844/4093 5146/5463 5147/5465 3744/4094
f 3702/6458 5135/6460 5134/5462 3845/4095
f 3846/4096 3610/6456 3702/6458 3845/4095
f 3668/6454 3610/6456 3846/4096 3847/4098
f 3649/4097 3668/6454 3847/4098 3848/4101
f 3849/4099 3609/4100 3649/4097 3848/4101
f 3850/5786 3776/5769 3609/4100 3849/4099
f 3851/4102 3730/5389 3726/5391 3685/4090
f 3730/5389 3851/4102 3852/3926 3731/4103
f 3732/5386 3731/4104 3852/3930 3853/4105
f 3697/3929 3733/5413 3732/5386 3853/4105
f 4910/5126 3856/4111 3857/4110 4911/5127
f 4909/5125 3859/4112 3856/4111 4910/5126
f 4908/5145 3861/5144 3859/4112 4909/5125
f 4907/4106 3862/4107 4928/5143 4927/5146
f 4917/5133 3863/4151 3864/4108 4918/4109
f 4915/5131 3867/4115 3868/4152 4916/5132
f 4914/5130 3870/4116 3867/4115 4915/5131
f 4913/5129 3872/4117 3870/4116 4914/5130
f 4912/5128 3874/4118 3872/4117 4913/5129
f 4911/5127 3857/4110 3874/4118 4912/5128
f 3857/4110 3856/4111 3875/4120 3876/4119
f 3856/4111 3859/4112 3877/4121 3875/4120
f 3859/4112 3861/5144 3878/5148 3877/4121
f 4928/5143 3862/4107 3879/4113 4929/5147
f 3864/4108 3863/4151 3880/4153 3881/4114
f 3868/4152 3867/4115 3882/4124 3883/4154
f 3867/4115 3870/4116 3884/4125 3882/4124
f 3870/4116 3872/4117 3885/4126 3884/4125
f 3872/4117 3874/4118 3886/4127 3885/4126
f 3874/4118 3857/4110 3876/4119 3886/4127
f 3876/4119 3875/4120 3887/4129 3888/4128
f 3875/4120 3877/4121 3889/4130 3887/4129
f 3877/4121 3878/5148 3890/5150 3889/4130
f 4929/5147 3879/4113 3891/4122 4930/5149
f 3881/4114 3880/4153 3892/4155 3893/4123
f 3883/4154 3882/4124 3894/4133 3895/4156
f 3882/4124 3884/4125 3896/4134 3894/4133
f 3884/4125 3885/4126 3897/4135 3896/4134
f 3885/4126 3886/4127 3898/4136 3897/4135
f 3886/4127 3876/4119 3888/4128 3898/4136
f 3888/4128 3887/4129 3899/4138 3900/4137
f 3887/4129 3889/4130 3901/4140 3899/4138
f 3889/4130 3890/5150 3902/5151 3901/4140
f 4930/5149 3891/4122 3903/4131 4931/5198
f 3893/4123 3892/4155 3904/5199 3905/4132
f 3895/4156 3894/4133 3906/4143 3907/4157
f 3894/4133 3896/4134 3908/4144 3906/4143
f 3896/4134 3897/4135 3909/4146 3908/4144
f 3897/4135 3898/4136 3910/4147 3909/4146
f 3898/4136 3888/4128 3900/4137 3910/4147
f 3900/4137 3899/4138 3911/4139 3912/5158
f 3899/4138 3901/4140 3913/5168 3911/4139
f 3901/4140 3902/5151 3914/5152 3913/5168
f 4941/4148 4942/5153 4967/5197 4966/4141
f 4968/4158 4947/5155 4948/4150 4969/4142
f 3907/4157 3906/4143 3915/5169 3916/5211
f 3906/4143 3908/4144 3917/4145 3915/5169
f 3908/4144 3909/4146 3918/5159 3917/4145
f 3909/4146 3910/4147 3919/5176 3918/5159
f 3910/4147 3900/4137 3912/5158 3919/5176
f 3920/4149 4932/5154 4942/5153 4941/4148
f 3920/4149 4948/4150 4947/5155 4932/5154
f 3863/4151 4917/5133 4916/5132 3868/4152
f 3880/4153 3863/4151 3868/4152 3883/4154
f 3892/4155 3880/4153 3883/4154 3895/4156
f 3904/5199 3892/4155 3895/4156 3907/4157
f 3916/5211 4968/4158 3904/5199 3907/4157
f 4564/6809 3924/6811 3925/4253 4565/4710
f 4565/4710 3925/4253 636/4252 1342/4159
f 3927/4257 5906/4709 5907/6762 5902/6763
f 3927/4257 3928/4259 4563/6759 5906/4709
f 4563/6759 3928/4259 6108/6781 6107/6778
f 6132/6816 3936/4161 3937/4162 6133/6818
f 4068/6819 6133/6818 3937/4162 6082/4164
f 4880/6480 4070/6477 5904/6769 5905/6768
f 4880/6480 3939/4165 3940/4166 4881/5092
f 4881/5092 3940/4166 3941/4167 6111/4160
f 3934/6785 3942/4177 3943/4169 3935/6797
f 3935/6797 3943/4169 3944/4170 3936/4161
f 3936/4161 3944/4170 3945/4171 3937/4162
f 6083/4172 661/6746 651/4163 6082/4164
f 6430/7297 6069/6481 6066/6727 6431/7287
f 6430/7297 6435/7286 3938/6479 6069/6481
f 3938/6479 6435/7286 3946/4173 3939/4165
f 3939/4165 3946/4173 3947/4174 3940/4166
f 3940/4166 3947/4174 3948/4175 3941/4167
f 3941/4168 3948/4176 3942/4177 3934/6785
f 3942/4177 3949/7269 3950/7271 3943/4169
f 3943/4169 3950/7271 3951/7273 3944/4170
f 3944/4170 3951/7273 3952/7275 3945/4171
f 3945/4171 3952/7275 6084/7277 6083/4172
f 3955/7259 6387/7264 3946/4173 6435/7286
f 3946/4173 6387/7264 3953/7263 3947/4174
f 3947/4174 3953/7263 3954/7266 3948/4175
f 3948/4176 3954/7267 3949/7269 3942/4177
f 6067/7292 6068/7296 6065/7284 6064/6833
f 6426/7283 6433/7295 6432/7291 6427/7282
f 6391/7228 3957/4184 3958/4181 6392/7230
f 6195/6880 6135/4178 6134/6831 6196/6882
f 6175/6870 6155/6861 6135/4178 6183/6872
f 6192/7239 6382/7236 6376/7219 6193/6879
f 6384/7222 3962/5073 3963/4182 6385/4179
f 6385/4180 3963/4183 3957/4184 6391/7228
f 4861/5077 3959/7193 4852/5072 4862/6935
f 4858/5088 4853/7187 3961/7188 4859/6855
f 3957/4184 3967/7083 3968/7085 3958/4181
f 3958/4181 3968/7085 3969/7087 6388/7224
f 6388/7224 3969/7087 3970/7089 6389/7225
f 6389/7225 3970/7089 6085/7091 6390/7226
f 4851/7098 4863/7097 4862/6935 4852/5072
f 4873/7074 4854/7185 4853/7187 4858/5088
f 3962/5073 3972/7077 3973/7080 3963/4182
f 3963/4183 3973/7081 3967/7083 3957/4184
f 6300/7082 3974/7053 3975/7055 6301/7084
f 6301/7084 3975/7055 3976/7057 6302/7086
f 6302/7086 3976/7057 3977/7059 6303/7088
f 6303/7088 3977/7059 6086/7061 6304/7090
f 4850/7068 4864/7067 6307/7096 6306/7099
f 4872/7044 4855/7181 6296/7183 6295/7075
f 6298/7076 3980/7047 3981/7050 6299/4185
f 6299/4186 3981/7051 3974/7053 6300/7082
f 6285/7052 3982/4194 3983/4189 6286/7054
f 6286/7054 3983/4189 3984/4190 6287/7056
f 6287/7056 3984/4190 3985/4191 6288/7058
f 6288/7058 3985/4191 6087/6751 6289/7060
f 4849/5071 4865/5079 6292/7066 6291/7069
f 4871/5086 4856/7177 6281/7179 6280/7045
f 6283/7046 3988/5074 3989/4192 6284/4187
f 6284/4188 3989/4193 3982/4194 6285/7052
f 3982/4194 3990/4200 3991/4195 3983/4189
f 3983/4189 3991/4195 3992/4196 3984/4190
f 3984/4190 3992/4196 3993/4197 3985/4191
f 3985/4191 3993/4197 6088/6753 6087/6751
f 4848/5070 4866/5081 4865/5079 4849/5071
f 4870/5083 4857/7175 4856/7177 4871/5086
f 3988/5074 3997/5075 3998/4198 3989/4192
f 3989/4193 3998/4199 3990/4200 3982/4194
f 3990/4200 3999/5105 4000/5096 3991/4195
f 3991/4195 4000/5096 4001/5098 3992/4196
f 3992/4196 4001/5098 4002/5099 3993/4197
f 3993/4197 4002/5099 6089/5101 6088/6753
f 4003/7212 4857/7175 4870/5083 4869/6873
f 3997/5075 4004/6886 4005/5102 3998/4198
f 3998/4199 4005/5103 3999/5105 3990/4200
f 4882/5104 6074/6734 6073/6732 4883/5095
f 4883/5095 6073/6732 6072/6730 4884/5097
f 6080/6744 4885/6743 4884/5097 6072/6730
f 6197/6892 6078/6891 6077/6738 4887/6875
f 4887/6875 6077/6738 6076/6736 4888/6885
f 4888/6885 6076/6736 6075/4201 4889/4202
f 4889/4203 6075/4204 6074/6734 4882/5104
f 4901/5142 4015/4215 4016/4207 4902/5119
f 4902/5119 4016/4207 4017/4208 4903/5120
f 4903/5120 4017/4208 4018/4209 4904/5121
f 4904/5121 4018/4209 6200/6900 6199/6898
f 4876/6928 6079/6932 6054/6740 4897/5135
f 4921/5136 4021/5090 4022/4210 4922/5137
f 4922/5137 4022/4210 4023/4211 4923/5138
f 4923/5138 4023/4211 4024/4212 4924/5139
f 4924/5139 4024/4212 4025/4213 4925/4205
f 4925/4206 4025/4214 4015/4215 4901/5142
f 4015/4215 4026/4224 4027/4216 4016/4207
f 4016/4207 4027/4216 4028/4217 4017/4208
f 4017/4208 4028/4217 4029/4218 4018/4209
f 4018/4209 4029/4218 6201/6902 6200/6900
f 4020/5111 4031/5110 4878/6922 4877/6924
f 4021/5090 4032/5091 4033/4219 4022/4210
f 4022/4210 4033/4219 4034/4220 4023/4211
f 4023/4211 4034/4220 4035/4221 4024/4212
f 4024/4212 4035/4221 4036/4222 4025/4213
f 4025/4214 4036/4223 4026/4224 4015/4215
f 4026/4224 4037/4234 4038/4225 4027/4216
f 4027/4216 4038/4225 4039/4226 4028/4217
f 4028/4217 4039/4226 4040/4227 4029/4218
f 4029/4218 4040/4227 6202/6904 6201/6902
f 4031/5110 4042/5109 4879/6920 4878/6922
f 4032/5091 4043/4228 4044/4229 4033/4219
f 4033/4219 4044/4229 4045/4230 4034/4220
f 4034/4220 4045/4230 4046/4231 4035/4221
f 4035/4221 4046/4231 4047/4232 4036/4222
f 4036/4223 4047/4233 4037/4234 4026/4224
f 4037/4234 4048/4241 4049/4235 4038/4225
f 4038/4225 4049/4235 4050/4236 4039/4226
f 4039/4226 4050/4236 4051/5210 4040/4227
f 4040/4227 4051/5210 6203/6906 6202/6904
f 4054/5203 4043/4228 6210/6919 6209/6917
f 4043/4228 4054/5203 4055/5202 4044/4229
f 4044/4229 4055/5202 4056/4237 4045/4230
f 4045/4230 4056/4237 4057/4238 4046/4231
f 4046/4231 4057/4238 4058/4239 4047/4232
f 4047/4233 4058/4240 4048/4241 4037/4234
f 4048/4241 4059/4244 4060/5175 4049/4235
f 4049/4235 4060/5175 4061/5208 4050/4236
f 4974/5207 6205/6911 6204/6908 4975/5209
f 4055/5202 4062/5171 4063/4243 4056/4237
f 4056/4237 4063/4243 4064/4242 4057/4238
f 4057/4238 4064/4242 4065/5173 4058/4239
f 4058/4240 4065/4245 4059/4244 4048/4241
f 4064/4242 4063/4243 4062/5171 4952/5174
f 4059/4244 4065/4245 4937/4246 4938/5206
f 3929/6813 4067/6814 4068/6819 3930/4247
f 3930/4247 4068/6819 804/6745 643/4248
f 1630/676 805/6726 4069/6472 3931/4249
f 3931/4249 4069/6472 6104/6770 6103/4250
f 3930/4254 3925/4253 3924/6811 3929/4251
f 643/679 636/4252 3925/4253 3930/4254
f 6102/6764 3926/6484 3931/4255 6103/4256
f 3933/4260 3928/4259 3927/4257 3932/4258
f 6108/6781 3928/4259 3933/4260 6109/4261
f 4391/4549 4392/4286 4437/4598 4424/4601
f 4387/4551 4388/4287 4392/4286 4391/4549
f 1179/4262 876/4263 4388/4287 4387/4551
f 4076/4613 4077/4615 4097/4384 4100/4385
f 812/4627 834/4264 4833/5049 4832/5048
f 4103/4271 4098/4270 4072/4623 4073/4625
f 4108/4272 4098/4270 4103/4271 4109/4371
f 4089/4528 4247/5050 4246/5052 4110/4370
f 4104/4340 4194/4381 4092/4383 4105/4338
f 4105/4338 4092/4383 4095/4265 4106/4336
f 4092/4383 4078/4617 4079/4619 4095/4265
f 4097/4384 4077/4615 4078/4617 4092/4383
f 4106/4336 4095/4265 4093/4266 4107/4267
f 4107/4268 4093/4269 4098/4270 4108/4272
f 4093/4269 4071/4621 4072/4623 4098/4270
f 4095/4265 4079/4619 4071/4620 4093/4266
f 4088/5040 4075/4610 4076/4613 4100/4385
f 4074/5046 4089/4528 4103/4271 4073/4625
f 4101/4344 4193/4347 4096/4277 4196/4324
f 4104/4340 4086/4342 4195/4323 4194/4381
f 4087/4312 4108/4272 4109/4371 4222/4369
f 4347/4475 4350/4529 4351/4575 4348/4472
f 4348/4472 4351/4575 4352/4531 4349/4477
f 4118/4478 4113/4480 4116/6803 4119/4281
f 4116/6803 4113/4480 4419/4577 4111/6801
f 4354/4481 4081/4461 4421/4578 4420/4581
f 4082/4459 4081/4461 4354/4481 4353/4479
f 1117/954 821/4273 4082/4459 4353/4479
f 854/4274 857/951 4118/4478 4119/4281
f 1113/4275 853/4279 4120/4532 4350/4529
f 1113/4275 4350/4529 4347/4475 1109/4276
f 4243/4402 4241/4399 4232/4390 4244/4403
f 4143/4329 4090/4380 4238/4396 4237/4395
f 4234/4392 4091/4326 4144/4334 4235/4393
f 4233/4387 4096/4277 4091/4326 4234/4392
f 4232/4390 4241/4399 4096/4277 4233/4387
f 4110/4370 4246/5052 4245/5054 4223/4368
f 5908/6487 4123/6489 4114/4574 5909/4533
f 6091/6757 6092/6500 6093/4282 4112/6758
f 4112/6758 3923/6760 6106/6776 6105/6774
f 4121/6805 3921/6807 3922/4711 4122/4280
f 4122/4280 3922/4711 631/4712 872/4278
f 853/4279 2720/2932 5901/6473 4120/4532
f 4116/6803 4121/6805 4122/4280 4119/4281
f 4119/4281 4122/4280 872/4278 854/4274
f 6093/4282 6096/6499 6097/4708 6094/6761
f 5899/6488 5908/6487 5909/4533 5900/6476
f 4415/6501 4417/6492 4418/4466 4416/4572
f 4124/6756 6114/6773 6113/4283 4115/4534
f 4430/4284 4412/4285 4411/4555 4431/4594
f 4392/4286 4439/4605 4438/4602 4437/4598
f 4388/4287 4440/4608 4439/4605 4392/4286
f 4388/4287 876/4263 1213/4288 4440/4608
f 1195/1052 877/4567 4125/4570 4425/4587
f 4425/4587 4125/4570 4126/4566 4426/4588
f 4426/4588 4126/4566 4127/4564 4427/4589
f 4427/4589 4127/4564 4128/4562 4428/4590
f 4428/4590 4128/4562 4129/4560 4429/4591
f 4429/4591 4129/4560 4412/4558 4430/4289
f 4341/4470 4404/4548 4403/4290 4342/4291
f 4401/4546 4343/4513 4372/4521 4402/4547
f 4400/4545 4378/4515 4343/4513 4401/4546
f 4399/4544 4379/4517 4378/4515 4400/4545
f 4398/4543 4380/4520 4379/4517 4399/4544
f 1165/1016 1146/4292 4380/4520 4398/4543
f 4338/4460 1098/4293 1176/4294 4407/4552
f 4338/4460 4407/4552 4406/4550 4339/4462
f 4339/4462 4406/4550 4423/4582 4422/4585
f 4340/4483 4405/4553 4404/4548 4341/4470
f 4446/4295 6241/4296 6240/6980 4447/4622
f 4447/4622 6240/6980 6239/6978 4448/4624
f 6237/6992 4450/5043 4449/5044 6238/6975
f 3096/4297 1225/4298 4450/5043 6237/6992
f 1214/1072 3095/3378 6246/6990 4441/4609
f 4441/4609 6246/6990 6245/6988 4442/4612
f 4442/4612 6245/6988 6244/6986 4443/4614
f 4443/4614 6244/6986 6243/6984 4444/4616
f 4444/4616 6243/6984 6242/6982 4445/4618
f 4445/4618 6242/6982 6241/4299 4446/4300
f 4206/4343 4189/4301 4188/4302 4207/4345
f 4207/4345 4188/4302 4187/4303 4208/4346
f 4187/4303 4186/4304 4209/4348 4208/4346
f 4213/4372 4182/4305 4181/4306 4214/4379
f 4204/4339 4191/4307 4190/4308 4205/4341
f 4205/4341 4190/4308 4189/4301 4206/4343
f 4203/4337 4192/4311 4191/4307 4204/4339
f 4202/4309 4216/4310 4192/4311 4203/4337
f 4087/4312 4217/4356 4216/4313 4202/4357
f 4236/4314 4094/4330 4143/4329 4237/4395
f 4144/4334 4094/4315 4236/4316 4235/4393
f 4217/4356 4102/4367 4226/4376 4225/4375
f 4214/4379 4181/4306 4180/4365 4215/4377
f 4212/4354 4183/4333 4182/4305 4213/4372
f 4264/6566 4161/4420 4162/4404 4265/6594
f 4265/6594 4162/4404 4163/4405 4266/6592
f 4266/6592 4163/4405 4164/4406 4267/6590
f 4267/6590 4164/4406 4165/4407 4268/6588
f 4268/6588 4165/4407 4166/4408 4269/6586
f 4269/6586 4166/4408 4167/4409 4270/6584
f 4270/6584 4167/4409 4168/4410 4271/4317
f 4271/4318 4168/4411 4169/4412 4272/6582
f 4272/6582 4169/4412 4170/4413 4273/6580
f 4273/6580 4170/4413 4171/4414 4274/6578
f 4274/6578 4171/4414 4172/4415 4275/6576
f 4275/6576 4172/4415 4173/4416 4276/6574
f 4276/6574 4173/4416 4174/4417 4277/6572
f 4277/6572 4174/4417 4175/4418 4278/6570
f 4278/6570 4175/4418 4176/4419 4279/6568
f 4279/6568 4176/4419 4161/4420 4264/6566
f 5931/6564 4280/4425 4295/4441 5932/6534
f 5932/6534 4295/4441 4294/4440 5933/6536
f 5933/6536 4294/4440 4293/4439 5934/6538
f 5934/6538 4293/4439 4292/4438 5935/6540
f 5935/6540 4292/4438 4291/4437 5936/6542
f 5936/6542 4291/4437 4290/4436 5937/6544
f 5937/6544 4290/4436 4289/4319 5938/4320
f 5938/4321 4289/4322 4288/4434 5939/6548
f 5939/6548 4288/4434 4287/4432 5940/6550
f 5940/6550 4287/4432 4286/4431 5941/6552
f 5941/6552 4286/4431 4285/4430 5942/6554
f 5942/6554 4285/4430 4284/4429 5943/6556
f 5943/6556 4284/4429 4283/4428 5944/6558
f 5944/6558 4283/4428 4282/4427 5945/6560
f 5945/6560 4282/4427 4281/4426 5946/6562
f 5946/6562 4281/4426 4280/4425 5931/6564
f 4086/4342 4101/4344 4196/4324 4195/4323
f 4230/4325 4241/4399 4243/4402 4229/4382
f 4195/4323 4196/4324 4230/4325 4229/4382
f 4193/4347 4201/4349 4091/4326 4096/4277
f 4143/4329 4198/4355 4197/5058 4090/4380
f 4094/4315 4144/4334 4199/4351 4200/4352
f 4185/4335 4184/4327 4211/4328 4210/4350
f 4198/4355 4143/4329 4094/4330 4200/4353
f 4211/4331 4184/4332 4183/4333 4212/4354
f 4201/4349 4199/4351 4144/4334 4091/4326
f 4209/4348 4186/4304 4185/4335 4210/4350
f 4107/4267 4202/4309 4203/4337 4106/4336
f 4106/4336 4203/4337 4204/4339 4105/4338
f 4105/4338 4204/4339 4205/4341 4104/4340
f 4104/4340 4205/4341 4206/4343 4086/4342
f 4086/4342 4206/4343 4207/4345 4101/4344
f 4101/4344 4207/4345 4208/4346 4193/4347
f 4209/4348 4201/4349 4193/4347 4208/4346
f 4201/4349 4209/4348 4210/4350 4199/4351
f 4211/4328 4200/4352 4199/4351 4210/4350
f 4200/4353 4211/4331 4212/4354 4198/4355
f 4197/5058 4198/4355 4212/4354 4213/4372
f 4087/4312 4222/4369 4102/4367 4217/4356
f 4108/4272 4087/4312 4202/4357 4107/4268
f 4216/4310 4219/4358 4177/4359 4192/4311
f 4216/4313 4217/4356 4225/4375 4219/4360
f 4239/5056 4099/4366 4842/5066 4841/5064
f 4220/4361 4178/4362 4177/4359 4219/4358
f 4221/4373 4179/4363 4178/4364 4220/4374
f 4215/4377 4180/4365 4179/4363 4221/4373
f 4227/5057 4099/4366 4239/5056 4839/5060
f 4223/4368 4245/5054 4240/5063 4218/5065
f 4099/4366 4224/4378 4226/4376 4842/5066
f 4223/4368 4218/5065 4102/4367 4222/4369
f 4110/4370 4223/4368 4222/4369 4109/4371
f 4089/4528 4110/4370 4109/4371 4103/4271
f 4197/5058 4213/4372 4214/4379 4224/4378
f 4221/4373 4220/4374 4219/4360 4225/4375
f 4226/4376 4215/4377 4221/4373 4225/4375
f 4226/4376 4224/4378 4214/4379 4215/4377
f 4090/4380 4197/5058 4227/5057 4839/5060
f 4194/4381 4195/4323 4229/4382 4228/4400
f 4097/4384 4092/4383 4194/4381 4228/4400
f 4228/4400 4242/4401 4100/4385 4097/4384
f 4088/5040 4100/4385 4242/4401 4231/5042
f 4232/4390 1612/4389 1613/4386 4244/4403
f 4233/4387 1610/4388 1612/4389 4232/4390
f 1610/4388 4233/4387 4234/4392 868/4391
f 868/4391 4234/4392 4235/4393 1627/4394
f 4236/4316 867/838 1627/4394 4235/4393
f 867/839 4236/4314 4237/4395 900/840
f 4238/4396 866/844 900/840 4237/4395
f 866/844 4238/4396 4838/5059 987/845
f 4837/5055 865/4397 987/845 4838/5059
f 865/4397 4837/5055 4840/5061 1628/4398
f 4096/4277 4241/4399 4230/4325 4196/4324
f 4229/4382 4243/4402 4242/4401 4228/4400
f 4231/5042 4242/4401 4243/4402 4244/4403
f 4835/5053 982/850 976/1508 4836/5062
f 4834/5051 869/851 982/850 4835/5053
f 834/4264 869/851 4834/5051 4833/5049
f 4161/4420 4248/6565 4249/6535 4162/4404
f 4162/4404 4249/6535 4250/6537 4163/4405
f 4163/4405 4250/6537 4251/6539 4164/4406
f 4164/4406 4251/6539 4252/6541 4165/4407
f 4165/4407 4252/6541 4253/6543 4166/4408
f 4166/4408 4253/6543 4254/6545 4167/4409
f 4167/4409 4254/6545 4255/6546 4168/4410
f 4168/4411 4255/6547 4256/6549 4169/4412
f 4169/4412 4256/6549 4257/6551 4170/4413
f 4170/4413 4257/6551 4258/6553 4171/4414
f 4171/4414 4258/6553 4259/6555 4172/4415
f 4172/4415 4259/6555 4260/6557 4173/4416
f 4173/4416 4260/6557 4261/6559 4174/4417
f 4174/4417 4261/6559 4262/6561 4175/4418
f 4175/4418 4262/6561 4263/6563 4176/4419
f 4176/4419 4263/6563 4248/6565 4161/4420
f 6247/7009 5947/6567 5962/6595 6248/6993
f 6248/6993 5962/6595 5961/6593 6249/6994
f 6249/6994 5961/6593 5960/6591 6250/6995
f 6250/6995 5960/6591 5959/6589 6251/6996
f 6251/6996 5959/6589 5958/6587 6252/6997
f 6252/6997 5958/6587 5957/6585 6253/6998
f 6253/6998 5957/6585 5956/4421 6254/4422
f 6254/4423 5956/4424 5955/6583 6255/7001
f 6255/7001 5955/6583 5954/6581 6256/7002
f 6256/7002 5954/6581 5953/6579 6257/7003
f 6257/7003 5953/6579 5952/6577 6258/7004
f 6258/7004 5952/6577 5951/6575 6259/7005
f 6259/7005 5951/6575 5950/6573 6260/7006
f 6260/7006 5950/6573 5949/6571 6261/7007
f 6261/7007 5949/6571 5948/6569 6262/7008
f 6262/7008 5948/6569 5947/6567 6247/7009
f 4281/4426 5916/6505 5915/6503 4280/4425
f 4282/4427 5917/6507 5916/6505 4281/4426
f 4283/4428 5918/6509 5917/6507 4282/4427
f 4284/4429 5919/6511 5918/6509 4283/4428
f 4285/4430 5920/6513 5919/6511 4284/4429
f 4286/4431 5921/6515 5920/6513 4285/4430
f 4287/4432 5922/6517 5921/6515 4286/4431
f 4288/4434 5923/6520 5922/6517 4287/4432
f 4289/4322 5924/4433 5923/6520 4288/4434
f 4290/4436 5925/6523 5924/4435 4289/4319
f 4291/4437 5926/6525 5925/6523 4290/4436
f 4292/4438 5927/6527 5926/6525 4291/4437
f 4293/4439 5928/6529 5927/6527 4292/4438
f 4294/4440 5929/6531 5928/6529 4293/4439
f 4295/4441 5930/6533 5929/6531 4294/4440
f 4280/4425 5915/6503 5930/6533 4295/4441
f 5963/6620 4296/7041 4297/7011 5964/6596
f 5964/6596 4297/7011 4298/7013 5965/6598
f 5965/6598 4298/7013 4299/7015 5966/6600
f 5966/6600 4299/7015 4300/7017 5967/6602
f 5967/6602 4300/7017 4301/7019 5968/6604
f 5968/6604 4301/7019 4302/7021 5969/6605
f 5969/6605 4302/7021 4303/7022 5970/4442
f 5970/4443 4303/7023 4304/7025 5971/6607
f 5971/6607 4304/7025 4305/7027 5972/6609
f 5972/6609 4305/7027 4306/7029 5973/6611
f 5973/6611 4306/7029 4307/7031 5974/6613
f 5974/6613 4307/7031 4308/7033 5975/6615
f 5975/6615 4308/7033 4309/7035 5976/6617
f 5976/6617 4309/7035 4310/7037 5977/6618
f 5977/6618 4310/7037 4311/7039 5978/6619
f 5978/6619 4311/7039 4296/7041 5963/6620
f 5979/6623 5982/6621 5981/6631 5980/4458
f 4336/4457 4314/4716 4313/6622 4337/6624
f 4335/4456 4315/4713 4314/4716 4336/4457
f 4334/4455 4316/4718 4315/4713 4335/4456
f 4333/6666 4317/6645 4316/4718 4334/4455
f 5994/4454 5997/6646 5996/6644 5995/6665
f 5998/4444 5999/4445 5997/6646 5994/4454
f 6000/4453 6001/6650 5999/4446 5998/4447
f 6002/6654 6003/6652 6001/6650 6000/4453
f 4331/4452 4322/5007 4321/6653 4332/6655
f 4330/4451 4323/5005 4322/5007 4331/4452
f 4329/4450 4324/5003 4323/5005 4330/4451
f 4328/6640 4325/6626 4324/5003 4329/4450
f 5983/4449 5986/6627 5985/6625 5984/6639
f 5987/4448 5988/6629 5986/6627 5983/4449
f 5980/4458 5981/6631 5988/6629 5987/4448
f 5990/6641 5980/4458 5987/4448 5989/6633
f 5989/6633 5987/4448 5983/4449 5991/6635
f 5991/6635 5983/4449 5984/6639 5992/6637
f 4158/6638 4328/6640 4329/4450 4157/6616
f 4157/6616 4329/4450 4330/4451 4156/6614
f 4156/6614 4330/4451 4331/4452 4155/6612
f 4155/6612 4331/4452 4332/6655 4154/6610
f 6005/6658 6002/6654 6000/4453 6004/6656
f 6004/6656 6000/4453 5998/4447 6006/6659
f 6006/6660 5998/4444 5994/4454 6007/6661
f 6007/6661 5994/4454 5995/6665 6008/6663
f 4150/6664 4333/6666 4334/4455 4149/6603
f 4149/6603 4334/4455 4335/4456 4148/6601
f 4148/6601 4335/4456 4336/4457 4147/6599
f 4147/6599 4336/4457 4337/6624 4146/6597
f 5993/6643 5979/6623 5980/4458 5990/6641
f 4338/4460 4082/4459 821/4273 1098/4293
f 4339/4462 4081/4461 4082/4459 4338/4460
f 4421/4578 4081/4461 4339/4462 4422/4585
f 4345/4516 4084/4473 4085/4476 4344/4514
f 4346/4519 4083/4474 4084/4473 4345/4516
f 1108/4518 822/4471 4083/4474 4346/4519
f 4080/4579 4368/4484 4357/4463 4355/4580
f 6122/6800 6112/4464 6113/6787 6123/6802
f 4396/4539 4115/4534 6113/4283 6112/4465
f 4377/4535 4376/4512 4384/4530 4418/4466
f 4341/4470 4367/4469 4366/4467 4340/4483
f 4342/4291 4369/4468 4367/4469 4341/4470
f 4085/4476 4382/4525 4381/4523 4344/4514
f 822/4471 1109/4276 4347/4475 4083/4474
f 4348/4472 4084/4473 4083/4474 4347/4475
f 4084/4473 4348/4472 4349/4477 4085/4476
f 4349/4477 4383/4527 4382/4525 4085/4476
f 4352/4531 4384/4530 4383/4527 4349/4477
f 857/951 1117/954 4353/4479 4118/4478
f 4354/4481 4113/4480 4118/4478 4353/4479
f 4113/4480 4354/4481 4420/4581 4419/4577
f 4355/4580 4357/4463 4356/4482 4117/4576
f 4080/4579 4340/4483 4366/4467 4368/4484
f 4451/5488 5094/4503 5109/4485 4452/5516
f 4452/5516 5109/4485 5108/4486 4453/5514
f 4453/5514 5108/4486 5107/4487 4454/5512
f 4454/5512 5107/4487 5106/4488 4455/5510
f 4455/5510 5106/4488 5105/4489 4456/5508
f 4456/5508 5105/4489 5104/4490 4457/5506
f 4457/5506 5104/4490 5103/4491 4458/5504
f 4458/5504 5103/4491 5102/4492 4459/5502
f 4459/5502 5102/4492 5101/4493 4460/5500
f 4460/5500 5101/4493 5100/4494 4461/5498
f 4461/5498 5100/4494 5099/4495 4462/5496
f 4462/5496 5099/4495 5098/4496 4463/5494
f 4463/5494 5098/4496 5097/4497 4464/5492
f 4464/5492 5097/4497 5096/4498 4465/5490
f 4465/5490 5096/4498 5095/4499 4466/4500
f 4466/4501 5095/4502 5094/4503 4451/5488
f 4342/4504 4403/4505 4402/4547 4372/4521
f 4372/4521 4370/4507 4369/4506 4342/4504
f 4373/4522 4371/4508 4370/4507 4372/4521
f 4374/4524 4361/4509 4371/4508 4373/4522
f 4375/4526 4362/4510 4361/4509 4374/4524
f 4376/4512 4365/4511 4362/4510 4375/4526
f 4377/4535 4364/4536 4365/4511 4376/4512
f 4344/4514 4381/4523 4343/4513 4378/4515
f 4379/4517 4345/4516 4344/4514 4378/4515
f 4380/4520 4346/4519 4345/4516 4379/4517
f 1146/4292 1108/4518 4346/4519 4380/4520
f 4381/4523 4373/4522 4372/4521 4343/4513
f 4382/4525 4374/4524 4373/4522 4381/4523
f 4383/4527 4375/4526 4374/4524 4382/4525
f 4384/4530 4376/4512 4375/4526 4383/4527
f 4247/5050 4089/4528 4074/5046 4390/5045
f 4448/4624 6239/6978 6238/6975 4449/5044
f 4431/4594 4411/4555 4410/4596 4432/4597
f 4120/4532 4395/4573 4351/4575 4350/4529
f 4418/4466 4384/4530 4352/4531 4416/4572
f 4114/4574 4395/4573 4120/4532 5909/4533
f 6096/6499 6099/6497 6100/6486 6097/4708
f 5898/6485 6100/6486 6099/6497 5913/6496
f 4115/4534 4396/4539 4377/4535 4414/6491
f 4124/6756 4115/4534 4414/6491 5912/6771
f 4396/4539 4363/4538 4364/4536 4377/4535
f 4360/4537 4363/4538 4396/4539 6112/4465
f 4359/4540 4360/4541 6112/4464 6122/6800
f 4117/4576 4356/4482 4358/4542 4397/6799
f 888/4568 1165/1016 4398/4543 4134/4569
f 4134/4569 4398/4543 4399/4544 4133/4565
f 4133/4565 4399/4544 4400/4545 4132/4563
f 4132/4563 4400/4545 4401/4546 4131/4561
f 4131/4561 4401/4546 4402/4547 4130/4559
f 4403/4505 4385/4557 4130/4559 4402/4547
f 4404/4548 4386/4554 4385/4556 4403/4290
f 4405/4553 4394/4571 4386/4554 4404/4548
f 4406/4550 4391/4549 4424/4601 4423/4582
f 4407/4552 4387/4551 4391/4549 4406/4550
f 1176/4294 1179/4262 4387/4551 4407/4552
f 4340/4483 4080/4579 4408/4584 4405/4553
f 4409/4583 4394/4571 4405/4553 4408/4584
f 4386/4554 4394/4571 4410/4596 4411/4555
f 4385/4556 4386/4554 4411/4555 4412/4285
f 4129/4560 4130/4559 4385/4557 4412/4558
f 4128/4562 4131/4561 4130/4559 4129/4560
f 4127/4564 4132/4563 4131/4561 4128/4562
f 4126/4566 4133/4565 4132/4563 4127/4564
f 4125/4570 4134/4569 4133/4565 4126/4566
f 877/4567 888/4568 4134/4569 4125/4570
f 4394/4571 4409/4583 4413/4600 4410/4596
f 4414/6491 4377/4535 4418/4466 4417/6492
f 4416/4572 4395/4573 4114/4574 4415/6501
f 4351/4575 4395/4573 4416/4572 4352/4531
f 4117/4576 4397/6799 4111/6801 4419/4577
f 4420/4581 4355/4580 4117/4576 4419/4577
f 4421/4578 4080/4579 4355/4580 4420/4581
f 4080/4579 4421/4578 4422/4585 4408/4584
f 4423/4582 4409/4583 4408/4584 4422/4585
f 4424/4601 4413/4600 4409/4583 4423/4582
f 893/4586 1195/1052 4425/4587 4138/6989
f 4138/6989 4425/4587 4426/4588 4139/6987
f 4139/6987 4426/4588 4427/4589 4140/6985
f 4140/6985 4427/4589 4428/4590 4141/6983
f 4141/6983 4428/4590 4429/4591 4142/6981
f 4142/6981 4429/4591 4430/4289 4135/4592
f 4135/4593 4430/4284 4431/4594 4136/6979
f 4136/6979 4431/4594 4432/4597 4137/6977
f 4433/4604 4393/6976 4137/6977 4436/4603
f 4434/4607 4389/6991 4393/6976 4433/4604
f 1206/4606 892/4595 4389/6991 4434/4607
f 4435/4599 4432/4597 4410/4596 4413/4600
f 4436/4603 4137/6977 4432/4597 4435/4599
f 4437/4598 4435/4599 4413/4600 4424/4601
f 4438/4602 4436/4603 4435/4599 4437/4598
f 4439/4605 4433/4604 4436/4603 4438/4602
f 4440/4608 4434/4607 4433/4604 4439/4605
f 1213/4288 1206/4606 4434/4607 4440/4608
f 1214/1072 4441/4609 4075/4610 1608/4611
f 4075/4610 4441/4609 4442/4612 4076/4613
f 4076/4613 4442/4612 4443/4614 4077/4615
f 4077/4615 4443/4614 4444/4616 4078/4617
f 4078/4617 4444/4616 4445/4618 4079/4619
f 4079/4619 4445/4618 4446/4300 4071/4620
f 4071/4621 4446/4295 4447/4622 4072/4623
f 4072/4623 4447/4622 4448/4624 4073/4625
f 4073/4625 4448/4624 4449/5044 4074/5046
f 1614/4626 812/4627 4832/5048 4831/5047
f 4499/5548 4483/4650 4498/4665 4500/5576
f 4500/5576 4498/4665 4497/4664 4501/5574
f 4501/5574 4497/4664 4496/4663 4502/5572
f 4502/5572 4496/4663 4495/4662 4503/5570
f 4503/5570 4495/4662 4494/4661 4504/5568
f 4504/5568 4494/4661 4493/4660 4505/5566
f 4505/5566 4493/4660 4492/4659 4506/5564
f 4506/5564 4492/4659 4491/4658 4507/5562
f 4507/5562 4491/4658 4490/4657 4508/5560
f 4508/5560 4490/4657 4489/4656 4509/5558
f 4509/5558 4489/4656 4488/4655 4510/5556
f 4510/5556 4488/4655 4487/4654 4511/5554
f 4511/5554 4487/4654 4486/4653 4512/5552
f 4512/5552 4486/4653 4485/4652 4513/5550
f 4513/5550 4485/4652 4484/4628 4514/4629
f 4514/4630 4484/4631 4483/4650 4499/5548
f 4367/4648 4467/5609 4468/5579 4366/4632
f 4366/4632 4468/5579 4469/5581 4368/4633
f 4368/4633 4469/5581 4470/5583 4357/4634
f 4357/4634 4470/5583 4471/5585 4356/4635
f 4356/4635 4471/5585 4472/5587 4358/4636
f 4358/4636 4472/5587 4473/5589 4359/4637
f 4359/4637 4473/5589 4474/5591 4360/4638
f 4360/4638 4474/5591 4475/5593 4363/4639
f 4363/4639 4475/5593 4476/5595 4364/4640
f 4364/4640 4476/5595 4477/5597 4365/4641
f 4365/4641 4477/5597 4478/5599 4362/4642
f 4362/4642 4478/5599 4479/5601 4361/4643
f 4361/4643 4479/5601 4480/5603 4371/4644
f 4371/4644 4480/5603 4481/5605 4370/4645
f 4370/4645 4481/5605 4482/5606 4369/4646
f 4369/4647 4482/5607 4467/5609 4367/4648
f 4484/4631 4516/4649 4515/5547 4483/4650
f 4485/4652 4517/5545 4516/4651 4484/4628
f 4486/4653 4518/5543 4517/5545 4485/4652
f 4487/4654 4519/5541 4518/5543 4486/4653
f 4488/4655 4520/5539 4519/5541 4487/4654
f 4489/4656 4521/5537 4520/5539 4488/4655
f 4490/4657 4522/5535 4521/5537 4489/4656
f 4491/4658 4523/5533 4522/5535 4490/4657
f 4492/4659 4524/5531 4523/5533 4491/4658
f 4493/4660 4525/5529 4524/5531 4492/4659
f 4494/4661 4526/5527 4525/5529 4493/4660
f 4495/4662 4527/5525 4526/5527 4494/4661
f 4496/4663 4528/5523 4527/5525 4495/4662
f 4497/4664 4529/5521 4528/5523 4496/4663
f 4498/4665 4530/5519 4529/5521 4497/4664
f 4483/4650 4515/5547 4530/5519 4498/4665
f 4531/4690 5190/5549 5205/5577 4532/4674
f 4532/4674 5205/5577 5204/5575 4533/4675
f 4533/4675 5204/5575 5203/5573 4534/4676
f 4534/4676 5203/5573 5202/5571 4535/4677
f 4535/4677 5202/5571 5201/5569 4536/4678
f 4536/4678 5201/5569 5200/5567 4537/4679
f 4537/4679 5200/5567 5199/5565 4538/4680
f 4538/4680 5199/5565 5198/5563 4539/4681
f 4539/4681 5198/5563 5197/5561 4540/4682
f 4540/4682 5197/5561 5196/5559 4541/4683
f 4541/4683 5196/5559 5195/5557 4542/4684
f 4542/4684 5195/5557 5194/5555 4543/4685
f 4543/4685 5194/5555 5193/5553 4544/4686
f 4544/4686 5193/5553 5192/5551 4545/4687
f 4545/4687 5192/5551 5191/4666 4546/4667
f 4546/4668 5191/4669 5190/5549 4531/4690
f 5189/4670 4548/4671 4547/4692 5174/5546
f 5188/5544 4549/4694 4548/4672 5189/4673
f 5187/5542 4550/4695 4549/4694 5188/5544
f 5186/5540 4551/4696 4550/4695 5187/5542
f 5185/5538 4552/4697 4551/4696 5186/5540
f 5184/5536 4553/4698 4552/4697 5185/5538
f 5183/5534 4554/4699 4553/4698 5184/5536
f 5182/5532 4555/4700 4554/4699 5183/5534
f 5181/5530 4556/4701 4555/4700 5182/5532
f 5180/5528 4557/4702 4556/4701 5181/5530
f 5179/5526 4558/4703 4557/4702 5180/5528
f 5178/5524 4559/4704 4558/4703 5179/5526
f 5177/5522 4560/4705 4559/4704 5178/5524
f 5176/5520 4561/4706 4560/4705 5177/5522
f 5175/5518 4562/4707 4561/4706 5176/5520
f 5174/5546 4547/4692 4562/4707 5175/5518
f 5206/5608 4531/4690 4532/4674 5207/5578
f 5207/5578 4532/4674 4533/4675 5208/5580
f 5208/5580 4533/4675 4534/4676 5209/5582
f 5209/5582 4534/4676 4535/4677 5210/5584
f 5210/5584 4535/4677 4536/4678 5211/5586
f 5211/5586 4536/4678 4537/4679 5212/5588
f 5212/5588 4537/4679 4538/4680 5213/5590
f 5213/5590 4538/4680 4539/4681 5214/5592
f 5214/5592 4539/4681 4540/4682 5215/5594
f 5215/5594 4540/4682 4541/4683 5216/5596
f 5216/5596 4541/4683 4542/4684 5217/5598
f 5217/5598 4542/4684 4543/4685 5218/5600
f 5218/5600 4543/4685 4544/4686 5219/5602
f 5219/5602 4544/4686 4545/4687 5220/5604
f 5220/5604 4545/4687 4546/4667 5221/4688
f 5221/4689 4546/4668 4531/4690 5206/5608
f 4548/4671 5159/4691 5158/5489 4547/4692
f 4549/4694 5160/5491 5159/4693 4548/4672
f 4550/4695 5161/5493 5160/5491 4549/4694
f 4551/4696 5162/5495 5161/5493 4550/4695
f 4552/4697 5163/5497 5162/5495 4551/4696
f 4553/4698 5164/5499 5163/5497 4552/4697
f 4554/4699 5165/5501 5164/5499 4553/4698
f 4555/4700 5166/5503 5165/5501 4554/4699
f 4556/4701 5167/5505 5166/5503 4555/4700
f 4557/4702 5168/5507 5167/5505 4556/4701
f 4558/4703 5169/5509 5168/5507 4557/4702
f 4559/4704 5170/5511 5169/5509 4558/4703
f 4560/4705 5171/5513 5170/5511 4559/4704
f 4561/4706 5172/5515 5171/5513 4560/4705
f 4562/4707 5173/5517 5172/5515 4561/4706
f 4547/4692 5158/5489 5173/5517 4562/4707
f 6097/4708 6100/6486 6101/6482 5907/6762
f 6094/6761 6097/4708 5907/6762 5906/4709
f 3923/6760 4563/6759 6107/6778 6106/6776
f 3921/6807 4564/6809 4565/4710 3922/4711
f 3922/4711 4565/4710 1342/4159 631/4712
f 4315/4713 4792/4714 4791/4715 4314/4716
f 4313/6622 4314/4716 4791/4715 4790/4755
f 4317/6645 4794/4758 4793/4717 4316/4718
f 4572/4824 4681/5022 4566/5026 4577/4811
f 4649/4793 4576/4719 4570/4720 4650/4721
f 4664/4810 4571/4754 4576/4719 4649/4793
f 4569/5018 4574/4722 4573/4794 4680/5019
f 4568/5015 4680/5019 4573/4794 4578/4797
f 4651/4795 4575/4723 4567/4724 4652/4796
f 4650/4725 4570/4726 4575/4723 4651/4795
f 4584/4727 4658/4800 4657/4803 4591/4728
f 4591/4728 4657/4803 4656/4799 4581/4729
f 4585/4802 4598/4735 4580/4736 4597/4798
f 4592/4801 4582/4732 4598/4735 4585/4802
f 4583/4740 4660/4807 4659/4805 4593/4730
f 4593/4730 4659/4805 4658/4800 4584/4727
f 4586/4804 4599/4731 4582/4732 4592/4801
f 4600/4806 4579/4742 4599/4731 4586/4804
f 4579/4742 4602/4741 4587/4733 4599/4731
f 4599/4731 4587/4733 4594/4734 4582/4732
f 4587/4733 4732/4860 4715/4861 4594/4734
f 4602/4741 4731/4859 4732/4860 4587/4733
f 4582/4732 4594/4734 4588/4737 4598/4735
f 4598/4735 4588/4737 4601/4863 4580/4736
f 4588/4737 4716/4850 4717/4851 4601/4863
f 4594/4734 4715/4861 4716/4850 4588/4737
f 4581/4729 4656/4799 4655/4865 4595/4738
f 4597/4798 4580/4736 4601/4863 4589/4862
f 4728/4856 4729/4857 4661/4808 4596/4739
f 4596/4739 4661/4808 4660/4807 4583/4740
f 4590/4809 4602/4741 4579/4742 4600/4806
f 4590/4809 4730/4858 4731/4859 4602/4741
f 4612/5035 4611/4952 4603/5032 4830/5036
f 4613/4951 4816/4964 4815/4743 4614/4963
f 4653/4829 4606/4828 4617/4744 4654/4948
f 4615/4950 4604/5034 4605/4826 4616/4949
f 4609/4745 4608/4746 4663/4847 4662/4954
f 4610/4953 4607/4849 4603/5032 4611/4952
f 4776/4747 4758/4884 4759/4883 4777/4925
f 4778/4927 4760/4886 4761/4888 4779/4929
f 4779/4929 4761/4888 4762/4890 4780/4931
f 4780/4931 4762/4890 4763/4892 4781/4933
f 4781/4933 4763/4892 4764/4894 4782/4935
f 4782/4935 4764/4894 4765/4896 4783/4937
f 4783/4937 4765/4896 4766/4898 4784/4939
f 4785/4942 4767/4900 4768/4899 4786/4748
f 7133/8220 7134/8219 4734/4882 4733/4749
f 7135/8216 7136/8214 4736/4887 4735/4885
f 7136/8214 7137/8212 4737/4889 4736/4887
f 7137/8212 7138/8210 4738/4891 4737/4889
f 7138/8210 7139/8208 4739/4893 4738/4891
f 7139/8208 7140/8206 4740/4895 4739/4893
f 7140/8206 7141/8204 4741/4897 4740/4895
f 7142/8199 7143/8202 4743/4750 4742/4751
f 4652/4796 4567/4724 4665/4752 4679/4999
f 4673/4753 4571/4754 4664/4810 4674/4982
f 4568/5015 4578/4797 4678/5001 4677/5016
f 4675/4980 4577/4811 4566/5026 4676/5025
f 4313/6622 4790/4755 4789/4756 4312/6632
f 4317/6645 4318/6647 4795/4757 4794/4758
f 4620/4765 4623/4769 4622/4771 4621/4766
f 4624/4775 4625/4767 4621/4766 4622/4771
f 4626/4764 4627/4773 4623/4769 4620/4765
f 4624/4775 4619/4781 4618/4768 4625/4767
f 7144/8197 7145/8233 4745/4759 4744/4901
f 7145/8233 7146/8231 4746/4760 4745/4759
f 7146/8231 7147/8229 4747/4761 4746/4760
f 7147/8229 7148/8227 4748/4762 4747/4761
f 7148/8227 7149/8223 4749/4763 4748/4762
f 7149/8223 7150/8226 4750/4908 4749/4763
f 4629/4947 4636/4832 4635/4834 4628/4961
f 4628/4961 4635/4834 4637/4836 4630/4960
f 4630/4960 4637/4836 4638/4838 4631/4959
f 4639/4840 4632/4958 4631/4959 4638/4838
f 4640/4842 4633/4957 4632/4958 4639/4840
f 4641/4844 4634/4956 4633/4957 4640/4842
f 4666/4996 4627/4773 4626/4764 4667/4995
f 4667/4995 4626/4764 4620/4765 4668/4993
f 4668/4993 4620/4765 4621/4766 4669/4991
f 4625/4767 4670/4989 4669/4991 4621/4766
f 4618/4768 4671/4987 4670/4989 4625/4767
f 4619/4781 4672/4985 4671/4987 4618/4768
f 4769/4945 4751/4902 4752/4904 4770/4912
f 4770/4912 4752/4904 4753/4905 4771/4914
f 4771/4914 4753/4905 4754/4906 4772/4916
f 4772/4916 4754/4906 4755/4907 4773/4918
f 4773/4918 4755/4907 4756/4910 4774/4920
f 4774/4920 4756/4910 4757/4909 4775/4921
f 4570/4772 4622/4771 4623/4769 4575/4770
f 4576/4776 4624/4775 4622/4771 4570/4772
f 4575/4770 4623/4769 4627/4773 4567/4774
f 4571/4782 4619/4781 4624/4775 4576/4776
f 7143/8198 7144/8197 4744/4901 4743/4777
f 4606/4833 4636/4832 4629/4947 4617/4778
f 4609/4955 4634/4956 4641/4844 4608/4779
f 4567/4774 4627/4773 4666/4996 4665/4780
f 4672/4985 4619/4781 4571/4782 4673/4783
f 7150/8226 7133/8222 4733/4784 4750/4908
f 4786/4785 4768/4903 4751/4902 4769/4945
f 4775/4921 4757/4909 4758/4881 4776/4786
f 4595/4867 4643/4868 4642/4870 4581/4787
f 4581/4787 4642/4870 4644/4872 4591/4788
f 4591/4788 4644/4872 4645/4874 4584/4789
f 4584/4789 4645/4874 4646/4876 4593/4790
f 4593/4790 4646/4876 4647/4879 4583/4791
f 4583/4791 4647/4879 4648/4878 4596/4792
f 4727/4854 4728/4855 4596/4792 4648/4878
f 4577/4811 4664/4810 4649/4793 4572/4824
f 4572/4824 4649/4793 4650/4721 4574/4825
f 4574/4722 4650/4725 4651/4795 4573/4794
f 4573/4794 4651/4795 4652/4796 4578/4797
f 4678/5001 4578/4797 4652/4796 4679/4999
f 4616/4949 4605/4826 4653/4829 4654/4948
f 7141/8204 7142/8199 4742/4751 4741/4897
f 4784/4939 4766/4898 4767/4900 4785/4942
f 4656/4799 4597/4798 4589/4862 4655/4865
f 4657/4803 4585/4802 4597/4798 4656/4799
f 4658/4800 4592/4801 4585/4802 4657/4803
f 4659/4805 4586/4804 4592/4801 4658/4800
f 4660/4807 4600/4806 4586/4804 4659/4805
f 4661/4808 4590/4809 4600/4806 4660/4807
f 4661/4808 4729/4857 4730/4858 4590/4809
f 4777/4925 4759/4883 4760/4886 4778/4927
f 7134/8219 7135/8216 4735/4885 4734/4882
f 4663/4847 4607/4849 4610/4953 4662/4954
f 4664/4810 4577/4811 4675/4980 4674/4982
f 4809/4997 4686/4831 4685/4812 4810/4813
f 4686/4831 4809/4997 4808/4994 4687/4835
f 4687/4835 4808/4994 4807/4992 4688/4837
f 4688/4837 4807/4992 4806/4990 4689/4839
f 4805/4988 4690/4841 4689/4839 4806/4990
f 4804/4986 4691/4843 4690/4841 4805/4988
f 4803/4984 4692/4845 4691/4843 4804/4986
f 4692/4845 4803/4984 4802/4814 4693/4815
f 4693/4816 4802/4817 4801/4983 4694/4846
f 4800/4981 4695/4848 4694/4846 4801/4983
f 4695/4848 4800/4981 4799/5030 4696/5029
f 4319/6649 4320/6651 4796/4818 4798/4819
f 4788/4820 4326/6628 4327/6630 4814/4821
f 4812/5000 4683/4827 4682/5011 4813/5010
f 4683/4827 4812/5000 4811/4998 4684/4830
f 4810/4822 4685/4823 4684/4830 4811/4998
f 4792/4714 4315/4713 4316/4718 4793/4717
f 4572/4824 4574/4825 4569/5021 4681/5022
f 4787/5002 4325/6626 4326/6628 4788/4820
f 4683/4827 4605/4826 4604/5034 4682/5011
f 4605/4826 4683/4827 4684/4830 4653/4829
f 4685/4823 4606/4828 4653/4829 4684/4830
f 4686/4831 4636/4832 4606/4833 4685/4812
f 4636/4832 4686/4831 4687/4835 4635/4834
f 4635/4834 4687/4835 4688/4837 4637/4836
f 4637/4836 4688/4837 4689/4839 4638/4838
f 4690/4841 4639/4840 4638/4838 4689/4839
f 4691/4843 4640/4842 4639/4840 4690/4841
f 4692/4845 4641/4844 4640/4842 4691/4843
f 4608/4779 4641/4844 4692/4845 4693/4815
f 4608/4746 4693/4816 4694/4846 4663/4847
f 4695/4848 4607/4849 4663/4847 4694/4846
f 4603/5032 4607/4849 4695/4848 4696/5029
f 4320/6651 4321/6653 4797/5009 4796/4818
f 4715/4861 4697/4934 4698/4936 4716/4850
f 4716/4850 4698/4936 4699/4938 4717/4851
f 4717/4851 4699/4938 4700/4940 4718/4864
f 4718/4864 4700/4940 4701/4941 4719/4866
f 4702/4943 4720/4852 4719/4866 4701/4941
f 4703/4946 4721/4869 4720/4853 4702/4944
f 4721/4869 4703/4946 4704/4911 4722/4871
f 4722/4871 4704/4911 4705/4913 4723/4873
f 4723/4873 4705/4913 4706/4915 4724/4875
f 4707/4917 4725/4877 4724/4875 4706/4915
f 4708/4919 4726/4880 4725/4877 4707/4917
f 4709/4922 4727/4854 4726/4880 4708/4919
f 4727/4854 4709/4922 4710/4923 4728/4855
f 4728/4856 4710/4924 4711/4926 4729/4857
f 4712/4928 4730/4858 4729/4857 4711/4926
f 4730/4858 4712/4928 4713/4930 4731/4859
f 4731/4859 4713/4930 4714/4932 4732/4860
f 4732/4860 4714/4932 4697/4934 4715/4861
f 4589/4862 4601/4863 4717/4851 4718/4864
f 4655/4865 4589/4862 4718/4864 4719/4866
f 4595/4738 4655/4865 4719/4866 4720/4852
f 4721/4869 4643/4868 4595/4867 4720/4853
f 4642/4870 4643/4868 4721/4869 4722/4871
f 4644/4872 4642/4870 4722/4871 4723/4873
f 4645/4874 4644/4872 4723/4873 4724/4875
f 4646/4876 4645/4874 4724/4875 4725/4877
f 4647/4879 4646/4876 4725/4877 4726/4880
f 4727/4854 4648/4878 4647/4879 4726/4880
f 4750/4908 4733/4784 4758/4881 4757/4909
f 4734/4882 4759/4883 4758/4884 4733/4749
f 4735/4885 4760/4886 4759/4883 4734/4882
f 4736/4887 4761/4888 4760/4886 4735/4885
f 4737/4889 4762/4890 4761/4888 4736/4887
f 4738/4891 4763/4892 4762/4890 4737/4889
f 4739/4893 4764/4894 4763/4892 4738/4891
f 4740/4895 4765/4896 4764/4894 4739/4893
f 4741/4897 4766/4898 4765/4896 4740/4895
f 4766/4898 4741/4897 4742/4751 4767/4900
f 4743/4750 4768/4899 4767/4900 4742/4751
f 4744/4901 4751/4902 4768/4903 4743/4777
f 4751/4902 4744/4901 4745/4759 4752/4904
f 4752/4904 4745/4759 4746/4760 4753/4905
f 4753/4905 4746/4760 4747/4761 4754/4906
f 4754/4906 4747/4761 4748/4762 4755/4907
f 4755/4907 4748/4762 4749/4763 4756/4910
f 4750/4908 4757/4909 4756/4910 4749/4763
f 4703/4946 4769/4945 4770/4912 4704/4911
f 4704/4911 4770/4912 4771/4914 4705/4913
f 4705/4913 4771/4914 4772/4916 4706/4915
f 4706/4915 4772/4916 4773/4918 4707/4917
f 4707/4917 4773/4918 4774/4920 4708/4919
f 4708/4919 4774/4920 4775/4921 4709/4922
f 4709/4922 4775/4921 4776/4786 4710/4923
f 4710/4924 4776/4747 4777/4925 4711/4926
f 4711/4926 4777/4925 4778/4927 4712/4928
f 4712/4928 4778/4927 4779/4929 4713/4930
f 4713/4930 4779/4929 4780/4931 4714/4932
f 4714/4932 4780/4931 4781/4933 4697/4934
f 4697/4934 4781/4933 4782/4935 4698/4936
f 4698/4936 4782/4935 4783/4937 4699/4938
f 4699/4938 4783/4937 4784/4939 4700/4940
f 4700/4940 4784/4939 4785/4942 4701/4941
f 4701/4941 4785/4942 4786/4748 4702/4943
f 4702/4944 4786/4785 4769/4945 4703/4946
f 4628/4961 7169/8234 7170/8196 4629/4947
f 4629/4947 7170/8196 7171/8195 4617/4778
f 4617/4744 7171/8201 7172/8200 4654/4948
f 4654/4948 7172/8200 7173/8203 4616/4949
f 4616/4949 7173/8203 7174/8205 4615/4950
f 4615/4950 7174/8205 7175/8207 4614/4963
f 4614/4963 7175/8207 7176/8209 4613/4951
f 4613/4951 7176/8209 7177/8211 4612/5035
f 4612/5035 7177/8211 7178/8213 4611/4952
f 4611/4952 7178/8213 7179/8215 4610/4953
f 4610/4953 7179/8215 7180/8218 4662/4954
f 4662/4954 7180/8218 7181/8217 4609/4745
f 4634/4956 4609/4955 7181/8221 7182/8225
f 4634/4956 7182/8225 7183/8224 4633/4957
f 4633/4957 7183/8224 7184/8228 4632/4958
f 4632/4958 7184/8228 7185/8230 4631/4959
f 4631/4959 7185/8230 7186/8232 4630/4960
f 4630/4960 7186/8232 7169/8234 4628/4961
f 4787/4962 4818/5033 4614/4963 4815/4743
f 4612/5035 4817/5038 4816/4964 4613/4951
f 4818/5033 4787/4962 4788/4965 4819/5012
f 4819/5012 4788/4965 4814/4966 4820/5013
f 4790/4967 4822/5014 4821/5017 4789/4968
f 4791/4971 4823/5020 4822/5014 4790/4967
f 4792/4969 4824/4970 4823/5020 4791/4971
f 4824/4972 4792/4973 4793/4974 4825/5023
f 4794/4976 4826/5027 4825/5023 4793/4974
f 4795/4975 4827/5024 4826/5027 4794/4976
f 4796/4977 4829/5028 4828/5031 4798/4978
f 4797/5037 4830/5036 4829/5028 4796/4977
f 4318/6647 4319/6648 4798/4979 4795/4757
f 4827/5024 4795/4975 4798/4978 4828/5031
f 4800/4981 4675/4980 4676/5025 4799/5030
f 4675/4980 4800/4981 4801/4983 4674/4982
f 4802/4817 4673/4753 4674/4982 4801/4983
f 4803/4984 4672/4985 4673/4783 4802/4814
f 4672/4985 4803/4984 4804/4986 4671/4987
f 4671/4987 4804/4986 4805/4988 4670/4989
f 4670/4989 4805/4988 4806/4990 4669/4991
f 4807/4992 4668/4993 4669/4991 4806/4990
f 4808/4994 4667/4995 4668/4993 4807/4992
f 4809/4997 4666/4996 4667/4995 4808/4994
f 4666/4996 4809/4997 4810/4813 4665/4780
f 4665/4752 4810/4822 4811/4998 4679/4999
f 4812/5000 4678/5001 4679/4999 4811/4998
f 4678/5001 4812/5000 4813/5010 4677/5016
f 4820/5013 4814/4966 4789/4968 4821/5017
f 4327/6630 4312/6632 4789/4756 4814/4821
f 4325/6626 4787/5002 4815/5004 4324/5003
f 4816/5006 4323/5005 4324/5003 4815/5004
f 4817/5008 4322/5007 4323/5005 4816/5006
f 4321/6653 4322/5007 4817/5008 4797/5009
f 4682/5011 4604/5034 4818/5033 4819/5012
f 4813/5010 4682/5011 4819/5012 4820/5013
f 4677/5016 4813/5010 4820/5013 4821/5017
f 4822/5014 4568/5015 4677/5016 4821/5017
f 4823/5020 4680/5019 4568/5015 4822/5014
f 4824/4970 4569/5018 4680/5019 4823/5020
f 4681/5022 4569/5021 4824/4972 4825/5023
f 4826/5027 4566/5026 4681/5022 4825/5023
f 4827/5024 4676/5025 4566/5026 4826/5027
f 4799/5030 4676/5025 4827/5024 4828/5031
f 4829/5028 4696/5029 4799/5030 4828/5031
f 4830/5036 4603/5032 4696/5029 4829/5028
f 4818/5033 4604/5034 4615/4950 4614/4963
f 4612/5035 4830/5036 4797/5037 4817/5038
f 1608/4611 4075/4610 4088/5040 1609/5039
f 1609/5039 4088/5040 4231/5042 1611/5041
f 1611/5041 4231/5042 4244/4403 1613/4386
f 1225/4298 1614/4626 4831/5047 4450/5043
f 4450/5043 4831/5047 4074/5046 4449/5044
f 4390/5045 4074/5046 4831/5047 4832/5048
f 4833/5049 4247/5050 4390/5045 4832/5048
f 4834/5051 4246/5052 4247/5050 4833/5049
f 4246/5052 4834/5051 4835/5053 4245/5054
f 4245/5054 4835/5053 4836/5062 4240/5063
f 4837/5055 4239/5056 4841/5064 4840/5061
f 4227/5057 4197/5058 4224/4378 4099/4366
f 4838/5059 4238/4396 4090/4380 4839/5060
f 4239/5056 4837/5055 4838/5059 4839/5060
f 4840/5061 4836/5062 976/1508 1628/4398
f 4841/5064 4240/5063 4836/5062 4840/5061
f 4842/5066 4218/5065 4240/5063 4841/5064
f 4226/4376 4102/4367 4218/5065 4842/5066
f 3932/6478 4070/6477 4843/5093 3933/5067
f 3933/5067 4843/5093 6110/5094 6109/5068
f 3931/4255 3926/6484 637/5069 1630/1523
f 3964/6934 3470/7132 3367/7134 4844/5076
f 3965/6850 3454/7138 3446/7140 6172/6857
f 3966/5087 3438/7144 3422/7146 3971/7072
f 3378/7128 3479/7127 6308/7100 3978/7071
f 3423/7149 3380/7150 3979/7042 6294/7073
f 3986/5078 3329/7171 3327/7173 6293/7070
f 3339/7153 3414/7154 3987/5085 6279/7043
f 3333/7167 3331/7169 3994/5080 4845/5082
f 3994/5080 3331/7169 3329/7171 3986/5078
f 3987/5085 3414/7154 3406/7158 3996/5084
f 3398/7160 3390/7164 3995/6852 6173/6859
f 3367/7134 3462/7136 6167/6851 4844/5076
f 3335/7163 3333/7167 4845/5082 6168/6853
f 3369/7142 3438/7144 3966/5087 4846/6856
f 3996/5084 3406/7158 3337/7157 4847/6858
f 4867/6929 4866/5081 4848/5070 4874/5089
f 4874/5089 4848/5070 6058/6715 6057/6717
f 6058/6715 4848/5070 4849/5071 6059/6719
f 6059/6719 4849/5071 6291/7069 6290/7065
f 6060/7064 4850/7068 6306/7099 6305/7095
f 6061/7094 4851/7098 4852/5072 6062/6721
f 3959/7193 6063/7197 6062/6721 4852/5072
f 6165/7194 3959/7193 4861/5077 6166/6849
f 6170/7189 3960/7190 4860/6848 6171/6854
f 6190/7078 3972/7077 3962/5073 6191/6884
f 6189/7048 3980/7047 6298/7076 6297/7079
f 6188/6878 3988/5074 6283/7046 6282/7049
f 6187/6877 3997/5075 3988/5074 6188/6878
f 6186/6876 4004/6886 3997/5075 6187/6877
f 3966/5087 4858/5088 4859/6855 4846/6856
f 4860/6848 3965/6850 6172/6857 6171/6854
f 4844/5076 6167/6851 6166/6849 4861/5077
f 3964/6934 4844/5076 4861/5077 4862/6935
f 3978/7071 6308/7100 6307/7096 4864/7067
f 4865/5079 3986/5078 6293/7070 6292/7066
f 4866/5081 3994/5080 3986/5078 4865/5079
f 4867/6929 4845/5082 3994/5080 4866/5081
f 6168/6853 4845/5082 4867/6929 6169/6888
f 6173/6859 3995/6852 4868/6887 6174/6874
f 4870/5083 3996/5084 4847/6858 4869/6873
f 3987/5085 3996/5084 4870/5083 4871/5086
f 6279/7043 3987/5085 4871/5086 6280/7045
f 6294/7073 3979/7042 4872/7044 6295/7075
f 3966/5087 3971/7072 4873/7074 4858/5088
f 4874/5089 6057/6717 6056/7201 4875/7200
f 6212/6923 4021/5090 4921/5136 6213/6925
f 6211/6921 4032/5091 4021/5090 6212/6923
f 6210/6919 4043/4228 4032/5091 6211/6921
f 4070/6477 4880/6480 4881/5092 4843/5093
f 4843/5093 4881/5092 6111/4160 6110/5094
f 3999/5105 4882/5104 4883/5095 4000/5096
f 4000/5096 4883/5095 4884/5097 4001/5098
f 4001/5098 4884/5097 4885/6743 4002/5099
f 6081/6742 1674/5116 734/5100 6089/5101
f 6055/6739 4886/6931 6371/7199 6370/7202
f 6174/6874 4868/6887 6184/7205 6185/7209
f 4004/6886 4888/6885 4889/4202 4005/5102
f 4005/5103 4889/4203 4882/5104 3999/5105
f 4019/5112 4979/5218 4978/5221 4906/5122
f 4030/5113 4980/5222 4979/5218 4019/5112
f 4041/5114 4981/5224 4980/5222 4030/5113
f 4052/5195 4982/5226 4981/5224 4041/5114
f 4965/5196 4940/5162 4984/5232 4983/5229
f 4066/5161 4985/5106 4984/5232 4940/5162
f 4985/5107 4066/5108 4949/5170 4986/5235
f 4042/5109 4989/5240 4988/5238 4053/5200
f 4031/5110 4990/5242 4989/5240 4042/5109
f 4020/5111 4991/5244 4990/5242 4031/5110
f 4991/5244 4020/5111 4919/5134 4992/5247
f 4891/6899 4019/5112 4906/5122 4905/6897
f 4892/6901 4030/5113 4019/5112 4891/6899
f 4893/6903 4041/5114 4030/5113 4892/6901
f 4894/6905 4052/5195 4041/5114 4893/6903
f 2923/5115 1674/5116 6081/6742 6090/6755
f 4895/6754 4890/6895 4896/5123 4953/5180
f 4919/5134 4020/5111 4877/6924 4920/6926
f 744/5117 1789/5118 4993/5249 4897/5135
f 4976/5215 4953/5180 4896/5123 4977/5217
f 4006/6733 4901/5142 4902/5119 4007/6731
f 4007/6731 4902/5119 4903/5120 4008/6729
f 4008/6729 4903/5120 4904/5121 4009/6741
f 4009/6741 4904/5121 6199/6898 6198/6896
f 4906/5122 4896/5123 4890/6895 4905/6897
f 4977/5217 4896/5123 4906/5122 4978/5221
f 4898/5124 4907/4106 4927/5146 4926/5266
f 3860/5260 4908/5145 4909/5125 3858/5259
f 3858/5259 4909/5125 4910/5126 3855/5258
f 3855/5258 4910/5126 4911/5127 3854/5257
f 3854/5257 4911/5127 4912/5128 3873/5256
f 3873/5256 4912/5128 4913/5129 3871/5255
f 3871/5255 4913/5129 4914/5130 3869/5254
f 3869/5254 4914/5130 4915/5131 3866/5253
f 3866/5253 4915/5131 4916/5132 3865/5192
f 4917/5133 4899/5193 3865/5192 4916/5132
f 4899/5193 4917/5133 4918/4109 4900/5264
f 4992/5247 4919/5134 4897/5135 4993/5249
f 4897/5135 4919/5134 4920/6926 4876/6928
f 4921/5136 4010/6893 6214/6927 6213/6925
f 4010/6893 4921/5136 4922/5137 4011/6894
f 4011/6894 4922/5137 4923/5138 4012/6737
f 4012/6737 4923/5138 4924/5139 4013/6735
f 4013/6735 4924/5139 4925/4205 4014/5140
f 4014/5141 4925/4206 4901/5142 4006/6733
f 4927/5146 4908/5145 3860/5260 4926/5266
f 4928/5143 3861/5144 4908/5145 4927/5146
f 3861/5144 4928/5143 4929/5147 3878/5148
f 3878/5148 4929/5147 4930/5149 3890/5150
f 3890/5150 4930/5149 4931/5198 3902/5151
f 4967/5197 4942/5153 4943/5156 3914/5152
f 4932/5154 4933/5157 4943/5156 4942/5153
f 4946/5212 4933/5157 4932/5154 4947/5155
f 4933/5157 4934/5177 4944/5167 4943/5156
f 4945/5160 4934/5177 4933/5157 4946/5212
f 4944/5167 4934/5177 3919/5176 3912/5158
f 3915/5169 3917/4145 3918/5159 4945/5160
f 4066/5161 4940/5162 4939/6910 4935/6909
f 4066/5108 4935/6914 4950/6913 4949/5170
f 4042/5109 4053/5200 4936/6918 4879/6920
f 6205/6911 4974/5207 4973/5163 6206/5164
f 4951/5205 6207/6912 6206/5165 4973/5166
f 4964/6907 4939/6910 4940/5162 4965/5196
f 4944/5167 3913/5168 3914/5152 4943/5156
f 3916/5211 3915/5169 4945/5160 4946/5212
f 4986/5235 4949/5170 4970/5201 4987/5237
f 4970/5201 4949/5170 4950/6913 4971/6915
f 6207/6912 4951/5205 4972/5204 6208/6916
f 4062/5171 4972/5204 4951/5205 4952/5174
f 4937/5172 4065/5173 4064/4242 4952/5174
f 4061/5208 4060/5175 4059/4244 4938/5206
f 3913/5168 4944/5167 3912/5158 3911/4139
f 3918/5159 3919/5176 4934/5177 4945/5160
f 743/5178 1686/5179 4895/6754 4953/5180
f 1770/5181 743/5178 4953/5180 4976/5215
f 5003/5284 5012/5186 1790/5182 4994/5267
f 5009/5278 4955/5191 4956/5183 5010/5280
f 5010/5280 4956/5183 4957/5184 5011/5282
f 5011/5282 4957/5184 4958/5185 5012/5186
f 5004/5268 4959/5262 4960/5187 5005/5270
f 5005/5270 4960/5187 4961/5188 5006/5272
f 5006/5272 4961/5188 4962/5189 5007/5274
f 5007/5274 4962/5189 4963/5190 5008/5276
f 5008/5276 4963/5190 4955/5191 5009/5278
f 4995/5269 3865/5192 4899/5193 1801/5194
f 4052/5195 4894/6905 4964/6907 4965/5196
f 4052/5195 4965/5196 4983/5229 4982/5226
f 4967/5197 4931/5198 3903/4131 4966/4141
f 3904/5199 4968/4158 4969/4142 3905/4132
f 4053/5200 4988/5238 4987/5237 4970/5201
f 4936/6918 4053/5200 4970/5201 4971/6915
f 4054/5203 6209/6917 6208/6916 4972/5204
f 4062/5171 4055/5202 4054/5203 4972/5204
f 4973/5166 4937/5172 4952/5174 4951/5205
f 4938/5206 4937/4246 4973/5163 4974/5207
f 4974/5207 4975/5209 4061/5208 4938/5206
f 4050/4236 4061/5208 4975/5209 4051/5210
f 4975/5209 6204/6908 6203/6906 4051/5210
f 4931/5198 4967/5197 3914/5152 3902/5151
f 3916/5211 4946/5212 4947/5155 4968/4158
f 4954/5214 568/5213 1770/5181 4976/5215
f 4898/5216 4954/5214 4976/5215 4977/5217
f 4907/5220 4898/5216 4977/5217 4978/5221
f 4979/5218 3862/5219 4907/5220 4978/5221
f 4980/5222 3879/5223 3862/5219 4979/5218
f 4981/5224 3891/5225 3879/5223 4980/5222
f 4982/5226 3903/5227 3891/5225 4981/5224
f 4983/5229 4966/5228 3903/5227 4982/5226
f 4984/5232 4941/5231 4966/5228 4983/5229
f 4985/5106 3920/5230 4941/5231 4984/5232
f 4948/5233 3920/5234 4985/5107 4986/5235
f 4969/5236 4948/5233 4986/5235 4987/5237
f 4988/5238 3905/5239 4969/5236 4987/5237
f 4989/5240 3893/5241 3905/5239 4988/5238
f 4990/5242 3881/5243 3893/5241 4989/5240
f 4991/5244 3864/5245 3881/5243 4990/5242
f 4918/5246 3864/5245 4991/5244 4992/5247
f 4900/5248 4918/5246 4992/5247 4993/5249
f 1789/5118 570/5250 4900/5248 4993/5249
f 4954/5251 4898/5124 4926/5266 4994/5267
f 4954/5251 4994/5267 1790/5182 568/5252
f 3865/5192 4995/5269 4996/5271 3866/5253
f 3866/5253 4996/5271 4997/5273 3869/5254
f 3869/5254 4997/5273 4998/5275 3871/5255
f 3871/5255 4998/5275 4999/5277 3873/5256
f 3873/5256 4999/5277 5000/5279 3854/5257
f 3854/5257 5000/5279 5001/5281 3855/5258
f 3855/5258 5001/5281 5002/5283 3858/5259
f 3858/5259 5002/5283 5003/5284 3860/5260
f 1757/5261 4959/5262 5004/5268 1802/5263
f 4899/5193 4900/5264 570/5265 1801/5194
f 4926/5266 3860/5260 5003/5284 4994/5267
f 5004/5268 4995/5269 1801/5194 1802/5263
f 4995/5269 5004/5268 5005/5270 4996/5271
f 4996/5271 5005/5270 5006/5272 4997/5273
f 4997/5273 5006/5272 5007/5274 4998/5275
f 4998/5275 5007/5274 5008/5276 4999/5277
f 4999/5277 5008/5276 5009/5278 5000/5279
f 5000/5279 5009/5278 5010/5280 5001/5281
f 5001/5281 5010/5280 5011/5282 5002/5283
f 5002/5283 5011/5282 5012/5186 5003/5284
f 5012/5186 4958/5185 1747/5285 1790/5182
f 4955/5296 5013/5307 5014/5297 4956/5286
f 4956/5286 5014/5297 5015/5298 4957/5287
f 4957/5287 5015/5298 5016/5299 4958/5288
f 4958/5288 5016/5299 1816/5300 1747/5289
f 1757/5290 1817/5301 5017/5302 4959/5291
f 4959/5291 5017/5302 5018/5303 4960/5292
f 4960/5292 5018/5303 5019/5304 4961/5293
f 4961/5293 5019/5304 5020/5305 4962/5294
f 4962/5294 5020/5305 5021/5306 4963/5295
f 4963/5295 5021/5306 5013/5307 4955/5296
f 5013/5307 5022/5318 5023/5308 5014/5297
f 5014/5297 5023/5308 5024/5309 5015/5298
f 5015/5298 5024/5309 5025/5310 5016/5299
f 5016/5299 5025/5310 1827/5311 1816/5300
f 1817/5301 1828/5312 5026/5313 5017/5302
f 5017/5302 5026/5313 5027/5314 5018/5303
f 5018/5303 5027/5314 5028/5315 5019/5304
f 5019/5304 5028/5315 5029/5316 5020/5305
f 5020/5305 5029/5316 5030/5317 5021/5306
f 5021/5306 5030/5317 5022/5318 5013/5307
f 5022/5318 5031/5329 5032/5319 5023/5308
f 5023/5308 5032/5319 5033/5320 5024/5309
f 5024/5309 5033/5320 5034/5321 5025/5310
f 5025/5310 5034/5321 1838/5322 1827/5311
f 1828/5312 1839/5323 5035/5324 5026/5313
f 5026/5313 5035/5324 5036/5325 5027/5314
f 5027/5314 5036/5325 5037/5326 5028/5315
f 5028/5315 5037/5326 5038/5327 5029/5316
f 5029/5316 5038/5327 5039/5328 5030/5317
f 5030/5317 5039/5328 5031/5329 5022/5318
f 5031/5329 5040/5340 5041/5330 5032/5319
f 5032/5319 5041/5330 5042/5331 5033/5320
f 5033/5320 5042/5331 5043/5332 5034/5321
f 5034/5321 5043/5332 1849/5333 1838/5322
f 1839/5323 1850/5334 5044/5335 5035/5324
f 5035/5324 5044/5335 5045/5336 5036/5325
f 5036/5325 5045/5336 5046/5337 5037/5326
f 5037/5326 5046/5337 5047/5338 5038/5327
f 5038/5327 5047/5338 5048/5339 5039/5328
f 5039/5328 5048/5339 5040/5340 5031/5329
f 5040/5340 5049/5351 5050/5341 5041/5330
f 5041/5330 5050/5341 5051/5342 5042/5331
f 5042/5331 5051/5342 5052/5343 5043/5332
f 5043/5332 5052/5343 1860/5344 1849/5333
f 1850/5334 1861/5345 5053/5346 5044/5335
f 5044/5335 5053/5346 5054/5347 5045/5336
f 5045/5336 5054/5347 5055/5348 5046/5337
f 5046/5337 5055/5348 5056/5349 5047/5338
f 5047/5338 5056/5349 5057/5350 5048/5339
f 5048/5339 5057/5350 5049/5351 5040/5340
f 5049/5351 5058/5362 5059/5352 5050/5341
f 5050/5341 5059/5352 5060/5353 5051/5342
f 5051/5342 5060/5353 5061/5354 5052/5343
f 5052/5343 5061/5354 1871/5355 1860/5344
f 1861/5345 1872/5356 5062/5357 5053/5346
f 5053/5346 5062/5357 5063/5358 5054/5347
f 5054/5347 5063/5358 5064/5359 5055/5348
f 5055/5348 5064/5359 5065/5360 5056/5349
f 5056/5349 5065/5360 5066/5361 5057/5350
f 5057/5350 5066/5361 5058/5362 5049/5351
f 5058/5362 5067/5373 5068/5363 5059/5352
f 5059/5352 5068/5363 5069/5364 5060/5353
f 5060/5353 5069/5364 5070/5365 5061/5354
f 5061/5354 5070/5365 1882/5366 1871/5355
f 1872/5356 1883/5367 5071/5368 5062/5357
f 5062/5357 5071/5368 5072/5369 5063/5358
f 5063/5358 5072/5369 5073/5370 5064/5359
f 5064/5359 5073/5370 5074/5371 5065/5360
f 5065/5360 5074/5371 5075/5372 5066/5361
f 5066/5361 5075/5372 5067/5373 5058/5362
f 5067/5373 5076/5384 5077/5374 5068/5363
f 5068/5363 5077/5374 5078/5375 5069/5364
f 5069/5364 5078/5375 5079/5376 5070/5365
f 5070/5365 5079/5376 1893/5377 1882/5366
f 1883/5367 1894/5378 5080/5379 5071/5368
f 5071/5368 5080/5379 5081/5380 5072/5369
f 5072/5369 5081/5380 5082/5381 5073/5370
f 5073/5370 5082/5381 5083/5382 5074/5371
f 5074/5371 5083/5382 5084/5383 5075/5372
f 5075/5372 5084/5383 5076/5384 5067/5373
f 5076/5384 5085/6704 5086/6686 5077/5374
f 5077/5374 5086/6686 5087/6688 5078/5375
f 5078/5375 5087/6688 5088/6690 5079/5376
f 5079/5376 5088/6690 1904/6691 1893/5377
f 1894/5378 1905/6694 5089/6693 5080/5379
f 5080/5379 5089/6693 5090/6696 5081/5380
f 5081/5380 5090/6696 5091/6698 5082/5381
f 5082/5381 5091/6698 5092/6700 5083/5382
f 5083/5382 5092/6700 5093/6702 5084/5383
f 5084/5383 5093/6702 5085/6704 5076/5384
f 6017/6938 6016/6668 6227/6954 6223/6942
f 6222/6941 6226/6948 6225/6951 6224/6946
f 5095/5385 3731/4104 3732/5386 5094/5387
f 5096/5390 3730/5389 3731/4103 5095/5388
f 5097/5392 3726/5391 3730/5389 5096/5390
f 5098/5394 3727/5393 3726/5391 5097/5392
f 5099/5396 3728/5395 3727/5393 5098/5394
f 5100/5400 3729/5399 3728/5395 5099/5396
f 5101/5397 3691/5398 3729/5399 5100/5400
f 5102/5402 3740/5435 3691/5438 5101/5401
f 5103/5403 3739/5436 3740/5435 5102/5402
f 5104/5405 3738/5404 3739/5436 5103/5403
f 5105/5407 3737/5406 3738/5404 5104/5405
f 5106/5408 3736/6420 3737/5406 5105/5407
f 5107/5410 3735/5409 3736/6420 5106/5408
f 5108/5412 3734/5411 3735/5409 5107/5410
f 5109/5414 3733/5413 3734/5411 5108/5412
f 5094/5387 3732/5386 3733/5413 5109/5414
f 5111/5419 3660/5418 3677/5428 5110/5415
f 5112/5416 3629/5417 3660/5418 5111/5419
f 5113/6176 3753/6178 3629/5417 5112/5416
f 5115/5422 3675/5421 3635/5420 5114/5440
f 5116/5426 3658/5425 3675/5421 5115/5422
f 5117/5423 3636/5424 3658/5425 5116/5426
f 5118/6172 3751/5427 3636/5424 5117/5423
f 3677/5428 3678/3957 3621/5429 5124/5442
f 5119/5430 3613/5433 3705/5431 5123/5439
f 3693/5432 3613/5433 5119/5430 5120/5437
f 5120/5437 3739/5436 3738/5404 3693/5432
f 5121/5434 3740/5435 3739/5436 5120/5437
f 3740/5435 5121/5434 5122/3928 3691/5438
f 3691/5398 5122/4002 3689/5469 3729/5399
f 3706/3990 5123/5439 5114/5440 3635/5420
f 3705/5431 3611/3951 5114/5440 5123/5439
f 3630/5441 5110/5415 3677/5428 5124/5442
f 5153/5475 3713/5443 3630/5441 5124/5442
f 3708/5444 5126/5448 3707/5445 5125/5476
f 5126/5448 5138/5447 3622/5446 3707/5445
f 5127/5450 5139/5449 5138/5447 5126/5448
f 5140/5451 5139/5449 5127/5450 5128/5452
f 5129/5454 5141/5453 5140/5451 5128/5452
f 5130/5456 5142/5455 5141/5453 5129/5454
f 5131/5458 5143/5457 5142/5455 5130/5456
f 5144/5460 5143/5457 5131/5458 5132/5461
f 5145/5459 5144/5460 5132/5461 5133/3969
f 5134/5462 5146/5463 5145/5464 5133/3970
f 5147/5465 5146/5463 5134/5462 5135/6460
f 5865/6419 5864/6417 5136/6414 3724/5466
f 5137/5468 3747/5467 3724/5466 5136/6414
f 3613/5433 3693/5432 3747/5467 5137/5468
f 5138/5447 3689/5469 3690/5470 3622/5446
f 3590/5471 3579/3889 3580/3890 5150/5472
f 3722/5473 3590/5471 5150/5472 5151/5477
f 3722/5473 5151/5477 5125/5476 3707/5445
f 3723/5474 3591/3976 5152/3977 5153/5475
f 5125/5476 5151/5477 3723/5474 3621/5429
f 3716/5479 3634/5478 3706/3990 5154/5480
f 3584/5481 3716/5479 5154/5480 5155/5482
f 3573/5483 3584/5481 5155/5482 5156/5484
f 3514/5486 3573/5483 5156/5484 5157/5487
f 3549/3868 3550/5485 3514/5486 5157/5487
f 5159/4691 4466/4501 4451/5488 5158/5489
f 5160/5491 4465/5490 4466/4500 5159/4693
f 5161/5493 4464/5492 4465/5490 5160/5491
f 5162/5495 4463/5494 4464/5492 5161/5493
f 5163/5497 4462/5496 4463/5494 5162/5495
f 5164/5499 4461/5498 4462/5496 5163/5497
f 5165/5501 4460/5500 4461/5498 5164/5499
f 5166/5503 4459/5502 4460/5500 5165/5501
f 5167/5505 4458/5504 4459/5502 5166/5503
f 5168/5507 4457/5506 4458/5504 5167/5505
f 5169/5509 4456/5508 4457/5506 5168/5507
f 5170/5511 4455/5510 4456/5508 5169/5509
f 5171/5513 4454/5512 4455/5510 5170/5511
f 5172/5515 4453/5514 4454/5512 5171/5513
f 5173/5517 4452/5516 4453/5514 5172/5515
f 5158/5489 4451/5488 4452/5516 5173/5517
f 4515/5547 5174/5546 5175/5518 4530/5519
f 4530/5519 5175/5518 5176/5520 4529/5521
f 4529/5521 5176/5520 5177/5522 4528/5523
f 4528/5523 5177/5522 5178/5524 4527/5525
f 4527/5525 5178/5524 5179/5526 4526/5527
f 4526/5527 5179/5526 5180/5528 4525/5529
f 4525/5529 5180/5528 5181/5530 4524/5531
f 4524/5531 5181/5530 5182/5532 4523/5533
f 4523/5533 5182/5532 5183/5534 4522/5535
f 4522/5535 5183/5534 5184/5536 4521/5537
f 4521/5537 5184/5536 5185/5538 4520/5539
f 4520/5539 5185/5538 5186/5540 4519/5541
f 4519/5541 5186/5540 5187/5542 4518/5543
f 4518/5543 5187/5542 5188/5544 4517/5545
f 4517/5545 5188/5544 5189/4673 4516/4651
f 4516/4649 5189/4670 5174/5546 4515/5547
f 5191/4669 4514/4630 4499/5548 5190/5549
f 5192/5551 4513/5550 4514/4629 5191/4666
f 5193/5553 4512/5552 4513/5550 5192/5551
f 5194/5555 4511/5554 4512/5552 5193/5553
f 5195/5557 4510/5556 4511/5554 5194/5555
f 5196/5559 4509/5558 4510/5556 5195/5557
f 5197/5561 4508/5560 4509/5558 5196/5559
f 5198/5563 4507/5562 4508/5560 5197/5561
f 5199/5565 4506/5564 4507/5562 5198/5563
f 5200/5567 4505/5566 4506/5564 5199/5565
f 5201/5569 4504/5568 4505/5566 5200/5567
f 5202/5571 4503/5570 4504/5568 5201/5569
f 5203/5573 4502/5572 4503/5570 5202/5571
f 5204/5575 4501/5574 4502/5572 5203/5573
f 5205/5577 4500/5576 4501/5574 5204/5575
f 5190/5549 4499/5548 4500/5576 5205/5577
f 4467/5609 5206/5608 5207/5578 4468/5579
f 4468/5579 5207/5578 5208/5580 4469/5581
f 4469/5581 5208/5580 5209/5582 4470/5583
f 4470/5583 5209/5582 5210/5584 4471/5585
f 4471/5585 5210/5584 5211/5586 4472/5587
f 4472/5587 5211/5586 5212/5588 4473/5589
f 4473/5589 5212/5588 5213/5590 4474/5591
f 4474/5591 5213/5590 5214/5592 4475/5593
f 4475/5593 5214/5592 5215/5594 4476/5595
f 4476/5595 5215/5594 5216/5596 4477/5597
f 4477/5597 5216/5596 5217/5598 4478/5599
f 4478/5599 5217/5598 5218/5600 4479/5601
f 4479/5601 5218/5600 5219/5602 4480/5603
f 4480/5603 5219/5602 5220/5604 4481/5605
f 4481/5605 5220/5604 5221/4688 4482/5606
f 4482/5607 5221/4689 5206/5608 4467/5609
f 5261/5748 5237/5657 5248/5648 5262/5766
f 5262/5766 5248/5648 5247/5649 5263/5764
f 5263/5764 5247/5649 5246/5650 5264/5762
f 5264/5762 5246/5650 5245/5651 5265/5760
f 5265/5760 5245/5651 5244/5610 5266/5611
f 5266/5612 5244/5613 5243/5652 5267/5758
f 5267/5758 5243/5652 5242/5653 5268/5756
f 5268/5756 5242/5653 5241/5654 5269/5754
f 5269/5754 5241/5654 5240/5655 5270/5752
f 5270/5752 5240/5655 5239/5656 5271/5750
f 5271/5750 5239/5656 5238/5614 5272/5615
f 5272/5616 5238/5617 5237/5657 5261/5748
f 5227/5618 5226/5799 5225/5801 5235/5619
f 5223/5805 5236/5620 5234/5625 5224/5803
f 5229/5795 5228/5797 5227/5621 5235/5622
f 5231/5791 5230/5793 5234/5624 5236/5623
f 5230/5793 5229/5795 5235/5622 5234/5624
f 5225/5801 5224/5803 5234/5625 5235/5619
f 5233/5626 5232/5789 5231/5791 5236/5623
f 5223/5805 5222/5787 5233/5627 5236/5620
f 5320/5628 5286/5629 5285/5660 5309/5718
f 5319/5714 5287/5663 5286/5630 5320/5631
f 5318/5712 5288/5665 5287/5663 5319/5714
f 5317/5710 5289/5667 5288/5665 5318/5712
f 5316/5708 5290/5669 5289/5667 5317/5710
f 5315/5706 5291/5672 5290/5669 5316/5708
f 5314/5632 5292/5633 5291/5672 5315/5706
f 5313/5702 5293/5675 5292/5634 5314/5635
f 5312/5700 5294/5677 5293/5675 5313/5702
f 5311/5698 5295/5679 5294/5677 5312/5700
f 5310/5696 5296/5681 5295/5679 5311/5698
f 5309/5718 5285/5660 5296/5681 5310/5696
f 5250/5658 5298/5636 5297/5683 5249/5659
f 5251/5662 5299/5685 5298/5637 5250/5661
f 5252/5664 5300/5686 5299/5685 5251/5662
f 5253/5666 5301/5687 5300/5686 5252/5664
f 5254/5668 5302/5688 5301/5687 5253/5666
f 5255/5671 5303/5690 5302/5688 5254/5668
f 5256/5670 5304/5638 5303/5690 5255/5671
f 5257/5674 5305/5692 5304/5639 5256/5673
f 5258/5676 5306/5693 5305/5692 5257/5674
f 5259/5678 5307/5694 5306/5693 5258/5676
f 5260/5680 5308/5695 5307/5694 5259/5678
f 5249/5659 5297/5683 5308/5695 5260/5680
f 5333/5747 5345/5749 5356/5767 5334/5734
f 5334/5734 5356/5767 5355/5765 5335/5735
f 5335/5735 5355/5765 5354/5763 5336/5736
f 5336/5736 5354/5763 5353/5761 5337/5737
f 5337/5737 5353/5761 5352/5640 5338/5641
f 5338/5642 5352/5643 5351/5759 5339/5740
f 5339/5740 5351/5759 5350/5757 5340/5741
f 5340/5741 5350/5757 5349/5755 5341/5742
f 5341/5742 5349/5755 5348/5753 5342/5743
f 5342/5743 5348/5753 5347/5751 5343/5744
f 5343/5744 5347/5751 5346/5644 5344/5645
f 5344/5646 5346/5647 5345/5749 5333/5747
f 5237/5657 5273/5719 5274/5697 5248/5648
f 5248/5648 5274/5697 5275/5699 5247/5649
f 5247/5649 5275/5699 5276/5701 5246/5650
f 5246/5650 5276/5701 5277/5703 5245/5651
f 5245/5651 5277/5703 5278/5704 5244/5610
f 5244/5613 5278/5705 5279/5707 5243/5652
f 5243/5652 5279/5707 5280/5709 5242/5653
f 5242/5653 5280/5709 5281/5711 5241/5654
f 5241/5654 5281/5711 5282/5713 5240/5655
f 5240/5655 5282/5713 5283/5715 5239/5656
f 5239/5656 5283/5715 5284/5716 5238/5614
f 5238/5617 5284/5717 5273/5719 5237/5657
f 5286/5629 5250/5658 5249/5659 5285/5660
f 5287/5663 5251/5662 5250/5661 5286/5630
f 5288/5665 5252/5664 5251/5662 5287/5663
f 5289/5667 5253/5666 5252/5664 5288/5665
f 5290/5669 5254/5668 5253/5666 5289/5667
f 5291/5672 5255/5671 5254/5668 5290/5669
f 5292/5633 5256/5670 5255/5671 5291/5672
f 5293/5675 5257/5674 5256/5673 5292/5634
f 5294/5677 5258/5676 5257/5674 5293/5675
f 5295/5679 5259/5678 5258/5676 5294/5677
f 5296/5681 5260/5680 5259/5678 5295/5679
f 5285/5660 5249/5659 5260/5680 5296/5681
f 5298/5636 5322/5682 5321/5721 5297/5683
f 5299/5685 5323/5723 5322/5684 5298/5637
f 5300/5686 5324/5724 5323/5723 5299/5685
f 5301/5687 5325/5725 5324/5724 5300/5686
f 5302/5688 5326/5726 5325/5725 5301/5687
f 5303/5690 5327/5728 5326/5726 5302/5688
f 5304/5638 5328/5689 5327/5728 5303/5690
f 5305/5692 5329/5730 5328/5691 5304/5639
f 5306/5693 5330/5731 5329/5730 5305/5692
f 5307/5694 5331/5732 5330/5731 5306/5693
f 5308/5695 5332/5733 5331/5732 5307/5694
f 5297/5683 5321/5721 5332/5733 5308/5695
f 5273/5719 5309/5718 5310/5696 5274/5697
f 5274/5697 5310/5696 5311/5698 5275/5699
f 5275/5699 5311/5698 5312/5700 5276/5701
f 5276/5701 5312/5700 5313/5702 5277/5703
f 5277/5703 5313/5702 5314/5635 5278/5704
f 5278/5705 5314/5632 5315/5706 5279/5707
f 5279/5707 5315/5706 5316/5708 5280/5709
f 5280/5709 5316/5708 5317/5710 5281/5711
f 5281/5711 5317/5710 5318/5712 5282/5713
f 5282/5713 5318/5712 5319/5714 5283/5715
f 5283/5715 5319/5714 5320/5631 5284/5716
f 5284/5717 5320/5628 5309/5718 5273/5719
f 5322/5682 5370/5720 5369/5788 5321/5721
f 5323/5723 5371/5790 5370/5722 5322/5684
f 5324/5724 5372/5792 5371/5790 5323/5723
f 5325/5725 5373/5794 5372/5792 5324/5724
f 5326/5726 5374/5796 5373/5794 5325/5725
f 5327/5728 5375/5798 5374/5796 5326/5726
f 5328/5689 5376/5727 5375/5798 5327/5728
f 5329/5730 5377/5800 5376/5729 5328/5691
f 5330/5731 5378/5802 5377/5800 5329/5730
f 5331/5732 5379/5804 5378/5802 5330/5731
f 5332/5733 5380/5806 5379/5804 5331/5732
f 5321/5721 5369/5788 5380/5806 5332/5733
f 5357/5785 5333/5747 5334/5734 5358/5768
f 5358/5768 5334/5734 5335/5735 5359/5770
f 5359/5770 5335/5735 5336/5736 5360/5772
f 5360/5772 5336/5736 5337/5737 5361/5774
f 5361/5774 5337/5737 5338/5641 5362/5738
f 5362/5739 5338/5642 5339/5740 5363/5776
f 5363/5776 5339/5740 5340/5741 5364/5778
f 5364/5778 5340/5741 5341/5742 5365/5780
f 5365/5780 5341/5742 5342/5743 5366/5781
f 5366/5781 5342/5743 5343/5744 5367/5783
f 5367/5783 5343/5744 5344/5645 5368/5745
f 5368/5746 5344/5646 5333/5747 5357/5785
f 5346/5647 5272/5616 5261/5748 5345/5749
f 5347/5751 5271/5750 5272/5615 5346/5644
f 5348/5753 5270/5752 5271/5750 5347/5751
f 5349/5755 5269/5754 5270/5752 5348/5753
f 5350/5757 5268/5756 5269/5754 5349/5755
f 5351/5759 5267/5758 5268/5756 5350/5757
f 5352/5643 5266/5612 5267/5758 5351/5759
f 5353/5761 5265/5760 5266/5611 5352/5640
f 5354/5763 5264/5762 5265/5760 5353/5761
f 5355/5765 5263/5764 5264/5762 5354/5763
f 5356/5767 5262/5766 5263/5764 5355/5765
f 5345/5749 5261/5748 5262/5766 5356/5767
f 3850/5786 5357/5785 5358/5768 3776/5769
f 3776/5769 5358/5768 5359/5770 3773/5771
f 3773/5771 5359/5770 5360/5772 3774/5773
f 3774/5773 5360/5772 5361/5774 3820/5775
f 3820/5775 5361/5774 5362/5738 3772/4062
f 3772/4021 5362/5739 5363/5776 3817/5777
f 3817/5777 5363/5776 5364/5778 3778/5779
f 3778/5779 5364/5778 5365/5780 3777/6462
f 3777/6462 5365/5780 5366/5781 3779/5782
f 3779/5782 5366/5781 5367/5783 3835/5784
f 3835/5784 5367/5783 5368/5745 3775/4022
f 3775/4018 5368/5746 5357/5785 3850/5786
f 5370/5720 5233/5627 5222/5787 5369/5788
f 5371/5790 5232/5789 5233/5626 5370/5722
f 5372/5792 5231/5791 5232/5789 5371/5790
f 5373/5794 5230/5793 5231/5791 5372/5792
f 5374/5796 5229/5795 5230/5793 5373/5794
f 5375/5798 5228/5797 5229/5795 5374/5796
f 5376/5727 5227/5621 5228/5797 5375/5798
f 5377/5800 5226/5799 5227/5618 5376/5729
f 5378/5802 5225/5801 5226/5799 5377/5800
f 5379/5804 5224/5803 5225/5801 5378/5802
f 5380/5806 5223/5805 5224/5803 5379/5804
f 5369/5788 5222/5787 5223/5805 5380/5806
f 5420/5945 5396/5854 5407/5845 5421/5963
f 5421/5963 5407/5845 5406/5846 5422/5961
f 5422/5961 5406/5846 5405/5847 5423/5959
f 5423/5959 5405/5847 5404/5848 5424/5957
f 5424/5957 5404/5848 5403/5807 5425/5808
f 5425/5809 5403/5810 5402/5849 5426/5955
f 5426/5955 5402/5849 5401/5850 5427/5953
f 5427/5953 5401/5850 5400/5851 5428/5951
f 5428/5951 5400/5851 5399/5852 5429/5949
f 5429/5949 5399/5852 5398/5853 5430/5947
f 5430/5947 5398/5853 5397/5811 5431/5812
f 5431/5813 5397/5814 5396/5854 5420/5945
f 5386/5815 5385/5999 5384/6001 5394/5816
f 5382/6005 5395/5817 5393/5822 5383/6003
f 5388/5995 5387/5997 5386/5818 5394/5819
f 5390/5991 5389/5993 5393/5821 5395/5820
f 5389/5993 5388/5995 5394/5819 5393/5821
f 5384/6001 5383/6003 5393/5822 5394/5816
f 5392/5823 5391/5989 5390/5991 5395/5820
f 5382/6005 5381/5987 5392/5824 5395/5817
f 5479/5825 5445/5826 5444/5857 5468/5915
f 5478/5911 5446/5860 5445/5827 5479/5828
f 5477/5909 5447/5862 5446/5860 5478/5911
f 5476/5907 5448/5864 5447/5862 5477/5909
f 5475/5905 5449/5866 5448/5864 5476/5907
f 5474/5903 5450/5869 5449/5866 5475/5905
f 5473/5829 5451/5830 5450/5869 5474/5903
f 5472/5899 5452/5872 5451/5831 5473/5832
f 5471/5897 5453/5874 5452/5872 5472/5899
f 5470/5895 5454/5876 5453/5874 5471/5897
f 5469/5893 5455/5878 5454/5876 5470/5895
f 5468/5915 5444/5857 5455/5878 5469/5893
f 5409/5855 5457/5833 5456/5880 5408/5856
f 5410/5859 5458/5882 5457/5834 5409/5858
f 5411/5861 5459/5883 5458/5882 5410/5859
f 5412/5863 5460/5884 5459/5883 5411/5861
f 5413/5865 5461/5885 5460/5884 5412/5863
f 5414/5868 5462/5887 5461/5885 5413/5865
f 5415/5867 5463/5835 5462/5887 5414/5868
f 5416/5871 5464/5889 5463/5836 5415/5870
f 5417/5873 5465/5890 5464/5889 5416/5871
f 5418/5875 5466/5891 5465/5890 5417/5873
f 5419/5877 5467/5892 5466/5891 5418/5875
f 5408/5856 5456/5880 5467/5892 5419/5877
f 5492/5944 5504/5946 5515/5964 5493/5931
f 5493/5931 5515/5964 5514/5962 5494/5932
f 5494/5932 5514/5962 5513/5960 5495/5933
f 5495/5933 5513/5960 5512/5958 5496/5934
f 5496/5934 5512/5958 5511/5837 5497/5838
f 5497/5839 5511/5840 5510/5956 5498/5937
f 5498/5937 5510/5956 5509/5954 5499/5938
f 5499/5938 5509/5954 5508/5952 5500/5939
f 5500/5939 5508/5952 5507/5950 5501/5940
f 5501/5940 5507/5950 5506/5948 5502/5941
f 5502/5941 5506/5948 5505/5841 5503/5842
f 5503/5843 5505/5844 5504/5946 5492/5944
f 5396/5854 5432/5916 5433/5894 5407/5845
f 5407/5845 5433/5894 5434/5896 5406/5846
f 5406/5846 5434/5896 5435/5898 5405/5847
f 5405/5847 5435/5898 5436/5900 5404/5848
f 5404/5848 5436/5900 5437/5901 5403/5807
f 5403/5810 5437/5902 5438/5904 5402/5849
f 5402/5849 5438/5904 5439/5906 5401/5850
f 5401/5850 5439/5906 5440/5908 5400/5851
f 5400/5851 5440/5908 5441/5910 5399/5852
f 5399/5852 5441/5910 5442/5912 5398/5853
f 5398/5853 5442/5912 5443/5913 5397/5811
f 5397/5814 5443/5914 5432/5916 5396/5854
f 5445/5826 5409/5855 5408/5856 5444/5857
f 5446/5860 5410/5859 5409/5858 5445/5827
f 5447/5862 5411/5861 5410/5859 5446/5860
f 5448/5864 5412/5863 5411/5861 5447/5862
f 5449/5866 5413/5865 5412/5863 5448/5864
f 5450/5869 5414/5868 5413/5865 5449/5866
f 5451/5830 5415/5867 5414/5868 5450/5869
f 5452/5872 5416/5871 5415/5870 5451/5831
f 5453/5874 5417/5873 5416/5871 5452/5872
f 5454/5876 5418/5875 5417/5873 5453/5874
f 5455/5878 5419/5877 5418/5875 5454/5876
f 5444/5857 5408/5856 5419/5877 5455/5878
f 5457/5833 5481/5879 5480/5918 5456/5880
f 5458/5882 5482/5920 5481/5881 5457/5834
f 5459/5883 5483/5921 5482/5920 5458/5882
f 5460/5884 5484/5922 5483/5921 5459/5883
f 5461/5885 5485/5923 5484/5922 5460/5884
f 5462/5887 5486/5925 5485/5923 5461/5885
f 5463/5835 5487/5886 5486/5925 5462/5887
f 5464/5889 5488/5927 5487/5888 5463/5836
f 5465/5890 5489/5928 5488/5927 5464/5889
f 5466/5891 5490/5929 5489/5928 5465/5890
f 5467/5892 5491/5930 5490/5929 5466/5891
f 5456/5880 5480/5918 5491/5930 5467/5892
f 5432/5916 5468/5915 5469/5893 5433/5894
f 5433/5894 5469/5893 5470/5895 5434/5896
f 5434/5896 5470/5895 5471/5897 5435/5898
f 5435/5898 5471/5897 5472/5899 5436/5900
f 5436/5900 5472/5899 5473/5832 5437/5901
f 5437/5902 5473/5829 5474/5903 5438/5904
f 5438/5904 5474/5903 5475/5905 5439/5906
f 5439/5906 5475/5905 5476/5907 5440/5908
f 5440/5908 5476/5907 5477/5909 5441/5910
f 5441/5910 5477/5909 5478/5911 5442/5912
f 5442/5912 5478/5911 5479/5828 5443/5913
f 5443/5914 5479/5825 5468/5915 5432/5916
f 5481/5879 5529/5917 5528/5988 5480/5918
f 5482/5920 5530/5990 5529/5919 5481/5881
f 5483/5921 5531/5992 5530/5990 5482/5920
f 5484/5922 5532/5994 5531/5992 5483/5921
f 5485/5923 5533/5996 5532/5994 5484/5922
f 5486/5925 5534/5998 5533/5996 5485/5923
f 5487/5886 5535/5924 5534/5998 5486/5925
f 5488/5927 5536/6000 5535/5926 5487/5888
f 5489/5928 5537/6002 5536/6000 5488/5927
f 5490/5929 5538/6004 5537/6002 5489/5928
f 5491/5930 5539/6006 5538/6004 5490/5929
f 5480/5918 5528/5988 5539/6006 5491/5930
f 5516/5985 5492/5944 5493/5931 5517/5965
f 5517/5965 5493/5931 5494/5932 5518/5967
f 5518/5967 5494/5932 5495/5933 5519/5969
f 5519/5969 5495/5933 5496/5934 5520/5971
f 5520/5971 5496/5934 5497/5838 5521/5935
f 5521/5936 5497/5839 5498/5937 5522/5973
f 5522/5973 5498/5937 5499/5938 5523/5975
f 5523/5975 5499/5938 5500/5939 5524/5977
f 5524/5977 5500/5939 5501/5940 5525/5979
f 5525/5979 5501/5940 5502/5941 5526/5981
f 5526/5981 5502/5941 5503/5842 5527/5942
f 5527/5943 5503/5843 5492/5944 5516/5985
f 5505/5844 5431/5813 5420/5945 5504/5946
f 5506/5948 5430/5947 5431/5812 5505/5841
f 5507/5950 5429/5949 5430/5947 5506/5948
f 5508/5952 5428/5951 5429/5949 5507/5950
f 5509/5954 5427/5953 5428/5951 5508/5952
f 5510/5956 5426/5955 5427/5953 5509/5954
f 5511/5840 5425/5809 5426/5955 5510/5956
f 5512/5958 5424/5957 5425/5808 5511/5837
f 5513/5960 5423/5959 5424/5957 5512/5958
f 5514/5962 5422/5961 5423/5959 5513/5960
f 5515/5964 5421/5963 5422/5961 5514/5962
f 5504/5946 5420/5945 5421/5963 5515/5964
f 3818/5986 5516/5985 5517/5965 3766/5966
f 3766/5966 5517/5965 5518/5967 3764/5968
f 3764/5968 5518/5967 5519/5969 3770/5970
f 3770/5970 5519/5969 5520/5971 3791/5972
f 3791/5972 5520/5971 5521/5935 3769/4029
f 3769/4016 5521/5936 5522/5973 3788/5974
f 3788/5974 5522/5973 5523/5975 3771/5976
f 3771/5976 5523/5975 5524/5977 3768/5978
f 3768/5978 5524/5977 5525/5979 3767/5980
f 3767/5980 5525/5979 5526/5981 3815/5982
f 3815/5982 5526/5981 5527/5942 3765/5983
f 3765/5984 5527/5943 5516/5985 3818/5986
f 5529/5917 5392/5824 5381/5987 5528/5988
f 5530/5990 5391/5989 5392/5823 5529/5919
f 5531/5992 5390/5991 5391/5989 5530/5990
f 5532/5994 5389/5993 5390/5991 5531/5992
f 5533/5996 5388/5995 5389/5993 5532/5994
f 5534/5998 5387/5997 5388/5995 5533/5996
f 5535/5924 5386/5818 5387/5997 5534/5998
f 5536/6000 5385/5999 5386/5815 5535/5926
f 5537/6002 5384/6001 5385/5999 5536/6000
f 5538/6004 5383/6003 5384/6001 5537/6002
f 5539/6006 5382/6005 5383/6003 5538/6004
f 5528/5988 5381/5987 5382/6005 5539/6006
f 5579/6145 5555/6054 5566/6045 5580/6163
f 5580/6163 5566/6045 5565/6046 5581/6161
f 5581/6161 5565/6046 5564/6047 5582/6159
f 5582/6159 5564/6047 5563/6048 5583/6157
f 5583/6157 5563/6048 5562/6007 5584/6008
f 5584/6009 5562/6010 5561/6049 5585/6155
f 5585/6155 5561/6049 5560/6050 5586/6153
f 5586/6153 5560/6050 5559/6051 5587/6151
f 5587/6151 5559/6051 5558/6052 5588/6149
f 5588/6149 5558/6052 5557/6053 5589/6147
f 5589/6147 5557/6053 5556/6011 5590/6012
f 5590/6013 5556/6014 5555/6054 5579/6145
f 5545/6015 5544/6197 5543/6199 5553/6016
f 5541/6203 5554/6017 5552/6022 5542/6201
f 5547/6193 5546/6195 5545/6018 5553/6019
f 5549/6189 5548/6191 5552/6021 5554/6020
f 5548/6191 5547/6193 5553/6019 5552/6021
f 5543/6199 5542/6201 5552/6022 5553/6016
f 5551/6023 5550/6187 5549/6189 5554/6020
f 5541/6203 5540/6185 5551/6024 5554/6017
f 5638/6025 5604/6026 5603/6057 5627/6115
f 5637/6111 5605/6060 5604/6027 5638/6028
f 5636/6109 5606/6062 5605/6060 5637/6111
f 5635/6107 5607/6064 5606/6062 5636/6109
f 5634/6105 5608/6066 5607/6064 5635/6107
f 5633/6103 5609/6069 5608/6066 5634/6105
f 5632/6029 5610/6030 5609/6069 5633/6103
f 5631/6099 5611/6072 5610/6031 5632/6032
f 5630/6097 5612/6074 5611/6072 5631/6099
f 5629/6095 5613/6076 5612/6074 5630/6097
f 5628/6093 5614/6078 5613/6076 5629/6095
f 5627/6115 5603/6057 5614/6078 5628/6093
f 5568/6055 5616/6033 5615/6080 5567/6056
f 5569/6059 5617/6082 5616/6034 5568/6058
f 5570/6061 5618/6083 5617/6082 5569/6059
f 5571/6063 5619/6084 5618/6083 5570/6061
f 5572/6065 5620/6085 5619/6084 5571/6063
f 5573/6068 5621/6087 5620/6085 5572/6065
f 5574/6067 5622/6035 5621/6087 5573/6068
f 5575/6071 5623/6089 5622/6036 5574/6070
f 5576/6073 5624/6090 5623/6089 5575/6071
f 5577/6075 5625/6091 5624/6090 5576/6073
f 5578/6077 5626/6092 5625/6091 5577/6075
f 5567/6056 5615/6080 5626/6092 5578/6077
f 5651/6144 5663/6146 5674/6164 5652/6131
f 5652/6131 5674/6164 5673/6162 5653/6132
f 5653/6132 5673/6162 5672/6160 5654/6133
f 5654/6133 5672/6160 5671/6158 5655/6134
f 5655/6134 5671/6158 5670/6037 5656/6038
f 5656/6039 5670/6040 5669/6156 5657/6137
f 5657/6137 5669/6156 5668/6154 5658/6138
f 5658/6138 5668/6154 5667/6152 5659/6139
f 5659/6139 5667/6152 5666/6150 5660/6140
f 5660/6140 5666/6150 5665/6148 5661/6141
f 5661/6141 5665/6148 5664/6041 5662/6042
f 5662/6043 5664/6044 5663/6146 5651/6144
f 5555/6054 5591/6116 5592/6094 5566/6045
f 5566/6045 5592/6094 5593/6096 5565/6046
f 5565/6046 5593/6096 5594/6098 5564/6047
f 5564/6047 5594/6098 5595/6100 5563/6048
f 5563/6048 5595/6100 5596/6101 5562/6007
f 5562/6010 5596/6102 5597/6104 5561/6049
f 5561/6049 5597/6104 5598/6106 5560/6050
f 5560/6050 5598/6106 5599/6108 5559/6051
f 5559/6051 5599/6108 5600/6110 5558/6052
f 5558/6052 5600/6110 5601/6112 5557/6053
f 5557/6053 5601/6112 5602/6113 5556/6011
f 5556/6014 5602/6114 5591/6116 5555/6054
f 5604/6026 5568/6055 5567/6056 5603/6057
f 5605/6060 5569/6059 5568/6058 5604/6027
f 5606/6062 5570/6061 5569/6059 5605/6060
f 5607/6064 5571/6063 5570/6061 5606/6062
f 5608/6066 5572/6065 5571/6063 5607/6064
f 5609/6069 5573/6068 5572/6065 5608/6066
f 5610/6030 5574/6067 5573/6068 5609/6069
f 5611/6072 5575/6071 5574/6070 5610/6031
f 5612/6074 5576/6073 5575/6071 5611/6072
f 5613/6076 5577/6075 5576/6073 5612/6074
f 5614/6078 5578/6077 5577/6075 5613/6076
f 5603/6057 5567/6056 5578/6077 5614/6078
f 5616/6033 5640/6079 5639/6118 5615/6080
f 5617/6082 5641/6120 5640/6081 5616/6034
f 5618/6083 5642/6121 5641/6120 5617/6082
f 5619/6084 5643/6122 5642/6121 5618/6083
f 5620/6085 5644/6123 5643/6122 5619/6084
f 5621/6087 5645/6125 5644/6123 5620/6085
f 5622/6035 5646/6086 5645/6125 5621/6087
f 5623/6089 5647/6127 5646/6088 5622/6036
f 5624/6090 5648/6128 5647/6127 5623/6089
f 5625/6091 5649/6129 5648/6128 5624/6090
f 5626/6092 5650/6130 5649/6129 5625/6091
f 5615/6080 5639/6118 5650/6130 5626/6092
f 5591/6116 5627/6115 5628/6093 5592/6094
f 5592/6094 5628/6093 5629/6095 5593/6096
f 5593/6096 5629/6095 5630/6097 5594/6098
f 5594/6098 5630/6097 5631/6099 5595/6100
f 5595/6100 5631/6099 5632/6032 5596/6101
f 5596/6102 5632/6029 5633/6103 5597/6104
f 5597/6104 5633/6103 5634/6105 5598/6106
f 5598/6106 5634/6105 5635/6107 5599/6108
f 5599/6108 5635/6107 5636/6109 5600/6110
f 5600/6110 5636/6109 5637/6111 5601/6112
f 5601/6112 5637/6111 5638/6028 5602/6113
f 5602/6114 5638/6025 5627/6115 5591/6116
f 5640/6079 5688/6117 5687/6186 5639/6118
f 5641/6120 5689/6188 5688/6119 5640/6081
f 5642/6121 5690/6190 5689/6188 5641/6120
f 5643/6122 5691/6192 5690/6190 5642/6121
f 5644/6123 5692/6194 5691/6192 5643/6122
f 5645/6125 5693/6196 5692/6194 5644/6123
f 5646/6086 5694/6124 5693/6196 5645/6125
f 5647/6127 5695/6198 5694/6126 5646/6088
f 5648/6128 5696/6200 5695/6198 5647/6127
f 5649/6129 5697/6202 5696/6200 5648/6128
f 5650/6130 5698/6204 5697/6202 5649/6129
f 5639/6118 5687/6186 5698/6204 5650/6130
f 5675/6183 5651/6144 5652/6131 5676/6165
f 5676/6165 5652/6131 5653/6132 5677/6167
f 5677/6167 5653/6132 5654/6133 5678/6169
f 5678/6169 5654/6133 5655/6134 5679/6171
f 5679/6171 5655/6134 5656/6038 5680/6135
f 5680/6136 5656/6039 5657/6137 5681/6173
f 5681/6173 5657/6137 5658/6138 5682/6175
f 5682/6175 5658/6138 5659/6139 5683/6177
f 5683/6177 5659/6139 5660/6140 5684/6179
f 5684/6179 5660/6140 5661/6141 5685/6181
f 5685/6181 5661/6141 5662/6042 5686/6142
f 5686/6143 5662/6043 5651/6144 5675/6183
f 5664/6044 5590/6013 5579/6145 5663/6146
f 5665/6148 5589/6147 5590/6012 5664/6041
f 5666/6150 5588/6149 5589/6147 5665/6148
f 5667/6152 5587/6151 5588/6149 5666/6150
f 5668/6154 5586/6153 5587/6151 5667/6152
f 5669/6156 5585/6155 5586/6153 5668/6154
f 5670/6040 5584/6009 5585/6155 5669/6156
f 5671/6158 5583/6157 5584/6008 5670/6037
f 5672/6160 5582/6159 5583/6157 5671/6158
f 5673/6162 5581/6161 5582/6159 5672/6160
f 5674/6164 5580/6163 5581/6161 5673/6162
f 5663/6146 5579/6145 5580/6163 5674/6164
f 3782/6184 5675/6183 5676/6165 3749/6166
f 3749/6166 5676/6165 5677/6167 3750/6168
f 3750/6168 5677/6167 5678/6169 3752/6170
f 3752/6170 5678/6169 5679/6171 5118/6172
f 5118/6172 5679/6171 5680/6135 3751/5427
f 3751/4006 5680/6136 5681/6173 3754/6174
f 3754/6174 5681/6173 5682/6175 5113/6176
f 5113/6176 5682/6175 5683/6177 3753/6178
f 3753/6178 5683/6177 5684/6179 3755/6180
f 3755/6180 5684/6179 5685/6181 3785/6182
f 3785/6182 5685/6181 5686/6142 3748/4047
f 3748/4045 5686/6143 5675/6183 3782/6184
f 5688/6117 5551/6024 5540/6185 5687/6186
f 5689/6188 5550/6187 5551/6023 5688/6119
f 5690/6190 5549/6189 5550/6187 5689/6188
f 5691/6192 5548/6191 5549/6189 5690/6190
f 5692/6194 5547/6193 5548/6191 5691/6192
f 5693/6196 5546/6195 5547/6193 5692/6194
f 5694/6124 5545/6018 5546/6195 5693/6196
f 5695/6198 5544/6197 5545/6015 5694/6126
f 5696/6200 5543/6199 5544/6197 5695/6198
f 5697/6202 5542/6201 5543/6199 5696/6200
f 5698/6204 5541/6203 5542/6201 5697/6202
f 5687/6186 5540/6185 5541/6203 5698/6204
f 5738/6343 5714/6252 5725/6243 5739/6361
f 5739/6361 5725/6243 5724/6244 5740/6359
f 5740/6359 5724/6244 5723/6245 5741/6357
f 5741/6357 5723/6245 5722/6246 5742/6355
f 5742/6355 5722/6246 5721/6205 5743/6206
f 5743/6207 5721/6208 5720/6247 5744/6353
f 5744/6353 5720/6247 5719/6248 5745/6351
f 5745/6351 5719/6248 5718/6249 5746/6349
f 5746/6349 5718/6249 5717/6250 5747/6347
f 5747/6347 5717/6250 5716/6251 5748/6345
f 5748/6345 5716/6251 5715/6209 5749/6210
f 5749/6211 5715/6212 5714/6252 5738/6343
f 5704/6213 5703/6399 5702/6401 5712/6214
f 5700/6405 5713/6215 5711/6220 5701/6403
f 5706/6395 5705/6397 5704/6216 5712/6217
f 5708/6391 5707/6393 5711/6219 5713/6218
f 5707/6393 5706/6395 5712/6217 5711/6219
f 5702/6401 5701/6403 5711/6220 5712/6214
f 5710/6221 5709/6389 5708/6391 5713/6218
f 5700/6405 5699/6387 5710/6222 5713/6215
f 5797/6223 5763/6224 5762/6255 5786/6313
f 5796/6309 5764/6258 5763/6225 5797/6226
f 5795/6307 5765/6260 5764/6258 5796/6309
f 5794/6305 5766/6262 5765/6260 5795/6307
f 5793/6303 5767/6264 5766/6262 5794/6305
f 5792/6301 5768/6267 5767/6264 5793/6303
f 5791/6227 5769/6228 5768/6267 5792/6301
f 5790/6297 5770/6270 5769/6229 5791/6230
f 5789/6295 5771/6272 5770/6270 5790/6297
f 5788/6293 5772/6274 5771/6272 5789/6295
f 5787/6291 5773/6276 5772/6274 5788/6293
f 5786/6313 5762/6255 5773/6276 5787/6291
f 5727/6253 5775/6231 5774/6278 5726/6254
f 5728/6257 5776/6280 5775/6232 5727/6256
f 5729/6259 5777/6281 5776/6280 5728/6257
f 5730/6261 5778/6282 5777/6281 5729/6259
f 5731/6263 5779/6283 5778/6282 5730/6261
f 5732/6266 5780/6285 5779/6283 5731/6263
f 5733/6265 5781/6233 5780/6285 5732/6266
f 5734/6269 5782/6287 5781/6234 5733/6268
f 5735/6271 5783/6288 5782/6287 5734/6269
f 5736/6273 5784/6289 5783/6288 5735/6271
f 5737/6275 5785/6290 5784/6289 5736/6273
f 5726/6254 5774/6278 5785/6290 5737/6275
f 5810/6342 5822/6344 5833/6362 5811/6329
f 5811/6329 5833/6362 5832/6360 5812/6330
f 5812/6330 5832/6360 5831/6358 5813/6331
f 5813/6331 5831/6358 5830/6356 5814/6332
f 5814/6332 5830/6356 5829/6235 5815/6236
f 5815/6237 5829/6238 5828/6354 5816/6335
f 5816/6335 5828/6354 5827/6352 5817/6336
f 5817/6336 5827/6352 5826/6350 5818/6337
f 5818/6337 5826/6350 5825/6348 5819/6338
f 5819/6338 5825/6348 5824/6346 5820/6339
f 5820/6339 5824/6346 5823/6239 5821/6240
f 5821/6241 5823/6242 5822/6344 5810/6342
f 5714/6252 5750/6314 5751/6292 5725/6243
f 5725/6243 5751/6292 5752/6294 5724/6244
f 5724/6244 5752/6294 5753/6296 5723/6245
f 5723/6245 5753/6296 5754/6298 5722/6246
f 5722/6246 5754/6298 5755/6299 5721/6205
f 5721/6208 5755/6300 5756/6302 5720/6247
f 5720/6247 5756/6302 5757/6304 5719/6248
f 5719/6248 5757/6304 5758/6306 5718/6249
f 5718/6249 5758/6306 5759/6308 5717/6250
f 5717/6250 5759/6308 5760/6310 5716/6251
f 5716/6251 5760/6310 5761/6311 5715/6209
f 5715/6212 5761/6312 5750/6314 5714/6252
f 5763/6224 5727/6253 5726/6254 5762/6255
f 5764/6258 5728/6257 5727/6256 5763/6225
f 5765/6260 5729/6259 5728/6257 5764/6258
f 5766/6262 5730/6261 5729/6259 5765/6260
f 5767/6264 5731/6263 5730/6261 5766/6262
f 5768/6267 5732/6266 5731/6263 5767/6264
f 5769/6228 5733/6265 5732/6266 5768/6267
f 5770/6270 5734/6269 5733/6268 5769/6229
f 5771/6272 5735/6271 5734/6269 5770/6270
f 5772/6274 5736/6273 5735/6271 5771/6272
f 5773/6276 5737/6275 5736/6273 5772/6274
f 5762/6255 5726/6254 5737/6275 5773/6276
f 5775/6231 5799/6277 5798/6316 5774/6278
f 5776/6280 5800/6318 5799/6279 5775/6232
f 5777/6281 5801/6319 5800/6318 5776/6280
f 5778/6282 5802/6320 5801/6319 5777/6281
f 5779/6283 5803/6321 5802/6320 5778/6282
f 5780/6285 5804/6323 5803/6321 5779/6283
f 5781/6233 5805/6284 5804/6323 5780/6285
f 5782/6287 5806/6325 5805/6286 5781/6234
f 5783/6288 5807/6326 5806/6325 5782/6287
f 5784/6289 5808/6327 5807/6326 5783/6288
f 5785/6290 5809/6328 5808/6327 5784/6289
f 5774/6278 5798/6316 5809/6328 5785/6290
f 5750/6314 5786/6313 5787/6291 5751/6292
f 5751/6292 5787/6291 5788/6293 5752/6294
f 5752/6294 5788/6293 5789/6295 5753/6296
f 5753/6296 5789/6295 5790/6297 5754/6298
f 5754/6298 5790/6297 5791/6230 5755/6299
f 5755/6300 5791/6227 5792/6301 5756/6302
f 5756/6302 5792/6301 5793/6303 5757/6304
f 5757/6304 5793/6303 5794/6305 5758/6306
f 5758/6306 5794/6305 5795/6307 5759/6308
f 5759/6308 5795/6307 5796/6309 5760/6310
f 5760/6310 5796/6309 5797/6226 5761/6311
f 5761/6312 5797/6223 5786/6313 5750/6314
f 5799/6277 5847/6315 5846/6388 5798/6316
f 5800/6318 5848/6390 5847/6317 5799/6279
f 5801/6319 5849/6392 5848/6390 5800/6318
f 5802/6320 5850/6394 5849/6392 5801/6319
f 5803/6321 5851/6396 5850/6394 5802/6320
f 5804/6323 5852/6398 5851/6396 5803/6321
f 5805/6284 5853/6322 5852/6398 5804/6323
f 5806/6325 5854/6400 5853/6324 5805/6286
f 5807/6326 5855/6402 5854/6400 5806/6325
f 5808/6327 5856/6404 5855/6402 5807/6326
f 5809/6328 5857/6406 5856/6404 5808/6327
f 5798/6316 5846/6388 5857/6406 5809/6328
f 5834/6385 5810/6342 5811/6329 5835/6363
f 5835/6363 5811/6329 5812/6330 5836/6365
f 5836/6365 5812/6330 5813/6331 5837/6367
f 5837/6367 5813/6331 5814/6332 5838/6369
f 5838/6369 5814/6332 5815/6236 5839/6333
f 5839/6334 5815/6237 5816/6335 5840/6373
f 5840/6373 5816/6335 5817/6336 5841/6375
f 5841/6375 5817/6336 5818/6337 5842/6377
f 5842/6377 5818/6337 5819/6338 5843/6379
f 5843/6379 5819/6338 5820/6339 5844/6381
f 5844/6381 5820/6339 5821/6240 5845/6340
f 5845/6341 5821/6241 5810/6342 5834/6385
f 5823/6242 5749/6211 5738/6343 5822/6344
f 5824/6346 5748/6345 5749/6210 5823/6239
f 5825/6348 5747/6347 5748/6345 5824/6346
f 5826/6350 5746/6349 5747/6347 5825/6348
f 5827/6352 5745/6351 5746/6349 5826/6350
f 5828/6354 5744/6353 5745/6351 5827/6352
f 5829/6238 5743/6207 5744/6353 5828/6354
f 5830/6356 5742/6355 5743/6206 5829/6235
f 5831/6358 5741/6357 5742/6355 5830/6356
f 5832/6360 5740/6359 5741/6357 5831/6358
f 5833/6362 5739/6361 5740/6359 5832/6360
f 5822/6344 5738/6343 5739/6361 5833/6362
f 3789/6386 5834/6385 5835/6363 3763/6364
f 3763/6364 5835/6363 5836/6365 3757/6366
f 3757/6366 5836/6365 5837/6367 3758/6368
f 3758/6368 5837/6367 5838/6369 3780/6370
f 3780/6370 5838/6369 5839/6333 3756/6371
f 3756/6372 5839/6334 5840/6373 3783/6374
f 3783/6374 5840/6373 5841/6375 3760/6376
f 3760/6376 5841/6375 5842/6377 3759/6378
f 3759/6378 5842/6377 5843/6379 3761/6380
f 3761/6380 5843/6379 5844/6381 3786/6382
f 3786/6382 5844/6381 5845/6340 3762/6383
f 3762/6384 5845/6341 5834/6385 3789/6386
f 5847/6315 5710/6222 5699/6387 5846/6388
f 5848/6390 5709/6389 5710/6221 5847/6317
f 5849/6392 5708/6391 5709/6389 5848/6390
f 5850/6394 5707/6393 5708/6391 5849/6392
f 5851/6396 5706/6395 5707/6393 5850/6394
f 5852/6398 5705/6397 5706/6395 5851/6396
f 5853/6322 5704/6216 5705/6397 5852/6398
f 5854/6400 5703/6399 5704/6213 5853/6324
f 5855/6402 5702/6401 5703/6399 5854/6400
f 5856/6404 5701/6403 5702/6401 5855/6402
f 5857/6406 5700/6405 5701/6403 5856/6404
f 5846/6388 5699/6387 5700/6405 5857/6406
f 3618/6407 3672/4036 3795/4035 5858/6408
f 3618/6407 5858/6408 5859/6409 3703/6410
f 5860/6411 5862/6415 3671/6412 3796/4038
f 5861/6413 5863/6416 5862/6415 5860/6411
f 5136/6414 5864/6417 5863/6416 5861/6413
f 5872/6429 3671/6412 5862/6415 5873/6432
f 5863/6416 5874/6433 5873/6432 5862/6415
f 5864/6417 5868/6443 5874/6433 5863/6416
f 5869/6424 5868/6443 5864/6417 5865/6419
f 3695/6418 5869/6424 5865/6419 5866/6421
f 3736/6420 3735/5409 3695/6418 5866/6421
f 3725/6422 5888/6451 5868/6443 5869/6424
f 3695/6418 3696/6423 3725/6422 5869/6424
f 3804/6425 3810/6426 3616/6427 5870/6431
f 5871/6430 5877/6428 3804/6425 5870/6431
f 5872/6429 5871/6430 5870/6431 3653/3935
f 3617/6434 5871/6430 5872/6429 5873/6432
f 5874/6433 5867/6435 3617/6434 5873/6432
f 5868/6443 5875/6444 5867/6435 5874/6433
f 5876/6446 3617/6434 5867/6435 5875/6444
f 5882/6441 3626/3947 5878/6436 5883/6442
f 5148/6437 5892/6461 5879/6452 5149/6453
f 3633/4019 3824/4017 5880/6438 3650/6440
f 5881/6439 5889/6455 3650/6440 5880/6438
f 5882/6441 5890/6457 5889/6455 5881/6439
f 5883/6442 5891/6459 5890/6457 5882/6441
f 5879/6452 5892/6461 5891/6459 5883/6442
f 5875/6444 5868/6443 5888/6451 5887/6449
f 5876/6446 5875/6444 5887/6449 5886/6447
f 3670/6445 5877/6428 5876/6446 5886/6447
f 3670/6445 5886/6447 5885/6448 3823/4066
f 5887/6449 5884/6450 5885/6448 5886/6447
f 5888/6451 5879/6452 5884/6450 5887/6449
f 5149/6453 5879/6452 5888/6451 3725/6422
f 3668/6454 3649/4097 3650/6440 5889/6455
f 3610/6456 3668/6454 5889/6455 5890/6457
f 3702/6458 3610/6456 5890/6457 5891/6459
f 5135/6460 3702/6458 5891/6459 5892/6461
f 5148/6437 5147/5465 5135/6460 5892/6461
f 3632/6463 3777/6462 3779/5782 5893/6464
f 3632/6463 5893/6464 5894/6465 3666/6466
f 5895/6467 3683/6468 3666/6466 5894/6465
f 5896/6469 3631/6470 3683/6468 5895/6467
f 3631/6470 5896/6469 3700/3975 3712/6471
f 4069/6472 6071/6728 6070/6767 6104/6770
f 5900/6476 5909/4533 4120/4532 5901/6473
f 1338/2929 637/5069 3926/6484 5897/6483
f 632/6474 1338/2929 5897/6483 5898/6485
f 2733/2954 632/6474 5898/6485 5913/6496
f 874/6475 1162/2939 5899/6488 5900/6476
f 874/6475 5900/6476 5901/6473 2720/2932
f 3932/4258 3927/4257 5902/6763 5903/6765
f 5904/6769 4070/6477 3932/6478 5903/6766
f 3938/6479 3939/4165 4880/6480 5905/6768
f 3938/6479 5905/6768 6070/6767 6069/6481
f 6101/6482 5897/6483 3926/6484 6102/6764
f 5898/6485 5897/6483 6101/6482 6100/6486
f 1162/2939 2729/2941 5910/6495 5899/6488
f 5908/6487 5899/6488 5910/6495 6098/6494
f 5908/6487 6098/6494 6095/6498 4123/6489
f 4123/6489 6095/6498 6092/6500 5911/6490
f 4415/6501 4114/4574 4123/6489 5911/6490
f 5911/6490 6092/6500 6091/6757 5914/6493
f 4414/6491 4417/6492 5914/6493 5912/6771
f 5910/6495 2729/2941 2733/2954 5913/6496
f 6098/6494 5910/6495 5913/6496 6099/6497
f 6095/6498 6098/6494 6099/6497 6096/6499
f 6092/6500 6095/6498 6096/6499 6093/4282
f 4415/6501 5911/6490 5914/6493 4417/6492
f 5916/6505 4192/6504 4177/6502 5915/6503
f 5917/6507 4191/6506 4192/6504 5916/6505
f 5918/6509 4190/6508 4191/6506 5917/6507
f 5919/6511 4189/6510 4190/6508 5918/6509
f 5920/6513 4188/6512 4189/6510 5919/6511
f 5921/6515 4187/6514 4188/6512 5920/6513
f 5922/6517 4186/6516 4187/6514 5921/6515
f 5923/6520 4185/6519 4186/6516 5922/6517
f 5924/4433 4184/6518 4185/6519 5923/6520
f 5925/6523 4183/6522 4184/6521 5924/4435
f 5926/6525 4182/6524 4183/6522 5925/6523
f 5927/6527 4181/6526 4182/6524 5926/6525
f 5928/6529 4180/6528 4181/6526 5927/6527
f 5929/6531 4179/6530 4180/6528 5928/6529
f 5930/6533 4178/6532 4179/6530 5929/6531
f 5915/6503 4177/6502 4178/6532 5930/6533
f 4248/6565 5931/6564 5932/6534 4249/6535
f 4249/6535 5932/6534 5933/6536 4250/6537
f 4250/6537 5933/6536 5934/6538 4251/6539
f 4251/6539 5934/6538 5935/6540 4252/6541
f 4252/6541 5935/6540 5936/6542 4253/6543
f 4253/6543 5936/6542 5937/6544 4254/6545
f 4254/6545 5937/6544 5938/4320 4255/6546
f 4255/6547 5938/4321 5939/6548 4256/6549
f 4256/6549 5939/6548 5940/6550 4257/6551
f 4257/6551 5940/6550 5941/6552 4258/6553
f 4258/6553 5941/6552 5942/6554 4259/6555
f 4259/6555 5942/6554 5943/6556 4260/6557
f 4260/6557 5943/6556 5944/6558 4261/6559
f 4261/6559 5944/6558 5945/6560 4262/6561
f 4262/6561 5945/6560 5946/6562 4263/6563
f 4263/6563 5946/6562 5931/6564 4248/6565
f 5948/6569 4279/6568 4264/6566 5947/6567
f 5949/6571 4278/6570 4279/6568 5948/6569
f 5950/6573 4277/6572 4278/6570 5949/6571
f 5951/6575 4276/6574 4277/6572 5950/6573
f 5952/6577 4275/6576 4276/6574 5951/6575
f 5953/6579 4274/6578 4275/6576 5952/6577
f 5954/6581 4273/6580 4274/6578 5953/6579
f 5955/6583 4272/6582 4273/6580 5954/6581
f 5956/4424 4271/4318 4272/6582 5955/6583
f 5957/6585 4270/6584 4271/4317 5956/4421
f 5958/6587 4269/6586 4270/6584 5957/6585
f 5959/6589 4268/6588 4269/6586 5958/6587
f 5960/6591 4267/6590 4268/6588 5959/6589
f 5961/6593 4266/6592 4267/6590 5960/6591
f 5962/6595 4265/6594 4266/6592 5961/6593
f 5947/6567 4264/6566 4265/6594 5962/6595
f 5964/6596 4146/6597 4145/6642 5963/6620
f 5965/6598 4147/6599 4146/6597 5964/6596
f 5966/6600 4148/6601 4147/6599 5965/6598
f 5967/6602 4149/6603 4148/6601 5966/6600
f 5968/6604 4150/6664 4149/6603 5967/6602
f 5969/6605 4151/6662 4150/6664 5968/6604
f 5970/4442 4152/6606 4151/6662 5969/6605
f 5971/6607 4153/6657 4152/6608 5970/4443
f 5972/6609 4154/6610 4153/6657 5971/6607
f 5973/6611 4155/6612 4154/6610 5972/6609
f 5974/6613 4156/6614 4155/6612 5973/6611
f 5975/6615 4157/6616 4156/6614 5974/6613
f 5976/6617 4158/6638 4157/6616 5975/6615
f 5977/6618 4159/6636 4158/6638 5976/6617
f 5978/6619 4160/6634 4159/6636 5977/6618
f 4145/6642 4160/6634 5978/6619 5963/6620
f 4312/6632 5981/6631 5982/6621 4313/6622
f 4313/6622 5982/6621 5979/6623 4337/6624
f 4328/6640 5984/6639 5985/6625 4325/6626
f 4325/6626 5985/6625 5986/6627 4326/6628
f 4326/6628 5986/6627 5988/6629 4327/6630
f 4327/6630 5988/6629 5981/6631 4312/6632
f 4145/6642 5990/6641 5989/6633 4160/6634
f 4160/6634 5989/6633 5991/6635 4159/6636
f 4159/6636 5991/6635 5992/6637 4158/6638
f 4158/6638 5992/6637 5984/6639 4328/6640
f 4146/6597 5993/6643 5990/6641 4145/6642
f 4337/6624 5979/6623 5993/6643 4146/6597
f 4333/6666 5995/6665 5996/6644 4317/6645
f 4317/6645 5996/6644 5997/6646 4318/6647
f 4318/6647 5997/6646 5999/4445 4319/6648
f 4319/6649 5999/4446 6001/6650 4320/6651
f 4320/6651 6001/6650 6003/6652 4321/6653
f 4321/6653 6003/6652 6002/6654 4332/6655
f 4154/6610 6005/6658 6004/6656 4153/6657
f 4332/6655 6002/6654 6005/6658 4154/6610
f 4153/6657 6004/6656 6006/6659 4152/6608
f 4152/6606 6006/6660 6007/6661 4151/6662
f 4151/6662 6007/6661 6008/6663 4150/6664
f 4150/6664 6008/6663 5995/6665 4333/6666
f 6009/6945 6232/6962 3079/6667 2830/6943
f 6010/6944 6233/6965 6232/6962 6009/6945
f 6011/6947 6234/6967 6233/6965 6010/6944
f 6012/6950 6235/6969 6234/6967 6011/6947
f 6013/6949 6236/6971 6235/6969 6012/6950
f 6014/6953 6228/6973 6236/6971 6013/6949
f 6015/6952 6229/6955 6228/6973 6014/6953
f 6016/6668 6230/6957 6229/6955 6015/6952
f 6017/6938 6231/6959 6230/6957 6016/6668
f 2840/6937 3078/6669 6231/6959 6017/6938
f 6027/6684 6045/6705 6053/6713 6028/6674
f 6028/6674 6053/6713 6052/6712 6029/6675
f 6029/6675 6052/6712 6051/6711 6030/6676
f 6030/6676 6051/6711 2881/6670 2856/6671
f 6050/6710 6031/6678 2857/6672 2880/6673
f 6031/6678 6050/6710 6049/6709 6032/6680
f 6032/6680 6049/6709 6048/6708 6033/6681
f 6033/6681 6048/6708 6047/6707 6034/6682
f 6034/6682 6047/6707 6046/6706 6035/6683
f 6035/6683 6046/6706 6045/6705 6027/6684
f 6036/6703 6027/6684 6028/6674 6037/6685
f 6037/6685 6028/6674 6029/6675 6038/6687
f 6038/6687 6029/6675 6030/6676 6039/6689
f 6039/6689 6030/6676 2856/6671 2867/6677
f 6031/6678 6040/6692 2868/6679 2857/6672
f 6040/6692 6031/6678 6032/6680 6041/6695
f 6041/6695 6032/6680 6033/6681 6042/6697
f 6042/6697 6033/6681 6034/6682 6043/6699
f 6043/6699 6034/6682 6035/6683 6044/6701
f 6044/6701 6035/6683 6027/6684 6036/6703
f 5085/6704 6036/6703 6037/6685 5086/6686
f 5086/6686 6037/6685 6038/6687 5087/6688
f 5087/6688 6038/6687 6039/6689 5088/6690
f 5088/6690 6039/6689 2867/6677 1904/6691
f 6040/6692 5089/6693 1905/6694 2868/6679
f 5089/6693 6040/6692 6041/6695 5090/6696
f 5090/6696 6041/6695 6042/6697 5091/6698
f 5091/6698 6042/6697 6043/6699 5092/6700
f 5092/6700 6043/6699 6044/6701 5093/6702
f 5093/6702 6044/6701 6036/6703 5085/6704
f 6046/6706 6026/6972 6018/6974 6045/6705
f 6047/6707 6025/6970 6026/6972 6046/6706
f 6048/6708 6024/6968 6025/6970 6047/6707
f 6049/6709 6023/6966 6024/6968 6048/6708
f 6050/6710 6022/6963 6023/6966 6049/6709
f 6022/6963 6050/6710 2880/6673 2846/6964
f 6051/6711 6021/6960 2845/6961 2881/6670
f 6052/6712 6020/6958 6021/6960 6051/6711
f 6053/6713 6019/6956 6020/6958 6052/6712
f 6045/6705 6018/6974 6019/6956 6053/6713
f 6054/6740 1688/3127 744/5117 4897/5135
f 1675/6714 1688/3127 6054/6740 6055/6739
f 3225/3528 1675/6714 6055/6739 6370/7202
f 6057/6717 1662/3131 735/7198 6056/7201
f 6058/6715 724/6716 1662/3131 6057/6717
f 714/6718 724/6716 6058/6715 6059/6719
f 3141/3426 714/6718 6059/6719 6290/7065
f 3158/3445 704/7063 6060/7064 6305/7095
f 686/6720 695/7093 6061/7094 6062/6721
f 6063/7197 680/6722 686/6720 6062/6721
f 2968/6723 3040/3294 6196/6882 6134/6831
f 671/6724 674/6834 6064/6833 6065/7284
f 652/6725 662/7289 6431/7287 6066/6727
f 6071/6728 4069/6472 805/6726 2903/3141
f 6066/6727 6069/6481 6070/6767 6071/6728
f 6066/6727 6071/6728 2903/3141 652/6725
f 6073/6732 4007/6731 4008/6729 6072/6730
f 6074/6734 4006/6733 4007/6731 6073/6732
f 6075/4204 4014/5141 4006/6733 6074/6734
f 6076/6736 4013/6735 4014/5140 6075/4201
f 6077/6738 4012/6737 4013/6735 6076/6736
f 6078/6891 4011/6894 4012/6737 6077/6738
f 4010/6893 6216/6890 6215/6933 6214/6927
f 6079/6932 4886/6931 6055/6739 6054/6740
f 4009/6741 6080/6744 6072/6730 4008/6729
f 6198/6896 4890/6895 4895/6754 6090/6755
f 6090/6755 6081/6742 4885/6743 6080/6744
f 4068/6819 6082/4164 651/4163 804/6745
f 6084/7277 670/7278 661/6746 6083/4172
f 6085/7091 694/7092 3247/6747 6390/7226
f 6086/7061 703/7062 3157/6748 6304/7090
f 6087/6751 713/6750 3140/6749 6289/7060
f 6088/6753 723/6752 713/6750 6087/6751
f 6089/5101 734/5100 723/6752 6088/6753
f 4002/5099 4885/6743 6081/6742 6089/5101
f 4895/6754 1686/5179 2923/5115 6090/6755
f 3937/4162 3945/4171 6083/4172 6082/4164
f 4112/6758 6105/6774 4124/6756 6091/6757
f 4112/6758 6093/4282 6094/6761 3923/6760
f 5906/4709 4563/6759 3923/6760 6094/6761
f 5907/6762 6101/6482 6102/6764 5902/6763
f 5902/6763 6102/6764 6103/4256 5903/6765
f 6104/6770 5904/6769 5903/6766 6103/4250
f 6070/6767 5905/6768 5904/6769 6104/6770
f 5912/6771 5914/6493 6091/6757 4124/6756
f 6115/6772 6114/6773 4124/6756 6105/6774
f 6116/6775 6115/6772 6105/6774 6106/6776
f 6117/6777 6116/6775 6106/6776 6107/6778
f 6118/6780 6117/6777 6107/6778 6108/6781
f 6119/6779 6118/6780 6108/6781 6109/4261
f 6120/6796 6119/6782 6109/6783 6110/6784
f 6121/6798 6120/6796 6110/6784 6111/6786
f 3941/4168 3934/6785 6121/6798 6111/6786
f 6124/6804 6123/6802 6113/6787 6114/6788
f 6125/6806 6124/6804 6114/6788 6115/6789
f 6126/6808 6125/6806 6115/6789 6116/6790
f 6127/6810 6126/6808 6116/6790 6117/6791
f 6128/6812 6127/6810 6117/6791 6118/6793
f 6129/6792 6128/6812 6118/6793 6119/6794
f 6130/6815 6129/6795 6119/6782 6120/6796
f 6131/6817 6130/6815 6120/6796 6121/6798
f 3934/6785 3935/6797 6131/6817 6121/6798
f 4397/6799 4358/4542 4359/4540 6122/6800
f 4111/6801 4397/6799 6122/6800 6123/6802
f 4116/6803 4111/6801 6123/6802 6124/6804
f 6125/6806 4121/6805 4116/6803 6124/6804
f 6126/6808 3921/6807 4121/6805 6125/6806
f 6127/6810 4564/6809 3921/6807 6126/6808
f 3924/6811 4564/6809 6127/6810 6128/6812
f 3924/6811 6128/6812 6129/6792 3929/4251
f 6130/6815 4067/6814 3929/6813 6129/6795
f 6131/6817 6132/6816 4067/6814 6130/6815
f 3935/6797 3936/4161 6132/6816 6131/6817
f 4067/6814 6132/6816 6133/6818 4068/6819
f 6158/6839 6144/6824 6145/6820 6159/6835
f 6159/6835 6145/6820 6182/6821 6181/6868
f 6410/6822 6147/6823 6161/7213 6411/7255
f 3007/3247 2985/3234 6144/6824 6158/6839
f 6164/6837 6148/6827 2986/6825 3006/6826
f 6163/6864 6149/6863 6148/6827 6164/6837
f 6162/6836 6150/6830 6178/6828 6177/6865
f 6377/6829 6150/6830 6162/6836 6378/7214
f 6179/7294 6152/7279 6427/7282 6432/7291
f 6153/7217 3956/7220 6414/7281 6413/7280
f 6154/6869 6136/6871 6381/7221 6380/7218
f 6156/6846 6134/6831 6135/4178 6155/6861
f 2996/6832 2968/6723 6134/6831 6156/6846
f 6064/6833 674/6834 2997/6841 6157/6843
f 6151/7293 6067/7292 6064/6833 6157/6843
f 6137/6842 6158/6839 6159/6835 6138/6840
f 6138/6840 6159/6835 6181/6868 6180/6866
f 6411/7255 6161/7213 6140/7215 6412/7257
f 6378/7214 6162/6836 6143/6847 6379/7216
f 6143/6847 6162/6836 6177/6865 6176/6862
f 6142/6860 6163/6864 6164/6837 6141/6845
f 6141/6845 6164/6837 3006/6826 2978/6844
f 2976/6838 3007/3247 6158/6839 6137/6842
f 6138/6840 6151/7293 6157/6843 6137/6842
f 2997/6841 2976/6838 6137/6842 6157/6843
f 2978/6844 2996/6832 6156/6846 6141/6845
f 6141/6845 6156/6846 6155/6861 6142/6860
f 6175/6870 6154/6869 6143/6847 6176/6862
f 6143/6847 6154/6869 6380/7218 6379/7216
f 6140/7215 6153/7217 6413/7280 6412/7257
f 6179/7294 6151/7293 6138/6840 6180/6866
f 4860/6848 3960/7190 6165/7194 6166/6849
f 6167/6851 3965/6850 4860/6848 6166/6849
f 3462/7136 3454/7138 3965/6850 6167/6851
f 3995/6852 3390/7164 3335/7163 6168/6853
f 4868/6887 3995/6852 6168/6853 6169/6888
f 3961/7188 6170/7189 6171/6854 4859/6855
f 6172/6857 4846/6856 4859/6855 6171/6854
f 3446/7140 3369/7142 4846/6856 6172/6857
f 3337/7157 3398/7160 6173/6859 4847/6858
f 4869/6873 4847/6858 6173/6859 6174/6874
f 6142/6860 6155/6861 6175/6870 6176/6862
f 6177/6865 6163/6864 6142/6860 6176/6862
f 6178/6828 6149/6863 6163/6864 6177/6865
f 6139/7256 6152/7279 6179/7294 6180/6866
f 6181/6868 6160/7254 6139/7256 6180/6866
f 6182/6821 6146/6867 6160/7254 6181/6868
f 6136/6871 6154/6869 6175/6870 6183/6872
f 6402/7245 6401/7243 6396/7235 6386/6883
f 6136/6871 6183/6872 6194/6881 6193/6879
f 6135/4178 6195/6880 6194/6881 6183/6872
f 6374/7208 6197/6892 4887/6875 6375/7210
f 4003/7212 4869/6873 6174/6874 6185/7209
f 4887/6875 6186/6876 6357/7211 6375/7210
f 6357/7211 6186/6876 6187/6877 6358/7174
f 6358/7174 6187/6877 6188/6878 6359/7176
f 6359/7176 6188/6878 6282/7049 6360/7178
f 6361/7180 6189/7048 6297/7079 6362/7182
f 6363/7184 6190/7078 6191/6884 6364/7186
f 6191/6884 6398/7240 6397/7238 6364/7186
f 6193/6879 6366/7191 6365/7237 6192/7239
f 6194/6881 6367/7195 6366/7191 6193/6879
f 6195/6880 6368/7192 6367/7195 6194/6881
f 6368/7192 6195/6880 6196/6882 6369/7196
f 3040/3294 3224/3524 6369/7196 6196/6882
f 6386/6883 6191/6884 3962/5073 6384/7222
f 4887/6875 4888/6885 4004/6886 6186/6876
f 6215/6933 6216/6890 6217/6889 6219/6930
f 4868/6887 6169/6888 6218/7206 6184/7205
f 6373/7207 6217/6889 6197/6892 6374/7208
f 6216/6890 6078/6891 6197/6892 6217/6889
f 4010/6893 4011/6894 6078/6891 6216/6890
f 6199/6898 4905/6897 4890/6895 6198/6896
f 6200/6900 4891/6899 4905/6897 6199/6898
f 6201/6902 4892/6901 4891/6899 6200/6900
f 6202/6904 4893/6903 4892/6901 6201/6902
f 6203/6906 4894/6905 4893/6903 6202/6904
f 6204/6908 4964/6907 4894/6905 6203/6906
f 6205/6911 4939/6910 4964/6907 6204/6908
f 4935/6909 4939/6910 6205/6911 6206/5164
f 6207/6912 4950/6913 4935/6914 6206/5165
f 4971/6915 4950/6913 6207/6912 6208/6916
f 6209/6917 4936/6918 4971/6915 6208/6916
f 6210/6919 4879/6920 4936/6918 6209/6917
f 4879/6920 6210/6919 6211/6921 4878/6922
f 4878/6922 6211/6921 6212/6923 4877/6924
f 4877/6924 6212/6923 6213/6925 4920/6926
f 6214/6927 4876/6928 4920/6926 6213/6925
f 4876/6928 6214/6927 6215/6933 6079/6932
f 6219/6930 6217/6889 6373/7207 6372/7204
f 6169/6888 4867/6929 6220/7203 6218/7206
f 6219/6930 4886/6931 6079/6932 6215/6933
f 6371/7199 4886/6931 6219/6930 6372/7204
f 4867/6929 4874/5089 4875/7200 6220/7203
f 4009/6741 6198/6896 6090/6755 6080/6744
f 4863/7097 6221/7101 3964/6934 4862/6935
f 3478/7130 3470/7132 3964/6934 6221/7101
f 3067/6936 2840/6937 6017/6938 6223/6942
f 1911/6939 6222/6941 6224/6946 3069/6940
f 1911/6939 3067/6936 6223/6942 6222/6941
f 6226/6948 6222/6941 6223/6942 6227/6954
f 6224/6946 6009/6945 2830/6943 3069/6940
f 6010/6944 6009/6945 6224/6946 6225/6951
f 6012/6950 6011/6947 6010/6944 6225/6951
f 6226/6948 6013/6949 6012/6950 6225/6951
f 6014/6953 6013/6949 6226/6948 6227/6954
f 6016/6668 6015/6952 6014/6953 6227/6954
f 6018/6974 6228/6973 6229/6955 6019/6956
f 6019/6956 6229/6955 6230/6957 6020/6958
f 6020/6958 6230/6957 6231/6959 6021/6960
f 6021/6960 6231/6959 3078/6669 2845/6961
f 6232/6962 6022/6963 2846/6964 3079/6667
f 6022/6963 6232/6962 6233/6965 6023/6966
f 6023/6966 6233/6965 6234/6967 6024/6968
f 6024/6968 6234/6967 6235/6969 6025/6970
f 6025/6970 6235/6969 6236/6971 6026/6972
f 6026/6972 6236/6971 6228/6973 6018/6974
f 4389/6991 6237/6992 6238/6975 4393/6976
f 6239/6978 4137/6977 4393/6976 6238/6975
f 6240/6980 4136/6979 4137/6977 6239/6978
f 6241/4296 4135/4593 4136/6979 6240/6980
f 6242/6982 4142/6981 4135/4592 6241/4299
f 6243/6984 4141/6983 4142/6981 6242/6982
f 6244/6986 4140/6985 4141/6983 6243/6984
f 6245/6988 4139/6987 4140/6985 6244/6986
f 6246/6990 4138/6989 4139/6987 6245/6988
f 3095/3378 893/4586 4138/6989 6246/6990
f 4389/6991 892/4595 3096/4297 6237/6992
f 6263/7040 6247/7009 6248/6993 6264/7010
f 6264/7010 6248/6993 6249/6994 6265/7012
f 6265/7012 6249/6994 6250/6995 6266/7014
f 6266/7014 6250/6995 6251/6996 6267/7016
f 6267/7016 6251/6996 6252/6997 6268/7018
f 6268/7018 6252/6997 6253/6998 6269/7020
f 6269/7020 6253/6998 6254/4422 6270/6999
f 6270/7000 6254/4423 6255/7001 6271/7024
f 6271/7024 6255/7001 6256/7002 6272/7026
f 6272/7026 6256/7002 6257/7003 6273/7028
f 6273/7028 6257/7003 6258/7004 6274/7030
f 6274/7030 6258/7004 6259/7005 6275/7032
f 6275/7032 6259/7005 6260/7006 6276/7034
f 6276/7034 6260/7006 6261/7007 6277/7036
f 6277/7036 6261/7007 6262/7008 6278/7038
f 6278/7038 6262/7008 6247/7009 6263/7040
f 4296/7041 6263/7040 6264/7010 4297/7011
f 4297/7011 6264/7010 6265/7012 4298/7013
f 4298/7013 6265/7012 6266/7014 4299/7015
f 4299/7015 6266/7014 6267/7016 4300/7017
f 4300/7017 6267/7016 6268/7018 4301/7019
f 4301/7019 6268/7018 6269/7020 4302/7021
f 4302/7021 6269/7020 6270/6999 4303/7022
f 4303/7023 6270/7000 6271/7024 4304/7025
f 4304/7025 6271/7024 6272/7026 4305/7027
f 4305/7027 6272/7026 6273/7028 4306/7029
f 4306/7029 6273/7028 6274/7030 4307/7031
f 4307/7031 6274/7030 6275/7032 4308/7033
f 4308/7033 6275/7032 6276/7034 4309/7035
f 4309/7035 6276/7034 6277/7036 4310/7037
f 4310/7037 6277/7036 6278/7038 4311/7039
f 4311/7039 6278/7038 6263/7040 4296/7041
f 3979/7042 3380/7150 3339/7153 6279/7043
f 3979/7042 6279/7043 6280/7045 4872/7044
f 6281/7179 4855/7181 4872/7044 6280/7045
f 6282/7049 6189/7048 6361/7180 6360/7178
f 6283/7046 3980/7047 6189/7048 6282/7049
f 3980/7047 6283/7046 6284/4187 3981/7050
f 3981/7051 6284/4188 6285/7052 3974/7053
f 3974/7053 6285/7052 6286/7054 3975/7055
f 3975/7055 6286/7054 6287/7056 3976/7057
f 3976/7057 6287/7056 6288/7058 3977/7059
f 3977/7059 6288/7058 6289/7060 6086/7061
f 3140/6749 703/7062 6086/7061 6289/7060
f 704/7063 3141/3426 6290/7065 6060/7064
f 6291/7069 4850/7068 6060/7064 6290/7065
f 6292/7066 4864/7067 4850/7068 6291/7069
f 6293/7070 3978/7071 4864/7067 6292/7066
f 3327/7173 3378/7128 3978/7071 6293/7070
f 3971/7072 3422/7146 3423/7149 6294/7073
f 3971/7072 6294/7073 6295/7075 4873/7074
f 6296/7183 4854/7185 4873/7074 6295/7075
f 6297/7079 6190/7078 6363/7184 6362/7182
f 6298/7076 3972/7077 6190/7078 6297/7079
f 3972/7077 6298/7076 6299/4185 3973/7080
f 3973/7081 6299/4186 6300/7082 3967/7083
f 3967/7083 6300/7082 6301/7084 3968/7085
f 3968/7085 6301/7084 6302/7086 3969/7087
f 3969/7087 6302/7086 6303/7088 3970/7089
f 3970/7089 6303/7088 6304/7090 6085/7091
f 3157/6748 694/7092 6085/7091 6304/7090
f 695/7093 3158/3445 6305/7095 6061/7094
f 6306/7099 4851/7098 6061/7094 6305/7095
f 6307/7096 4863/7097 4851/7098 6306/7099
f 6308/7100 6221/7101 4863/7097 6307/7096
f 3479/7127 3478/7130 6221/7101 6308/7100
f 6310/7103 6334/7129 6333/7172 6309/7125
f 6311/7102 6335/7126 6334/7129 6310/7103
f 6335/7126 6311/7102 6312/7104 6336/7131
f 6336/7131 6312/7104 6313/7105 6337/7133
f 6337/7133 6313/7105 6314/7106 6338/7135
f 6338/7135 6314/7106 6315/7107 6339/7137
f 6339/7137 6315/7107 6316/7108 6340/7139
f 6340/7139 6316/7108 6317/7109 6341/7141
f 6341/7141 6317/7109 6318/7110 6342/7143
f 6342/7143 6318/7110 6319/7111 6343/7145
f 6343/7145 6319/7111 6320/7112 6344/7147
f 6344/7147 6320/7112 6321/7113 6345/7148
f 6322/7114 6346/7151 6345/7148 6321/7113
f 6346/7151 6322/7114 6323/7115 6347/7152
f 6347/7152 6323/7115 6324/7116 6348/7155
f 6325/7118 6349/7159 6348/7155 6324/7116
f 6326/7117 6350/7156 6349/7159 6325/7118
f 6327/7119 6351/7161 6350/7156 6326/7117
f 6328/7121 6352/7165 6351/7161 6327/7119
f 6329/7120 6353/7162 6352/7165 6328/7121
f 6353/7162 6329/7120 6330/7122 6354/7166
f 6354/7166 6330/7122 6331/7123 6355/7168
f 6355/7168 6331/7123 6332/7124 6356/7170
f 6356/7170 6332/7124 6309/7125 6333/7172
f 6334/7129 3378/7128 3327/7173 6333/7172
f 6335/7126 3479/7127 3378/7128 6334/7129
f 3478/7130 3479/7127 6335/7126 6336/7131
f 3470/7132 3478/7130 6336/7131 6337/7133
f 3367/7134 3470/7132 6337/7133 6338/7135
f 3367/7134 6338/7135 6339/7137 3462/7136
f 3454/7138 3462/7136 6339/7137 6340/7139
f 3446/7140 3454/7138 6340/7139 6341/7141
f 3369/7142 3446/7140 6341/7141 6342/7143
f 3369/7142 6342/7143 6343/7145 3438/7144
f 3438/7144 6343/7145 6344/7147 3422/7146
f 3422/7146 6344/7147 6345/7148 3423/7149
f 6346/7151 3380/7150 3423/7149 6345/7148
f 3380/7150 6346/7151 6347/7152 3339/7153
f 3339/7153 6347/7152 6348/7155 3414/7154
f 6349/7159 3406/7158 3414/7154 6348/7155
f 6350/7156 3337/7157 3406/7158 6349/7159
f 6351/7161 3398/7160 3337/7157 6350/7156
f 6352/7165 3390/7164 3398/7160 6351/7161
f 6353/7162 3335/7163 3390/7164 6352/7165
f 3335/7163 6353/7162 6354/7166 3333/7167
f 3333/7167 6354/7166 6355/7168 3331/7169
f 3331/7169 6355/7168 6356/7170 3329/7171
f 3329/7171 6356/7170 6333/7172 3327/7173
f 4003/7212 6357/7211 6358/7174 4857/7175
f 4857/7175 6358/7174 6359/7176 4856/7177
f 4856/7177 6359/7176 6360/7178 6281/7179
f 6361/7180 4855/7181 6281/7179 6360/7178
f 4855/7181 6361/7180 6362/7182 6296/7183
f 6363/7184 4854/7185 6296/7183 6362/7182
f 4854/7185 6363/7184 6364/7186 4853/7187
f 3961/7188 4853/7187 6364/7186 6397/7238
f 6366/7191 3960/7190 6170/7189 6365/7237
f 6367/7195 6165/7194 3960/7190 6366/7191
f 6368/7192 3959/7193 6165/7194 6367/7195
f 3959/7193 6368/7192 6369/7196 6063/7197
f 3224/3524 680/6722 6063/7197 6369/7196
f 735/7198 3225/3528 6370/7202 6056/7201
f 6371/7199 4875/7200 6056/7201 6370/7202
f 4875/7200 6371/7199 6372/7204 6220/7203
f 6373/7207 6218/7206 6220/7203 6372/7204
f 6184/7205 6218/7206 6373/7207 6374/7208
f 6185/7209 6184/7205 6374/7208 6375/7210
f 6357/7211 4003/7212 6185/7209 6375/7210
f 6396/7235 6398/7240 6191/6884 6386/6883
f 6161/7213 6147/6823 6377/6829 6378/7214
f 6140/7215 6161/7213 6378/7214 6379/7216
f 6380/7218 6153/7217 6140/7215 6379/7216
f 6381/7221 3956/7220 6153/7217 6380/7218
f 6376/7219 6399/7241 3956/7220 6381/7221
f 6136/6871 6193/6879 6376/7219 6381/7221
f 6382/7236 6400/7242 6399/7241 6376/7219
f 6384/7222 6403/7244 6402/7245 6386/6883
f 6385/4179 6404/7223 6403/7244 6384/7222
f 6388/7224 6393/7231 6392/7230 3958/4181
f 6389/7225 6394/7232 6393/7231 6388/7224
f 6390/7226 6395/7233 6394/7232 6389/7225
f 3253/7227 6395/7233 6390/7226 3247/6747
f 6391/7228 6405/7247 6404/7229 6385/4180
f 6392/7230 6406/7249 6405/7247 6391/7228
f 6393/7231 6407/7250 6406/7249 6392/7230
f 6394/7232 6408/7251 6407/7250 6393/7231
f 6395/7233 6409/7252 6408/7251 6394/7232
f 2967/7234 6409/7252 6395/7233 3253/7227
f 6396/7235 6401/7243 6400/7242 6382/7236
f 6365/7237 6170/7189 3961/7188 6397/7238
f 6192/7239 6365/7237 6397/7238 6398/7240
f 6192/7239 6398/7240 6396/7235 6382/7236
f 6414/7281 3956/7220 6399/7241 6415/7258
f 6415/7258 6399/7241 6400/7242 6416/7260
f 6416/7260 6400/7242 6401/7243 6417/7261
f 6417/7261 6401/7243 6402/7245 6418/7265
f 6403/7244 6419/7262 6418/7265 6402/7245
f 6404/7223 6420/7246 6419/7262 6403/7244
f 6405/7247 6421/7268 6420/7248 6404/7229
f 6406/7249 6422/7270 6421/7268 6405/7247
f 6407/7250 6423/7272 6422/7270 6406/7249
f 6408/7251 6424/7274 6423/7272 6407/7250
f 6409/7252 6425/7276 6424/7274 6408/7251
f 676/7253 6425/7276 6409/7252 2967/7234
f 6160/7254 6146/6867 6410/6822 6411/7255
f 6139/7256 6160/7254 6411/7255 6412/7257
f 6413/7280 6152/7279 6139/7256 6412/7257
f 6426/7283 6427/7282 6414/7281 6415/7258
f 6383/7285 6426/7283 6415/7258 6416/7260
f 3955/7259 6383/7285 6416/7260 6417/7261
f 6387/7264 3955/7259 6417/7261 6418/7265
f 6419/7262 3953/7263 6387/7264 6418/7265
f 3953/7263 6419/7262 6420/7246 3954/7266
f 3954/7267 6420/7248 6421/7268 3949/7269
f 3949/7269 6421/7268 6422/7270 3950/7271
f 3950/7271 6422/7270 6423/7272 3951/7273
f 3951/7273 6423/7272 6424/7274 3952/7275
f 3952/7275 6424/7274 6425/7276 6084/7277
f 676/7253 670/7278 6084/7277 6425/7276
f 6152/7279 6413/7280 6414/7281 6427/7282
f 6426/7283 6383/7285 6434/7299 6433/7295
f 6068/7296 6428/7298 6429/7288 6065/7284
f 3288/7290 671/6724 6065/7284 6429/7288
f 6383/7285 3955/7259 6435/7286 6434/7299
f 6428/7298 6430/7297 6431/7287 6429/7288
f 662/7289 3288/7290 6429/7288 6431/7287
f 6432/7291 6067/7292 6151/7293 6179/7294
f 6433/7295 6068/7296 6067/7292 6432/7291
f 6068/7296 6433/7295 6434/7299 6428/7298
f 6435/7286 6430/7297 6428/7298 6434/7299
f 6437/7301 6436/7300 6602/7446 6594/7432
f 6619/7469 6620/7472 6437/7301 6594/7432
f 6439/7302 6665/7549 6666/7551 6596/7434
f 6601/7444 6602/7446 6436/7300 6440/7303
f 6441/7307 6442/7306 6599/7441 6600/7440
f 6442/7306 6443/7308 6598/7438 6599/7441
f 6603/7448 6604/7450 6444/7309 6597/7436
f 6444/7309 6649/7522 6650/7525 6597/7436
f 6436/7300 6437/7301 6446/7557 6445/7555
f 6437/7301 6620/7472 6621/7473 6446/7557
f 6664/7548 6665/7549 6439/7302 6448/7304
f 6440/7303 6436/7300 6445/7555 6449/7305
f 6442/7306 6441/7307 6450/7572 6451/7571
f 6443/7308 6442/7306 6451/7571 6452/7569
f 6444/7309 6604/7450 6605/7568 6453/7565
f 6648/7520 6649/7522 6444/7309 6453/7565
f 6490/7337 6491/7338 6455/7311 6454/7310
f 6491/7338 6625/7479 6626/7480 6455/7311
f 6659/7540 6660/7541 6493/7339 6457/7312
f 6497/7343 6490/7337 6454/7310 6458/7313
f 6563/7431 6564/7342 6565/7425 6566/7423
f 6495/7341 6496/7398 6460/7369 6461/7367
f 6494/7340 6609/7455 6610/7457 6462/7365
f 6643/7510 6644/7512 6494/7340 6462/7365
f 6472/7321 6473/7322 6464/7315 6463/7314
f 6473/7322 6622/7475 6623/7476 6464/7315
f 6662/7545 6663/7546 6475/7323 6466/7316
f 6646/7516 6647/7518 6476/7324 6467/7317
f 6476/7324 6606/7451 6607/7452 6467/7317
f 6477/7325 6478/7327 6469/7319 6468/7453
f 6478/7327 6479/7326 6470/7318 6469/7319
f 6480/7328 6472/7321 6463/7314 6471/7320
f 6668/7556 6669/7558 6473/7322 6472/7321
f 6669/7558 6670/7559 6622/7475 6473/7322
f 6663/7546 6672/7560 6673/7562 6475/7323
f 6647/7518 6674/7563 6675/7566 6476/7324
f 6675/7566 6676/7567 6606/7451 6476/7324
f 6677/7570 6678/7574 6478/7327 6477/7325
f 6678/7574 6679/7573 6479/7326 6478/7327
f 6667/7554 6668/7556 6472/7321 6480/7328
f 6463/7314 6464/7315 6482/7330 6481/7329
f 6464/7315 6623/7476 6624/7478 6482/7330
f 6661/7543 6662/7545 6466/7316 6484/7331
f 6645/7514 6646/7516 6467/7317 6485/7332
f 6467/7317 6607/7452 6608/7454 6485/7332
f 6468/7453 6469/7319 6487/7333 6486/7334
f 6469/7319 6470/7318 6488/7335 6487/7333
f 6471/7320 6463/7314 6481/7329 6489/7336
f 6481/7329 6482/7330 6491/7338 6490/7337
f 6482/7330 6624/7478 6625/7479 6491/7338
f 6660/7541 6661/7543 6484/7331 6493/7339
f 6644/7512 6645/7514 6485/7332 6494/7340
f 6485/7332 6608/7454 6609/7455 6494/7340
f 6486/7334 6487/7333 6496/7398 6495/7341
f 6567/7429 6568/7428 6564/7342 6563/7431
f 6489/7336 6481/7329 6490/7337 6497/7343
f 6516/7356 6517/7357 6499/7345 6498/7344
f 6517/7357 6629/7485 6630/7486 6499/7345
f 6655/7534 6656/7535 6519/7358 6501/7346
f 6524/7361 6516/7356 6498/7344 6502/7347
f 6522/7348 6523/7360 6503/7392 6504/7391
f 6521/7461 6522/7348 6504/7391 6505/7389
f 6506/7388 6520/7359 6613/7460 6614/7463
f 6639/7502 6640/7504 6520/7359 6506/7388
f 6525/7362 6526/7363 6508/7350 6507/7349
f 6526/7363 6627/7482 6628/7483 6508/7350
f 6657/7537 6658/7538 6528/7364 6510/7351
f 6641/7506 6642/7508 6529/7366 6511/7352
f 6529/7366 6611/7456 6612/7458 6511/7352
f 6530/7368 6531/7372 6513/7354 6512/7459
f 6531/7372 6532/7371 6514/7353 6513/7354
f 6533/7373 6525/7362 6507/7349 6515/7355
f 6507/7349 6508/7350 6517/7357 6516/7356
f 6508/7350 6628/7483 6629/7485 6517/7357
f 6656/7535 6657/7537 6510/7351 6519/7358
f 6640/7504 6641/7506 6511/7352 6520/7359
f 6511/7352 6612/7458 6613/7460 6520/7359
f 6512/7459 6513/7354 6522/7348 6521/7461
f 6513/7354 6514/7353 6523/7360 6522/7348
f 6515/7355 6507/7349 6516/7356 6524/7361
f 6454/7310 6455/7311 6526/7363 6525/7362
f 6455/7311 6626/7480 6627/7482 6526/7363
f 6658/7538 6659/7540 6457/7312 6528/7364
f 6642/7508 6643/7510 6462/7365 6529/7366
f 6462/7365 6610/7457 6611/7456 6529/7366
f 6461/7367 6460/7369 6531/7372 6530/7368
f 6460/7369 6459/7370 6532/7371 6531/7372
f 6458/7313 6454/7310 6525/7362 6533/7373
f 6549/7384 6550/7385 6535/7375 6534/7374
f 6550/7385 6631/7488 6632/7489 6535/7375
f 6653/7531 6654/7532 6552/7386 6537/7376
f 6557/7395 6549/7384 6534/7374 6538/7377
f 6555/7394 6556/7393 6539/7468 6540/7467
f 6554/7390 6555/7394 6540/7467 6541/7378
f 6542/7381 6553/7387 6615/7462 6616/7464
f 6637/7498 6638/7500 6553/7387 6542/7381
f 6652/7529 6653/7531 6537/7376 6543/7379
f 6651/7530 6652/7529 6543/7379 6544/7380
f 6548/7382 6542/7381 6616/7464 6617/7466
f 6547/7383 6548/7382 6617/7466 6618/7465
f 6534/7374 6633/7492 6634/7491 6538/7377
f 6535/7375 6632/7489 6633/7492 6534/7374
f 6635/7497 6636/7496 6548/7382 6547/7383
f 6636/7496 6637/7498 6542/7381 6548/7382
f 6498/7344 6499/7345 6550/7385 6549/7384
f 6499/7345 6630/7486 6631/7488 6550/7385
f 6654/7532 6655/7534 6501/7346 6552/7386
f 6638/7500 6639/7502 6506/7388 6553/7387
f 6614/7463 6615/7462 6553/7387 6506/7388
f 6505/7389 6504/7391 6555/7394 6554/7390
f 6504/7391 6503/7392 6556/7393 6555/7394
f 6502/7347 6498/7344 6549/7384 6557/7395
f 6572/7402 6573/7403 6560/7410 6559/7396
f 6573/7403 6569/7399 6558/7404 6560/7410
f 6570/7401 6571/7400 6562/7397 6561/7406
f 6569/7399 6570/7401 6561/7406 6558/7404
f 6577/7409 6578/7411 6580/7412 6581/7413
f 6578/7411 6574/7405 6579/7416 6580/7412
f 6575/7408 6576/7407 6582/7415 6583/7414
f 6574/7405 6575/7408 6583/7414 6579/7416
f 6496/7398 6487/7333 6570/7401 6569/7399
f 6487/7333 6488/7335 6571/7400 6570/7401
f 6459/7370 6460/7369 6573/7403 6572/7402
f 6460/7369 6496/7398 6569/7399 6573/7403
f 6558/7404 6561/7406 6575/7408 6574/7405
f 6561/7406 6562/7397 6576/7407 6575/7408
f 6559/7396 6560/7410 6578/7411 6577/7409
f 6560/7410 6558/7404 6574/7405 6578/7411
f 6580/7412 6579/7416 6584/7421 6585/7417
f 6581/7413 6580/7412 6585/7417 6586/7418
f 6583/7414 6582/7415 6587/7420 6588/7419
f 6579/7416 6583/7414 6588/7419 6584/7421
f 6585/7417 6584/7421 6589/7430 6590/7422
f 6586/7418 6585/7417 6590/7422 6591/7424
f 6588/7419 6587/7420 6592/7427 6593/7426
f 6584/7421 6588/7419 6593/7426 6589/7430
f 6590/7422 6589/7430 6563/7431 6566/7423
f 6591/7424 6590/7422 6566/7423 6565/7425
f 6593/7426 6592/7427 6568/7428 6567/7429
f 6589/7430 6593/7426 6567/7429 6563/7431
f 3025/7470 6619/7469 6594/7432 2982/7433
f 6596/7434 6666/7551 3268/7550 2984/7435
f 6597/7436 6650/7525 3233/7524 2989/7437
f 3021/7449 6603/7448 6597/7436 2989/7437
f 6599/7441 6598/7438 2988/7439 2987/7442
f 6600/7440 6599/7441 2987/7442 2986/7443
f 2981/7447 6602/7446 6601/7444 2985/7445
f 6594/7432 6602/7446 2981/7447 2982/7433
f 6598/7438 6603/7448 3021/7449 2988/7439
f 6443/7308 6604/7450 6603/7448 6598/7438
f 6605/7568 6604/7450 6443/7308 6452/7569
f 6606/7451 6676/7567 6677/7570 6477/7325
f 6607/7452 6606/7451 6477/7325 6468/7453
f 6608/7454 6607/7452 6468/7453 6486/7334
f 6609/7455 6608/7454 6486/7334 6495/7341
f 6610/7457 6609/7455 6495/7341 6461/7367
f 6611/7456 6610/7457 6461/7367 6530/7368
f 6612/7458 6611/7456 6530/7368 6512/7459
f 6613/7460 6612/7458 6512/7459 6521/7461
f 6614/7463 6613/7460 6521/7461 6505/7389
f 6554/7390 6615/7462 6614/7463 6505/7389
f 6616/7464 6615/7462 6554/7390 6541/7378
f 6617/7466 6616/7464 6541/7378 6540/7467
f 6618/7465 6617/7466 6540/7467 6539/7468
f 6595/7552 6619/7469 3025/7470 2983/7553
f 6438/7471 6620/7472 6619/7469 6595/7552
f 6621/7473 6620/7472 6438/7471 6447/7474
f 6622/7475 6670/7559 6671/7561 6474/7547
f 6623/7476 6622/7475 6474/7547 6465/7477
f 6624/7478 6623/7476 6465/7477 6483/7544
f 6625/7479 6624/7478 6483/7544 6492/7542
f 6626/7480 6625/7479 6492/7542 6456/7481
f 6627/7482 6626/7480 6456/7481 6527/7539
f 6628/7483 6627/7482 6527/7539 6509/7484
f 6629/7485 6628/7483 6509/7484 6518/7536
f 6630/7486 6629/7485 6518/7536 6500/7487
f 6631/7488 6630/7486 6500/7487 6551/7533
f 6632/7489 6631/7488 6551/7533 6536/7490
f 6633/7492 6632/7489 6536/7490 6546/7528
f 6634/7491 6633/7492 6546/7528 6545/7493
f 6544/7494 6543/7495 6636/7496 6635/7497
f 6543/7495 6537/7499 6637/7498 6636/7496
f 6552/7501 6638/7500 6637/7498 6537/7499
f 6501/7503 6639/7502 6638/7500 6552/7501
f 6519/7505 6640/7504 6639/7502 6501/7503
f 6510/7507 6641/7506 6640/7504 6519/7505
f 6528/7509 6642/7508 6641/7506 6510/7507
f 6457/7511 6643/7510 6642/7508 6528/7509
f 6493/7513 6644/7512 6643/7510 6457/7511
f 6484/7515 6645/7514 6644/7512 6493/7513
f 6466/7517 6646/7516 6645/7514 6484/7515
f 6475/7519 6647/7518 6646/7516 6466/7517
f 6673/7564 6674/7563 6647/7518 6475/7519
f 6439/7523 6649/7522 6648/7520 6448/7521
f 6650/7525 6649/7522 6439/7523 6596/7526
f 3233/7524 6650/7525 6596/7526 2984/7527
f 6545/7493 6546/7528 6652/7529 6651/7530
f 6546/7528 6536/7490 6653/7531 6652/7529
f 6551/7533 6654/7532 6653/7531 6536/7490
f 6500/7487 6655/7534 6654/7532 6551/7533
f 6518/7536 6656/7535 6655/7534 6500/7487
f 6509/7484 6657/7537 6656/7535 6518/7536
f 6527/7539 6658/7538 6657/7537 6509/7484
f 6456/7481 6659/7540 6658/7538 6527/7539
f 6492/7542 6660/7541 6659/7540 6456/7481
f 6483/7544 6661/7543 6660/7541 6492/7542
f 6465/7477 6662/7545 6661/7543 6483/7544
f 6474/7547 6663/7546 6662/7545 6465/7477
f 6671/7561 6672/7560 6663/7546 6474/7547
f 6438/7471 6665/7549 6664/7548 6447/7474
f 6666/7551 6665/7549 6438/7471 6595/7552
f 3268/7550 6666/7551 6595/7552 2983/7553
f 6449/7305 6445/7555 6668/7556 6667/7554
f 6445/7555 6446/7557 6669/7558 6668/7556
f 6446/7557 6621/7473 6670/7559 6669/7558
f 6671/7561 6670/7559 6621/7473 6447/7474
f 6447/7474 6664/7548 6672/7560 6671/7561
f 6673/7562 6672/7560 6664/7548 6448/7304
f 6448/7521 6648/7520 6674/7563 6673/7564
f 6675/7566 6674/7563 6648/7520 6453/7565
f 6453/7565 6605/7568 6676/7567 6675/7566
f 6677/7570 6676/7567 6605/7568 6452/7569
f 6452/7569 6451/7571 6678/7574 6677/7570
f 6451/7571 6450/7572 6679/7573 6678/7574
f 6681/7579 6795/7721 6801/7720 6680/7582
f 6817/7753 6795/7721 6681/7579 6818/7754
f 6683/7580 6797/7575 6861/7825 6860/7824
f 6601/7576 6440/7581 6680/7582 6801/7720
f 6441/7577 6600/7578 6800/7715 6684/7584
f 6684/7584 6800/7715 6799/7725 6685/7724
f 6802/7726 6798/7711 6686/7585 6803/7727
f 6686/7585 6798/7711 6846/7795 6845/7794
f 6680/7582 6687/7829 6688/7831 6681/7579
f 6681/7579 6688/7831 6819/7833 6818/7754
f 6859/7837 6690/7836 6683/7580 6860/7824
f 6440/7581 6449/7827 6687/7829 6680/7582
f 6684/7584 6691/7849 6450/7583 6441/7577
f 6685/7724 6692/7847 6691/7849 6684/7584
f 6686/7585 6693/7841 6804/7845 6803/7727
f 6844/7842 6693/7841 6686/7585 6845/7794
f 6722/7614 6694/7642 6695/7635 6723/7607
f 6723/7607 6695/7635 6824/7759 6823/7758
f 6854/7814 6697/7636 6725/7586 6855/7816
f 6497/7587 6458/7640 6694/7642 6722/7614
f 6777/7702 6778/7704 6565/7588 6564/7589
f 6727/7736 6699/7735 6698/7681 6728/7683
f 6726/7610 6700/7638 6809/7734 6808/7737
f 6839/7783 6700/7638 6726/7610 6840/7785
f 6708/7599 6701/7606 6702/7600 6709/7593
f 6709/7593 6702/7600 6821/7756 6820/7755
f 6857/7820 6704/7601 6711/7590 6858/7822
f 6842/7789 6705/7602 6712/7595 6843/7791
f 6712/7595 6705/7602 6806/7731 6805/7729
f 6713/7728 6706/7730 6707/7603 6714/7596
f 6714/7596 6707/7603 6470/7604 6479/7591
f 6480/7592 6471/7605 6701/7606 6708/7599
f 6862/7828 6708/7599 6709/7593 6863/7830
f 6863/7830 6709/7593 6820/7755 6864/7832
f 6858/7822 6711/7590 6867/7594 6866/7838
f 6843/7791 6712/7595 6869/7840 6868/7843
f 6869/7840 6712/7595 6805/7729 6870/7844
f 6871/7846 6713/7728 6714/7596 6872/7848
f 6872/7848 6714/7596 6479/7591 6679/7597
f 6667/7598 6480/7592 6708/7599 6862/7828
f 6701/7606 6715/7615 6716/7608 6702/7600
f 6702/7600 6716/7608 6822/7757 6821/7756
f 6856/7818 6718/7609 6704/7601 6857/7820
f 6841/7787 6719/7611 6705/7602 6842/7789
f 6705/7602 6719/7611 6807/7733 6806/7731
f 6706/7730 6720/7732 6721/7677 6707/7603
f 6707/7603 6721/7677 6488/7678 6470/7604
f 6471/7605 6489/7613 6715/7615 6701/7606
f 6715/7615 6722/7614 6723/7607 6716/7608
f 6716/7608 6723/7607 6823/7758 6822/7757
f 6855/7816 6725/7586 6718/7609 6856/7818
f 6840/7785 6726/7610 6719/7611 6841/7787
f 6719/7611 6726/7610 6808/7737 6807/7733
f 6720/7732 6727/7736 6728/7683 6721/7677
f 6779/7706 6777/7702 6564/7589 6568/7612
f 6489/7613 6497/7587 6722/7614 6715/7615
f 6743/7632 6729/7669 6730/7661 6744/7623
f 6744/7623 6730/7661 6828/7763 6827/7762
f 6850/7806 6732/7662 6746/7616 6851/7808
f 6524/7617 6502/7667 6729/7669 6743/7632
f 6749/7628 6733/7666 6503/7618 6523/7619
f 6748/7744 6734/7743 6733/7666 6749/7628
f 6735/7664 6813/7742 6812/7745 6747/7626
f 6835/7775 6735/7664 6747/7626 6836/7777
f 6750/7641 6736/7633 6737/7624 6751/7634
f 6751/7634 6737/7624 6826/7761 6825/7760
f 6852/7810 6739/7625 6753/7620 6853/7812
f 6837/7779 6740/7627 6754/7637 6838/7781
f 6754/7637 6740/7627 6811/7741 6810/7739
f 6755/7738 6741/7740 6742/7629 6756/7639
f 6756/7639 6742/7629 6514/7630 6532/7621
f 6533/7622 6515/7631 6736/7633 6750/7641
f 6736/7633 6743/7632 6744/7623 6737/7624
f 6737/7624 6744/7623 6827/7762 6826/7761
f 6851/7808 6746/7616 6739/7625 6852/7810
f 6836/7777 6747/7626 6740/7627 6837/7779
f 6740/7627 6747/7626 6812/7745 6811/7741
f 6741/7740 6748/7744 6749/7628 6742/7629
f 6742/7629 6749/7628 6523/7619 6514/7630
f 6515/7631 6524/7617 6743/7632 6736/7633
f 6694/7642 6750/7641 6751/7634 6695/7635
f 6695/7635 6751/7634 6825/7760 6824/7759
f 6853/7812 6753/7620 6697/7636 6854/7814
f 6838/7781 6754/7637 6700/7638 6839/7783
f 6700/7638 6754/7637 6810/7739 6809/7734
f 6699/7735 6755/7738 6756/7639 6698/7681
f 6698/7681 6756/7639 6532/7621 6459/7679
f 6458/7640 6533/7622 6750/7641 6694/7642
f 6767/7668 6757/7657 6758/7656 6768/7660
f 6768/7660 6758/7656 6830/7766 6829/7764
f 6848/7801 6760/7648 6770/7643 6849/7804
f 6557/7644 6538/7654 6757/7657 6767/7668
f 6773/7665 6761/7751 6539/7645 6556/7646
f 6772/7748 6762/7747 6761/7751 6773/7665
f 6763/7651 6815/7746 6814/7749 6771/7663
f 6833/7770 6763/7651 6771/7663 6834/7773
f 6847/7800 6764/7647 6760/7648 6848/7801
f 6651/7649 6544/7650 6764/7647 6847/7800
f 6766/7659 6816/7750 6815/7746 6763/7651
f 6547/7652 6618/7653 6816/7750 6766/7659
f 6757/7657 6538/7654 6634/7655 6831/7765
f 6758/7656 6757/7657 6831/7765 6830/7766
f 6635/7658 6547/7652 6766/7659 6832/7769
f 6832/7769 6766/7659 6763/7651 6833/7770
f 6729/7669 6767/7668 6768/7660 6730/7661
f 6730/7661 6768/7660 6829/7764 6828/7763
f 6849/7804 6770/7643 6732/7662 6850/7806
f 6834/7773 6771/7663 6735/7664 6835/7775
f 6813/7742 6735/7664 6771/7663 6814/7749
f 6734/7743 6772/7748 6773/7665 6733/7666
f 6733/7666 6773/7665 6556/7646 6503/7618
f 6502/7667 6557/7644 6767/7668 6729/7669
f 6572/7670 6559/7687 6775/7689 6782/7680
f 6782/7680 6775/7689 6774/7691 6780/7682
f 6781/7676 6776/7685 6562/7686 6571/7671
f 6780/7682 6774/7691 6776/7685 6781/7676
f 6577/7672 6581/7673 6787/7694 6785/7688
f 6785/7688 6787/7694 6786/7692 6783/7690
f 6784/7684 6788/7696 6582/7674 6576/7675
f 6783/7690 6786/7692 6788/7696 6784/7684
f 6728/7683 6780/7682 6781/7676 6721/7677
f 6721/7677 6781/7676 6571/7671 6488/7678
f 6459/7679 6572/7670 6782/7680 6698/7681
f 6698/7681 6782/7680 6780/7682 6728/7683
f 6774/7691 6783/7690 6784/7684 6776/7685
f 6776/7685 6784/7684 6576/7675 6562/7686
f 6559/7687 6577/7672 6785/7688 6775/7689
f 6775/7689 6785/7688 6783/7690 6774/7691
f 6787/7694 6790/7699 6789/7697 6786/7692
f 6581/7673 6586/7693 6790/7699 6787/7694
f 6788/7696 6791/7701 6587/7695 6582/7674
f 6786/7692 6789/7697 6791/7701 6788/7696
f 6790/7699 6793/7705 6792/7703 6789/7697
f 6586/7693 6591/7698 6793/7705 6790/7699
f 6791/7701 6794/7707 6592/7700 6587/7695
f 6789/7697 6792/7703 6794/7707 6791/7701
f 6793/7705 6778/7704 6777/7702 6792/7703
f 6591/7698 6565/7588 6778/7704 6793/7705
f 6794/7707 6779/7706 6568/7612 6592/7700
f 6792/7703 6777/7702 6779/7706 6794/7707
f 6182/7708 6145/7722 6795/7721 6817/7753
f 6797/7575 6147/7709 6410/7710 6861/7825
f 6798/7711 6150/7712 6377/7713 6846/7795
f 6178/7714 6150/7712 6798/7711 6802/7726
f 6800/7715 6148/7716 6149/7723 6799/7725
f 6600/7578 2986/7717 6148/7716 6800/7715
f 6144/7718 2985/7719 6601/7576 6801/7720
f 6795/7721 6145/7722 6144/7718 6801/7720
f 6799/7725 6149/7723 6178/7714 6802/7726
f 6685/7724 6799/7725 6802/7726 6803/7727
f 6804/7845 6692/7847 6685/7724 6803/7727
f 6805/7729 6713/7728 6871/7846 6870/7844
f 6806/7731 6706/7730 6713/7728 6805/7729
f 6807/7733 6720/7732 6706/7730 6806/7731
f 6808/7737 6727/7736 6720/7732 6807/7733
f 6809/7734 6699/7735 6727/7736 6808/7737
f 6810/7739 6755/7738 6699/7735 6809/7734
f 6811/7741 6741/7740 6755/7738 6810/7739
f 6812/7745 6748/7744 6741/7740 6811/7741
f 6813/7742 6734/7743 6748/7744 6812/7745
f 6772/7748 6734/7743 6813/7742 6814/7749
f 6815/7746 6762/7747 6772/7748 6814/7749
f 6816/7750 6761/7751 6762/7747 6815/7746
f 6618/7653 6539/7645 6761/7751 6816/7750
f 6796/7826 6146/7752 6182/7708 6817/7753
f 6682/7823 6796/7826 6817/7753 6818/7754
f 6819/7833 6689/7835 6682/7823 6818/7754
f 6820/7755 6710/7821 6865/7834 6864/7832
f 6821/7756 6703/7819 6710/7821 6820/7755
f 6822/7757 6717/7817 6703/7819 6821/7756
f 6823/7758 6724/7815 6717/7817 6822/7757
f 6824/7759 6696/7813 6724/7815 6823/7758
f 6825/7760 6752/7811 6696/7813 6824/7759
f 6826/7761 6738/7809 6752/7811 6825/7760
f 6827/7762 6745/7807 6738/7809 6826/7761
f 6828/7763 6731/7805 6745/7807 6827/7762
f 6829/7764 6769/7803 6731/7805 6828/7763
f 6830/7766 6759/7802 6769/7803 6829/7764
f 6831/7765 6765/7799 6759/7802 6830/7766
f 6634/7655 6545/7798 6765/7799 6831/7765
f 6544/7767 6635/7658 6832/7769 6764/7768
f 6764/7768 6832/7769 6833/7770 6760/7771
f 6770/7772 6760/7771 6833/7770 6834/7773
f 6732/7774 6770/7772 6834/7773 6835/7775
f 6746/7776 6732/7774 6835/7775 6836/7777
f 6739/7778 6746/7776 6836/7777 6837/7779
f 6753/7780 6739/7778 6837/7779 6838/7781
f 6697/7782 6753/7780 6838/7781 6839/7783
f 6725/7784 6697/7782 6839/7783 6840/7785
f 6718/7786 6725/7784 6840/7785 6841/7787
f 6704/7788 6718/7786 6841/7787 6842/7789
f 6711/7790 6704/7788 6842/7789 6843/7791
f 6867/7792 6711/7790 6843/7791 6868/7843
f 6683/7793 6690/7839 6844/7842 6845/7794
f 6846/7795 6797/7796 6683/7793 6845/7794
f 6377/7713 6147/7797 6797/7796 6846/7795
f 6545/7798 6651/7649 6847/7800 6765/7799
f 6765/7799 6847/7800 6848/7801 6759/7802
f 6769/7803 6759/7802 6848/7801 6849/7804
f 6731/7805 6769/7803 6849/7804 6850/7806
f 6745/7807 6731/7805 6850/7806 6851/7808
f 6738/7809 6745/7807 6851/7808 6852/7810
f 6752/7811 6738/7809 6852/7810 6853/7812
f 6696/7813 6752/7811 6853/7812 6854/7814
f 6724/7815 6696/7813 6854/7814 6855/7816
f 6717/7817 6724/7815 6855/7816 6856/7818
f 6703/7819 6717/7817 6856/7818 6857/7820
f 6710/7821 6703/7819 6857/7820 6858/7822
f 6865/7834 6710/7821 6858/7822 6866/7838
f 6682/7823 6689/7835 6859/7837 6860/7824
f 6861/7825 6796/7826 6682/7823 6860/7824
f 6410/7710 6146/7752 6796/7826 6861/7825
f 6449/7827 6667/7598 6862/7828 6687/7829
f 6687/7829 6862/7828 6863/7830 6688/7831
f 6688/7831 6863/7830 6864/7832 6819/7833
f 6865/7834 6689/7835 6819/7833 6864/7832
f 6689/7835 6865/7834 6866/7838 6859/7837
f 6867/7594 6690/7836 6859/7837 6866/7838
f 6690/7839 6867/7792 6868/7843 6844/7842
f 6869/7840 6693/7841 6844/7842 6868/7843
f 6693/7841 6869/7840 6870/7844 6804/7845
f 6871/7846 6692/7847 6804/7845 6870/7844
f 6692/7847 6871/7846 6872/7848 6691/7849
f 6691/7849 6872/7848 6679/7597 6450/7583
f 6992/7975 6969/7952 6873/8117 6874/8114
f 6991/7974 6992/7975 6874/8114 6875/8113
f 6990/7973 6991/7974 6875/8113 6876/8111
f 6989/7972 6990/7973 6876/8111 6877/8047
f 6988/7971 6989/7972 6877/8047 6878/8025
f 6987/7970 6988/7971 6878/8025 6879/8018
f 6986/7969 6987/7970 6879/8018 6880/8031
f 6985/7968 6986/7969 6880/8031 6881/8039
f 6984/7967 6985/7968 6881/8039 6882/8016
f 6981/7964 6982/7965 6884/8021 6883/8017
f 6983/7966 6984/7967 6882/8016 6885/8065
f 6973/7956 6974/7957 6887/7857 6886/7850
f 6977/7960 6978/7961 6889/7854 6888/7851
f 6980/7963 6981/7964 6883/8017 6890/7852
f 6970/7953 6971/7954 6891/7859 6892/8119
f 6982/7965 6983/7966 6885/8065 6884/8021
f 6979/7962 6980/7963 6890/7852 6893/7853
f 6978/7961 6979/7962 6893/7853 6889/7854
f 6976/7959 6977/7960 6888/7851 6894/7855
f 6975/7958 6976/7959 6894/7855 6895/7856
f 6974/7957 6975/7958 6895/7856 6887/7857
f 6972/7955 6973/7956 6886/7850 6896/7858
f 6971/7954 6972/7955 6896/7858 6891/7859
f 6969/7952 6970/7953 6892/8119 6873/8117
f 3296/7860 3299/7861 6967/7949 6968/7950
f 3299/7861 3302/7862 6966/7948 6967/7949
f 3302/7862 3305/7863 6965/7947 6966/7948
f 3305/7863 3308/7864 6964/7946 6965/7947
f 3308/7864 3383/7878 6963/7945 6964/7946
f 3311/7865 3399/7880 6960/7942 6961/7943
f 3319/7866 3296/7860 6968/7950 6945/7951
f 3463/7867 3471/7883 6947/7929 6948/7930
f 3360/7868 3463/7867 6948/7930 6949/7931
f 3455/7869 3360/7868 6949/7931 6950/7932
f 3447/7870 3455/7869 6950/7932 6951/7933
f 3439/7871 3447/7870 6951/7933 6952/7934
f 3363/7872 3439/7871 6952/7934 6953/7935
f 3431/7873 3363/7872 6953/7935 6954/7936
f 3415/7874 3431/7873 6954/7936 6955/7937
f 3430/7875 3415/7874 6955/7937 6956/7938
f 3486/7876 3319/7866 6945/7951 6946/7928
f 3315/7877 3314/7882 6957/7939 6958/7940
f 3383/7878 3391/7879 6962/7944 6963/7945
f 3391/7879 3311/7865 6961/7943 6962/7944
f 3399/7880 3407/7881 6959/7941 6960/7942
f 3407/7881 3315/7877 6958/7940 6959/7941
f 3314/7882 3430/7875 6956/7938 6957/7939
f 3471/7883 3486/7876 6946/7928 6947/7929
f 25/7884 192/7886 6922/7887 6921/7885
f 192/7886 177/171 6923/7888 6922/7887
f 177/171 169/7889 6924/7890 6923/7888
f 169/7889 66/7891 6925/7892 6924/7890
f 66/7891 161/54 6926/7893 6925/7892
f 161/54 153/7894 6927/7895 6926/7893
f 153/7894 145/7896 6928/7897 6927/7895
f 145/7896 69/7898 6929/7899 6928/7897
f 69/7898 137/63 6930/7900 6929/7899
f 137/63 121/7901 6931/7902 6930/7900
f 121/7901 136/134 6932/7903 6931/7902
f 136/134 20/7904 6933/7905 6932/7903
f 20/7904 21/7906 6934/7907 6933/7905
f 21/7906 113/7908 6935/7909 6934/7907
f 113/7908 105/7910 6936/7911 6935/7909
f 105/7910 17/7912 6937/7913 6936/7911
f 17/7912 97/7914 6938/7915 6937/7913
f 97/7914 89/7916 6939/7917 6938/7915
f 89/7916 14/7918 6940/7919 6939/7917
f 14/7918 11/7920 6941/7921 6940/7919
f 11/7920 8/7922 6942/7923 6941/7921
f 8/7922 5/7924 6943/7925 6942/7923
f 5/7924 2/7926 6944/7927 6943/7925
f 2/7926 25/7884 6921/7885 6944/7927
f 6946/7928 6945/7951 6993/8014 6994/7976
f 6947/7929 6946/7928 6994/7976 6995/7978
f 6948/7930 6947/7929 6995/7978 6996/7980
f 6949/7931 6948/7930 6996/7980 6997/7981
f 6950/7932 6949/7931 6997/7981 6998/7982
f 6951/7933 6950/7932 6998/7982 6999/7983
f 6952/7934 6951/7933 6999/7983 7000/7984
f 6953/7935 6952/7934 7000/7984 7001/7985
f 6954/7936 6953/7935 7001/7985 7002/7986
f 6955/7937 6954/7936 7002/7986 7003/7987
f 6956/7938 6955/7937 7003/7987 7004/7988
f 6957/7939 6956/7938 7004/7988 7005/7990
f 6958/7940 6957/7939 7005/7990 7006/7992
f 6959/7941 6958/7940 7006/7992 7007/7994
f 6960/7942 6959/7941 7007/7994 7008/7996
f 6961/7943 6960/7942 7008/7996 7009/7998
f 6962/7944 6961/7943 7009/7998 7010/8000
f 6963/7945 6962/7944 7010/8000 7011/8002
f 6964/7946 6963/7945 7011/8002 7012/8004
f 6965/7947 6964/7946 7012/8004 7013/8006
f 6966/7948 6965/7947 7013/8006 7014/8008
f 6967/7949 6966/7948 7014/8008 7015/8010
f 6968/7950 6967/7949 7015/8010 7016/8012
f 6945/7951 6968/7950 7016/8012 6993/8014
f 6921/7885 6922/7887 6970/7953 6969/7952
f 6922/7887 6923/7888 6971/7954 6970/7953
f 6923/7888 6924/7890 6972/7955 6971/7954
f 6924/7890 6925/7892 6973/7956 6972/7955
f 6925/7892 6926/7893 6974/7957 6973/7956
f 6926/7893 6927/7895 6975/7958 6974/7957
f 6927/7895 6928/7897 6976/7959 6975/7958
f 6928/7897 6929/7899 6977/7960 6976/7959
f 6929/7899 6930/7900 6978/7961 6977/7960
f 6930/7900 6931/7902 6979/7962 6978/7961
f 6931/7902 6932/7903 6980/7963 6979/7962
f 6932/7903 6933/7905 6981/7964 6980/7963
f 6933/7905 6934/7907 6982/7965 6981/7964
f 6934/7907 6935/7909 6983/7966 6982/7965
f 6935/7909 6936/7911 6984/7967 6983/7966
f 6936/7911 6937/7913 6985/7968 6984/7967
f 6937/7913 6938/7915 6986/7969 6985/7968
f 6938/7915 6939/7917 6987/7970 6986/7969
f 6939/7917 6940/7919 6988/7971 6987/7970
f 6940/7919 6941/7921 6989/7972 6988/7971
f 6941/7921 6942/7923 6990/7973 6989/7972
f 6942/7923 6943/7925 6991/7974 6990/7973
f 6943/7925 6944/7927 6992/7975 6991/7974
f 6944/7927 6921/7885 6969/7952 6992/7975
f 6994/7976 6993/8014 6905/8015 6916/7977
f 6995/7978 6994/7976 6916/7977 6906/7979
f 6996/7980 6995/7978 6906/7979 6907/8104
f 6997/7981 6996/7980 6907/8104 6908/8053
f 6998/7982 6997/7981 6908/8053 6909/8030
f 6999/7983 6998/7982 6909/8030 6910/8020
f 7000/7984 6999/7983 6910/8020 6911/8038
f 7001/7985 7000/7984 6911/8038 6912/8046
f 7002/7986 7001/7985 6912/8046 6913/8060
f 7003/7987 7002/7986 6913/8060 6914/8082
f 7004/7988 7003/7987 6914/8082 6915/7989
f 7005/7990 7004/7988 6915/7989 6917/7991
f 7006/7992 7005/7990 6917/7991 6918/7993
f 7007/7994 7006/7992 6918/7993 6920/7995
f 7008/7996 7007/7994 6920/7995 6904/7997
f 7009/7998 7008/7996 6904/7997 6903/7999
f 7010/8000 7009/7998 6903/7999 6919/8001
f 7011/8002 7010/8000 6919/8001 6902/8003
f 7012/8004 7011/8002 6902/8003 6901/8005
f 7013/8006 7012/8004 6901/8005 6900/8007
f 7014/8008 7013/8006 6900/8007 6899/8009
f 7015/8010 7014/8008 6899/8009 6898/8011
f 7016/8012 7015/8010 6898/8011 6897/8013
f 6993/8014 7016/8012 6897/8013 6905/8015
f 6882/8016 7111/8133 7058/8134 6885/8065
f 6907/8104 7110/8132 7092/8105 6908/8053
f 6883/8017 7048/8055 7049/8056 6890/7852
f 6897/8013 7106/8125 7107/8127 6905/8015
f 6878/8025 7078/8085 7079/8087 6879/8018
f 7024/8026 7025/8027 7021/8023 7017/8019
f 7018/8029 7020/8022 7032/8035 7033/8036
f 6910/8020 7094/8107 7095/8108 6911/8038
f 7023/8063 7024/8026 7017/8019 7019/8064
f 6884/8021 7047/8054 7048/8055 6883/8017
f 6898/8011 7105/8122 7106/8125 6897/8013
f 7061/8067 7062/8068 7032/8035 7020/8022
f 7066/8073 7067/8074 7021/8023 7025/8027
f 6890/7852 7049/8056 7070/8135 6893/7853
f 6905/8015 7107/8127 7108/8129 6916/7977
f 7033/8036 7034/8037 7022/8024 7018/8029
f 6877/8047 7077/8084 7078/8085 6878/8025
f 7041/8048 7042/8049 7024/8026 7023/8063
f 7042/8049 7043/8050 7025/8027 7024/8026
f 7065/8072 7066/8073 7025/8027 7043/8050
f 7026/8028 7060/8066 7061/8067 7020/8022
f 7027/8051 7026/8028 7020/8022 7018/8029
f 7028/8052 7027/8051 7018/8029 7022/8024
f 6909/8030 7093/8106 7094/8107 6910/8020
f 6879/8018 7079/8087 7080/8089 6880/8031
f 7030/8033 7029/8032 7019/8064 7017/8019
f 7031/8034 7030/8033 7017/8019 7021/8023
f 7067/8074 7068/8075 7031/8034 7021/8023
f 7062/8068 7063/8069 7038/8043 7032/8035
f 7033/8036 7032/8035 7038/8043 7039/8044
f 7039/8044 7040/8045 7034/8037 7033/8036
f 6911/8038 7095/8108 7096/8109 6912/8046
f 6880/8031 7080/8089 7081/8091 6881/8039
f 7036/8041 7035/8040 7029/8032 7030/8033
f 7037/8042 7036/8041 7030/8033 7031/8034
f 7068/8075 7069/8076 7037/8042 7031/8034
f 7063/8069 7064/8070 7050/8057 7038/8043
f 7039/8044 7038/8043 7050/8057 7051/8058
f 7051/8058 7052/8059 7040/8045 7039/8044
f 6912/8046 7096/8109 7114/8061 6913/8060
f 6876/8111 7097/8110 7077/8084 6877/8047
f 7099/8115 7100/8116 7042/8049 7041/8048
f 7100/8116 7101/8118 7043/8050 7042/8049
f 7101/8118 7102/8121 7065/8072 7043/8050
f 7044/8126 7059/8124 7060/8066 7026/8028
f 7045/8128 7044/8126 7026/8028 7027/8051
f 7046/8130 7045/8128 7027/8051 7028/8052
f 6908/8053 7092/8105 7093/8106 6909/8030
f 6881/8039 7081/8091 7111/8133 6882/8016
f 7048/8055 7047/8054 7035/8040 7036/8041
f 7049/8056 7048/8055 7036/8041 7037/8042
f 7069/8076 7070/8135 7049/8056 7037/8042
f 6918/7993 7050/8057 7064/8070 6920/7995
f 7051/8058 7050/8057 6918/7993 6917/7991
f 6915/7989 7052/8059 7051/8058 6917/7991
f 6913/8060 7114/8061 7076/8083 6914/8082
f 7098/8112 7099/8115 7041/8048 7053/8062
f 7054/8086 7053/8062 7041/8048 7023/8063
f 7055/8088 7054/8086 7023/8063 7019/8064
f 7056/8090 7055/8088 7019/8064 7029/8032
f 7057/8092 7056/8090 7029/8032 7035/8040
f 7058/8134 7057/8092 7035/8040 7047/8054
f 6885/8065 7058/8134 7047/8054 6884/8021
f 6898/8011 6899/8009 7104/8123 7105/8122
f 7060/8066 7059/8124 7082/8093 7083/8094
f 7061/8067 7060/8066 7083/8094 7084/8095
f 7084/8095 7085/8096 7062/8068 7061/8067
f 7085/8096 7086/8097 7063/8069 7062/8068
f 7112/8071 7064/8070 7063/8069 7086/8097
f 6920/7995 7064/8070 7112/8071 6904/7997
f 7102/8121 7103/8120 7087/8098 7065/8072
f 7087/8098 7088/8099 7066/8073 7065/8072
f 7088/8099 7089/8100 7067/8074 7066/8073
f 7089/8100 7090/8101 7068/8075 7067/8074
f 7090/8101 7091/8102 7069/8076 7068/8075
f 6893/7853 7070/8135 7113/8103 6889/7854
f 6916/7977 7108/8129 7109/8131 6906/7979
f 7072/8078 7071/8077 7046/8130 7028/8052
f 7073/8079 7072/8078 7028/8052 7022/8024
f 7074/8080 7073/8079 7022/8024 7034/8037
f 7075/8081 7074/8080 7034/8037 7040/8045
f 7076/8083 7075/8081 7040/8045 7052/8059
f 6914/8082 7076/8083 7052/8059 6915/7989
f 7097/8110 7098/8112 7053/8062 7077/8084
f 7078/8085 7077/8084 7053/8062 7054/8086
f 7079/8087 7078/8085 7054/8086 7055/8088
f 7080/8089 7079/8087 7055/8088 7056/8090
f 7081/8091 7080/8089 7056/8090 7057/8092
f 7082/8093 7104/8123 6899/8009 6900/8007
f 7083/8094 7082/8093 6900/8007 6901/8005
f 7084/8095 7083/8094 6901/8005 6902/8003
f 6919/8001 7085/8096 7084/8095 6902/8003
f 6903/7999 7086/8097 7085/8096 6919/8001
f 6904/7997 7112/8071 7086/8097 6903/7999
f 6886/7850 7087/8098 7103/8120 6896/7858
f 6887/7857 7088/8099 7087/8098 6886/7850
f 6895/7856 7089/8100 7088/8099 6887/7857
f 6894/7855 7090/8101 7089/8100 6895/7856
f 6888/7851 7091/8102 7090/8101 6894/7855
f 6889/7854 7113/8103 7091/8102 6888/7851
f 6906/7979 7109/8131 7110/8132 6907/8104
f 7093/8106 7092/8105 7071/8077 7072/8078
f 7094/8107 7093/8106 7072/8078 7073/8079
f 7095/8108 7094/8107 7073/8079 7074/8080
f 7096/8109 7095/8108 7074/8080 7075/8081
f 7114/8061 7096/8109 7075/8081 7076/8083
f 6875/8113 7098/8112 7097/8110 6876/8111
f 6874/8114 7099/8115 7098/8112 6875/8113
f 6874/8114 6873/8117 7100/8116 7099/8115
f 6892/8119 7101/8118 7100/8116 6873/8117
f 6891/7859 7102/8121 7101/8118 6892/8119
f 6896/7858 7103/8120 7102/8121 6891/7859
f 7105/8122 7104/8123 7082/8093 7059/8124
f 7106/8125 7105/8122 7059/8124 7044/8126
f 7107/8127 7106/8125 7044/8126 7045/8128
f 7108/8129 7107/8127 7045/8128 7046/8130
f 7109/8131 7108/8129 7046/8130 7071/8077
f 7110/8132 7109/8131 7071/8077 7092/8105
f 7111/8133 7081/8091 7057/8092 7058/8134
f 7113/8103 7070/8135 7069/8076 7091/8102
f 7116/8137 7115/8136 1510/1371 1511/1372
f 7117/8138 7116/8137 1511/1372 1512/1373
f 7118/8139 7117/8138 1512/1373 1513/1374
f 7119/8140 7118/8139 1513/1374 1514/1375
f 7120/8141 7119/8140 1514/1375 1515/1376
f 7121/8142 7120/8141 1515/1376 1516/1377
f 7122/8143 7121/8142 1516/1377 1517/1378
f 7123/8144 7122/8143 1517/1378 1518/1379
f 7124/1280 7123/8144 1518/1379 1519/8145
f 7125/8146 7124/1280 1519/8145 1520/1380
f 7126/8148 7125/8147 1520/1381 1521/1382
f 7127/1228 7126/8148 1521/1382 1522/8149
f 7128/1229 7127/1228 1522/8149 1523/8150
f 7129/1230 7128/1229 1523/8150 1524/8151
f 7130/1231 7129/1230 1524/8151 1525/8152
f 7131/1232 7130/1231 1525/8152 1526/8153
f 7132/8155 7131/1232 1526/8153 1527/1369
f 7115/8154 7132/8155 1527/1369 1510/1370
f 1405/8156 1406/8157 7152/8158 7151/8159
f 1406/8157 1394/8160 7153/8161 7152/8158
f 1394/8162 1431/8164 7154/8167 7153/8163
f 1431/8164 1393/8165 7155/8166 7154/8167
f 1393/8165 1392/8168 7156/8169 7155/8166
f 1392/8168 1391/8170 7157/8171 7156/8169
f 1391/8170 1390/8172 7158/8173 7157/8171
f 1390/8172 1389/8174 7159/8175 7158/8173
f 1389/8174 1388/8176 7160/8177 7159/8175
f 1388/8176 1387/8178 7161/8179 7160/8177
f 1387/8178 1439/8180 7162/8181 7161/8179
f 1439/8180 1386/8182 7163/8183 7162/8181
f 1411/8184 7164/8185 7163/8186 1386/1251
f 1411/8184 1410/8187 7165/8188 7164/8185
f 1410/8187 1409/8189 7166/8190 7165/8188
f 1409/8189 1408/8191 7167/8192 7166/8190
f 1408/8191 1407/8193 7168/8194 7167/8192
f 1407/8193 1405/8156 7151/8159 7168/8194
f 7170/8196 7169/8234 7145/8233 7144/8197
f 7171/8195 7170/8196 7144/8197 7143/8198
f 7142/8199 7172/8200 7171/8201 7143/8202
f 7173/8203 7172/8200 7142/8199 7141/8204
f 7174/8205 7173/8203 7141/8204 7140/8206
f 7175/8207 7174/8205 7140/8206 7139/8208
f 7176/8209 7175/8207 7139/8208 7138/8210
f 7177/8211 7176/8209 7138/8210 7137/8212
f 7178/8213 7177/8211 7137/8212 7136/8214
f 7179/8215 7178/8213 7136/8214 7135/8216
f 7180/8218 7179/8215 7135/8216 7134/8219
f 7181/8217 7180/8218 7134/8219 7133/8220
f 7182/8225 7181/8221 7133/8222 7150/8226
f 7149/8223 7183/8224 7182/8225 7150/8226
f 7148/8227 7184/8228 7183/8224 7149/8223
f 7147/8229 7185/8230 7184/8228 7148/8227
f 7146/8231 7186/8232 7185/8230 7147/8229
f 7145/8233 7169/8234 7186/8232 7146/8231
